date,time,open,high,low,close
2019.01.01,16:00,6334.159,6369.77,6330.06,6363.27
2019.01.01,20:00,6363.36,6369.57,6244.359,6262.17
2019.01.02,00:00,6262.07,6271.159,6139.57,6158.76
2019.01.02,04:00,6158.76,6210.27,6156.76,6182.07
2019.01.02,08:00,6180.76,6357.07,6171.359,6311.969
2019.01.02,12:00,6312.069,6397.56,6306.67,6359.97
2019.01.02,16:00,6359.97,6366.27,6194.06,6211.969
2019.01.02,20:00,6211.969,6239.37,6207.369,6218.86
2019.01.03,00:00,6218.559,6221.86,6174.66,6189.06
2019.01.03,04:00,6189.06,6232.359,6174.459,6232.359
2019.01.03,08:00,6232.359,6290.57,6157.769,6241.96
2019.01.03,12:00,6241.859,6251.269,6137.37,6146.77
2019.01.03,16:00,6146.77,6170.859,6124.87,6133.969
2019.01.03,20:00,6133.969,6196.27,6132.37,6191.869
2019.01.04,00:00,6191.869,6248.169,6185.759,6231.37
2019.01.04,04:00,6230.76,6273.37,6221.86,6239.369
2019.01.04,08:00,6239.369,6403.57,6215.659,6391.86
2019.01.04,12:00,6391.86,6449.07,6380.869,6419.06
2019.01.04,16:00,6419.56,6425.56,6409.87,6415.369
2019.01.06,16:00,6431.269,6477.269,6421.76,6454.76
2019.01.06,20:00,6454.76,6464.069,6432.56,6436.459
2019.01.07,00:00,6436.459,6448.97,6407.36,6408.97
2019.01.07,04:00,6408.87,6420.769,6385.56,6414.27
2019.01.07,08:00,6414.27,6507.57,6397.07,6505.76
2019.01.07,12:00,6505.76,6522.47,6468.859,6488.069
2019.01.07,16:00,6488.069,6501.57,6476.96,6499.77
2019.01.07,20:00,6499.77,6515.769,6486.57,6514.459
2019.01.08,00:00,6514.459,6522.47,6488.36,6517.76
2019.01.08,04:00,6517.76,6543.069,6503.459,6530.359
2019.01.08,08:00,6530.359,6572.47,6454.97,6507.559
2019.01.08,12:00,6507.559,6558.759,6497.66,6551.559
2019.01.08,16:00,6550.469,6564.47,6533.56,6555.659
2019.01.08,20:00,6555.659,6595.569,6553.959,6583.669
2019.01.09,00:00,6583.669,6588.259,6548.769,6571.67
2019.01.09,04:00,6571.269,6583.469,6552.959,6573.16
2019.01.09,08:00,6573.07,6614.76,6547.66,6603.169
2019.01.09,12:00,6603.169,6631.77,6579.26,6601.47
2019.01.09,16:00,6602.07,6604.769,6562.169,6562.97
2019.01.09,20:00,6562.97,6571.16,6539.46,6569.169
2019.01.10,00:00,6569.169,6570.67,6526.969,6536.16
2019.01.10,04:00,6536.06,6561.16,6534.959,6554.159
2019.01.10,08:00,6553.959,6597.36,6514.96,6593.76
2019.01.10,12:00,6593.269,6624.969,6552.959,6619.069
2019.01.10,16:00,6619.069,6628.87,6598.76,6607.47
2019.01.10,20:00,6607.47,6613.869,6591.069,6600.569
2019.01.11,00:00,6600.76,6618.759,6597.76,6613.769
2019.01.11,04:00,6613.769,6617.06,6585.46,6585.47
2019.01.11,08:00,6585.77,6594.66,6559.56,6588.76
2019.01.11,12:00,6588.76,6604.97,6571.669,6600.56
2019.01.11,16:00,6601.07,6603.56,6598.37,6601.87
2019.01.13,16:00,6582.87,6589.56,6563.96,6569.259
2019.01.13,20:00,6569.259,6572.27,6529.859,6537.959
2019.01.14,00:00,6538.269,6549.06,6521.959,6537.26
2019.01.14,04:00,6537.46,6548.47,6513.97,6528.26
2019.01.14,08:00,6528.26,6566.569,6510.869,6554.969
2019.01.14,12:00,6555.07,6568.06,6533.07,6540.67
2019.01.14,16:00,6539.67,6557.56,6528.959,6554.36
2019.01.14,20:00,6554.459,6586.659,6551.97,6580.86
2019.01.15,00:00,6580.969,6594.169,6566.96,6570.17
2019.01.15,04:00,6570.07,6574.459,6549.36,6560.97
2019.01.15,08:00,6560.969,6665.27,6551.059,6663.26
2019.01.15,12:00,6663.469,6677.56,6616.37,6668.86
2019.01.15,16:00,6668.56,6677.97,6656.36,6665.77
2019.01.15,20:00,6665.77,6678.059,6650.46,6674.27
2019.01.16,00:00,6674.27,6684.56,6663.86,6670.26
2019.01.16,04:00,6670.459,6676.77,6657.269,6672.069
2019.01.16,08:00,6672.069,6724.069,6663.16,6672.97
2019.01.16,12:00,6672.97,6693.969,6663.57,6667.36
2019.01.16,16:00,6667.36,6669.97,6640.66,6648.17
2019.01.16,20:00,6648.17,6655.06,6627.169,6637.67
2019.01.17,00:00,6637.67,6640.47,6598.96,6622.67
2019.01.17,04:00,6622.67,6632.86,6610.16,6628.86
2019.01.17,08:00,6628.969,6686.77,6628.059,6678.57
2019.01.17,12:00,6679.27,6749.06,6670.47,6719.06
2019.01.17,16:00,6720.06,6734.659,6699.26,6721.959
2019.01.17,20:00,6722.059,6737.06,6719.96,6722.56
2019.01.18,00:00,6722.659,6729.759,6716.67,6724.16
2019.01.18,04:00,6724.26,6744.76,6720.059,6740.97
2019.01.18,08:00,6740.97,6805.87,6725.569,6802.069
2019.01.18,12:00,6802.93,6817.37,6759.86,6783.259
2019.01.18,16:00,6784.069,6787.27,6775.259,6781.77
2019.01.20,16:00,6773.769,6781.76,6762.27,6765.56
2019.01.20,20:00,6765.559,6767.96,6744.959,6761.67
2019.01.21,00:00,6761.759,6763.77,6746.26,6747.959
2019.01.21,04:00,6747.769,6756.66,6734.96,6752.16
2019.01.21,08:00,6752.16,6759.67,6730.56,6748.26
2019.01.21,12:00,6748.559,6755.76,6743.76,6751.27
2019.01.21,16:00,6742.959,6766.059,6735.659,6739.16
2019.01.21,20:00,6739.27,6748.259,6716.759,6722.46
2019.01.22,00:00,6722.46,6731.67,6709.67,6727.77
2019.01.22,04:00,6728.069,6737.17,6709.669,6727.16
2019.01.22,08:00,6727.56,6737.569,6670.76,6672.26
2019.01.22,12:00,6672.07,6685.57,6600.77,6653.56
2019.01.22,16:00,6653.66,6662.269,6628.169,6647.17
2019.01.22,20:00,6647.259,6672.97,6642.66,6662.67
2019.01.23,00:00,6662.959,6663.17,6626.56,6642.66
2019.01.23,04:00,6642.66,6682.76,6641.26,6675.97
2019.01.23,08:00,6676.07,6712.57,6595.669,6603.87
2019.01.23,12:00,6603.66,6659.56,6582.46,6658.86
2019.01.23,16:00,6659.259,6664.27,6643.56,6658.569
2019.01.23,20:00,6658.569,6683.97,6646.859,6662.26
2019.01.24,00:00,6662.47,6676.36,6650.76,6672.96
2019.01.24,04:00,6672.959,6696.26,6667.56,6684.76
2019.01.24,08:00,6684.759,6709.06,6652.559,6699.669
2019.01.24,12:00,6699.669,6706.57,6655.56,6700.06
2019.01.24,16:00,6700.97,6701.76,6665.759,6684.769
2019.01.24,20:00,6684.67,6739.76,6673.97,6723.27
2019.01.25,00:00,6723.27,6735.759,6707.67,6731.169
2019.01.25,04:00,6731.169,6742.26,6717.46,6728.27
2019.01.25,08:00,6734.849,6795.069,6732.059,6794.07
2019.01.25,12:00,6794.27,6802.469,6768.859,6785.059
2019.01.25,16:00,6785.059,6785.87,6777.06,6782.77
2019.01.27,16:00,6777.46,6782.47,6760.559,6766.259
2019.01.27,20:00,6766.259,6773.86,6754.36,6766.97
2019.01.28,00:00,6766.97,6767.069,6734.869,6739.469
2019.01.28,04:00,6739.469,6755.069,6737.46,6742.769
2019.01.28,08:00,6742.57,6746.37,6644.56,6648.869
2019.01.28,12:00,6649.06,6697.869,6642.369,6697.67
2019.01.28,16:00,6697.369,6700.169,6657.359,6657.359
2019.01.28,20:00,6657.569,6668.67,6653.369,6667.369
2019.01.29,00:00,6667.369,6684.86,6658.06,6670.859
2019.01.29,04:00,6670.859,6706.86,6670.16,6704.56
2019.01.29,08:00,6704.56,6713.169,6609.759,6631.859
2019.01.29,12:00,6631.859,6654.36,6618.759,6631.169
2019.01.29,16:00,6631.47,6693.17,6620.269,6669.759
2019.01.29,20:00,6669.759,6682.87,6648.969,6676.259
2019.01.30,00:00,6676.259,6680.459,6657.66,6679.96
2019.01.30,04:00,6679.87,6699.969,6674.47,6692.959
2019.01.30,08:00,6692.369,6728.96,6680.459,6725.27
2019.01.30,12:00,6725.27,6827.259,6724.07,6806.569
2019.01.30,16:00,6806.57,6858.87,6780.86,6842.77
2019.01.30,20:00,6842.77,6872.57,6840.06,6864.07
2019.01.31,00:00,6864.07,6869.56,6852.159,6859.06
2019.01.31,04:00,6859.06,6869.37,6839.16,6863.769
2019.01.31,08:00,6863.769,6937.26,6830.76,6931.269
2019.01.31,12:00,6931.46,6932.969,6877.46,6905.76
2019.01.31,16:00,6905.76,6930.86,6881.459,6893.87
2019.01.31,20:00,6893.869,6904.46,6870.259,6876.369
2019.02.01,00:00,6876.469,6896.46,6866.77,6883.16
2019.02.01,04:00,6883.16,6887.17,6864.76,6864.869
2019.02.01,08:00,6864.869,6921.77,6855.759,6913.27
2019.02.01,12:00,6913.47,6914.069,6855.76,6874.769
2019.02.01,16:00,6874.731,6877.869,6870.059,6873.36
2019.02.03,16:00,6857.37,6888.969,6852.77,6886.97
2019.02.03,20:00,6886.77,6891.46,6875.27,6879.07
2019.02.04,00:00,6878.97,6879.77,6860.06,6865.769
2019.02.04,04:00,6865.769,6887.06,6865.26,6880.27
2019.02.04,08:00,6880.069,6945.76,6863.57,6941.46
2019.02.04,12:00,6941.269,6959.17,6935.06,6959.17
2019.02.04,16:00,6958.359,6975.16,6923.76,6926.06
2019.02.04,20:00,6926.16,6935.669,6924.27,6933.16
2019.02.05,00:00,6933.16,6937.07,6925.959,6933.96
2019.02.05,04:00,6934.059,6958.759,6933.76,6954.269
2019.02.05,08:00,6954.46,7024.97,6949.759,7014.76
2019.02.05,12:00,7015.159,7030.26,6978.66,7021.569
2019.02.05,16:00,7021.569,7021.96,7002.36,7009.37
2019.02.05,20:00,7009.46,7018.269,7001.57,7009.96
2019.02.06,00:00,7010.06,7011.07,6994.87,6995.87
2019.02.06,04:00,6995.97,7009.959,6985.36,7003.36
2019.02.06,08:00,7003.469,7033.56,6967.559,6998.57
2019.02.06,12:00,6998.37,7009.359,6979.959,6998.169
2019.02.06,16:00,6998.169,7003.169,6975.37,6979.169
2019.02.06,20:00,6979.37,6979.97,6967.659,6972.67
2019.02.07,00:00,6972.759,6974.86,6958.97,6971.759
2019.02.07,04:00,6971.759,6977.37,6940.17,6944.26
2019.02.07,08:00,6944.26,6953.569,6863.56,6864.069
2019.02.07,12:00,6864.069,6907.26,6853.06,6906.56
2019.02.07,16:00,6906.46,6910.86,6875.47,6879.26
2019.02.07,20:00,6879.37,6881.959,6856.859,6862.06
2019.02.08,00:00,6862.27,6873.07,6856.359,6870.36
2019.02.08,04:00,6870.36,6877.26,6836.56,6838.86
2019.02.08,08:00,6838.86,6877.37,6835.56,6864.469
2019.02.08,12:00,6864.47,6913.959,6846.059,6913.959
2019.02.08,16:00,6914.769,6916.969,6907.469,6909.259
2019.02.10,16:00,6928.869,6928.869,6895.559,6898.059
2019.02.10,20:00,6898.17,6906.37,6889.26,6897.77
2019.02.11,00:00,6897.859,6941.27,6888.169,6940.36
2019.02.11,04:00,6940.36,6961.159,6927.16,6946.07
2019.02.11,08:00,6945.86,6957.77,6903.059,6914.86
2019.02.11,12:00,6914.969,6929.37,6891.569,6909.059
2019.02.11,16:00,6908.759,6928.47,6896.86,6921.359
2019.02.11,20:00,6921.46,6955.959,6915.27,6947.959
2019.02.12,00:00,6948.069,6965.359,6943.559,6960.07
2019.02.12,04:00,6959.869,6972.07,6950.759,6962.86
2019.02.12,08:00,6962.97,7010.669,6947.57,7006.359
2019.02.12,12:00,7006.57,7020.87,6996.859,7011.169
2019.02.12,16:00,7011.67,7039.56,7005.369,7032.07
2019.02.12,20:00,7032.07,7046.559,7031.87,7042.37
2019.02.13,00:00,7042.37,7056.76,7038.369,7038.369
2019.02.13,04:00,7038.56,7048.37,7026.86,7043.07
2019.02.13,08:00,7043.159,7062.87,7014.059,7029.359
2019.02.13,12:00,7029.459,7045.569,7008.369,7014.96
2019.02.13,16:00,7014.96,7018.169,6994.76,6999.469
2019.02.13,20:00,6999.469,7029.659,6995.27,7017.659
2019.02.14,00:00,7017.36,7048.46,7016.459,7034.76
2019.02.14,04:00,7034.76,7041.66,7025.96,7038.859
2019.02.14,08:00,7038.759,7046.76,6964.469,7014.16
2019.02.14,12:00,7014.897,7049.269,7009.46,7022.169
2019.02.14,16:00,7022.47,7024.27,6992.76,6998.67
2019.02.14,20:00,6998.67,7006.77,6980.859,6984.169
2019.02.15,00:00,6984.269,6994.76,6969.17,6988.87
2019.02.15,04:00,6988.77,7036.469,6988.76,7035.46
2019.02.15,08:00,7035.459,7087.969,7019.96,7031.559
2019.02.15,12:00,7031.67,7055.06,7025.47,7054.06
2019.02.15,16:00,7054.569,7059.76,7052.169,7058.57
2019.02.17,16:00,7060.059,7072.57,7049.759,7052.56
2019.02.17,20:00,7052.56,7075.659,7050.959,7063.269
2019.02.18,00:00,7063.269,7069.459,7053.07,7055.759
2019.02.18,04:00,7055.759,7064.07,7049.569,7057.669
2019.02.18,08:00,7057.669,7071.06,7053.959,7068.959
2019.02.18,12:00,7068.769,7077.17,7064.059,7075.059
2019.02.18,16:00,7070.96,7073.57,7063.77,7068.559
2019.02.18,20:00,7068.559,7080.07,7066.059,7070.66
2019.02.19,00:00,7070.569,7070.759,7058.06,7067.56
2019.02.19,04:00,7067.459,7070.569,7033.259,7040.959
2019.02.19,08:00,7040.959,7084.96,7029.069,7084.559
2019.02.19,12:00,7084.67,7089.07,7062.77,7066.56
2019.02.19,16:00,7066.77,7067.259,7052.659,7061.569
2019.02.19,20:00,7061.569,7075.57,7050.77,7057.26
2019.02.20,00:00,7057.46,7071.169,7053.76,7059.959
2019.02.20,04:00,7059.959,7064.77,7049.059,7058.769
2019.02.20,08:00,7058.769,7096.97,7055.06,7082.16
2019.02.20,12:00,7082.67,7083.96,7025.06,7063.369
2019.02.20,16:00,7063.369,7068.17,7053.969,7056.86
2019.02.20,20:00,7056.659,7105.069,7048.17,7095.47
2019.02.21,00:00,7095.47,7099.47,7073.16,7077.059
2019.02.21,04:00,7077.059,7085.969,7050.169,7058.96
2019.02.21,08:00,7059.059,7063.47,6998.169,7048.06
2019.02.21,12:00,7048.36,7063.863,7008.069,7036.259
2019.02.21,16:00,7036.259,7038.36,7016.86,7027.46
2019.02.21,20:00,7027.36,7030.37,7011.86,7018.569
2019.02.22,00:00,7018.569,7055.069,7016.059,7051.87
2019.02.22,04:00,7052.36,7071.37,7047.76,7061.97
2019.02.22,08:00,7061.97,7094.16,7043.559,7087.76
2019.02.22,12:00,7087.76,7093.37,7051.37,7089.07
2019.02.22,16:00,7088.86,7089.07,7077.36,7082.37
2019.02.24,16:00,7103.759,7119.37,7102.17,7109.46
2019.02.24,20:00,7109.66,7116.97,7094.459,7104.76
2019.02.25,00:00,7105.17,7118.86,7098.87,7109.769
2019.02.25,04:00,7109.769,7130.47,7109.359,7128.47
2019.02.25,08:00,7128.759,7161.769,7125.76,7147.47
2019.02.25,12:00,7147.47,7148.359,7110.059,7113.87
2019.02.25,16:00,7114.569,7120.559,7096.969,7096.969
2019.02.25,20:00,7096.969,7102.37,7066.36,7077.059
2019.02.26,00:00,7077.27,7094.57,7074.06,7087.459
2019.02.26,04:00,7087.56,7102.069,7078.069,7098.259
2019.02.26,08:00,7098.259,7133.97,7081.559,7118.359
2019.02.26,12:00,7118.459,7145.36,7104.06,7122.26
2019.02.26,16:00,7122.26,7124.57,7097.76,7108.969
2019.02.26,20:00,7109.17,7116.26,7105.76,7111.659
2019.02.27,00:00,7111.77,7118.17,7082.159,7083.26
2019.02.27,04:00,7083.37,7101.77,7082.669,7093.37
2019.02.27,08:00,7093.369,7112.76,7043.57,7094.37
2019.02.27,12:00,7094.559,7127.07,7094.36,7117.06
2019.02.27,16:00,7117.06,7121.36,7099.46,7100.36
2019.02.27,20:00,7100.36,7111.36,7097.06,7101.269
2019.02.28,00:00,7101.269,7104.56,7064.559,7080.96
2019.02.28,04:00,7081.27,7093.37,7076.559,7092.07
2019.02.28,08:00,7092.27,7119.56,7079.37,7113.66
2019.02.28,12:00,7113.959,7125.47,7088.76,7099.559
2019.02.28,16:00,7099.26,7111.059,7092.169,7106.26
2019.02.28,20:00,7106.57,7139.77,7106.56,7131.06
2019.03.01,00:00,7131.169,7151.57,7129.259,7148.97
2019.03.01,04:00,7149.06,7152.569,7142.27,7148.559
2019.03.01,08:00,7148.559,7156.159,7098.559,7109.269
2019.03.01,12:00,7109.269,7159.869,7107.459,7150.86
2019.03.01,16:00,7150.86,7153.37,7147.859,7151.359
2019.03.03,16:00,7175.27,7200.259,7169.059,7193.259
2019.03.03,20:00,7193.169,7199.87,7184.66,7196.769
2019.03.04,00:00,7196.87,7199.87,7180.67,7190.77
2019.03.04,04:00,7190.669,7193.67,7175.159,7185.77
2019.03.04,08:00,7185.67,7206.67,7084.56,7092.66
2019.03.04,12:00,7092.77,7152.56,7070.56,7151.46
2019.03.04,16:00,7151.46,7151.46,7129.76,7134.57
2019.03.04,20:00,7134.759,7145.27,7120.56,7138.77
2019.03.05,00:00,7139.07,7163.56,7135.76,7161.06
2019.03.05,04:00,7161.06,7163.77,7133.259,7137.77
2019.03.05,08:00,7138.07,7173.26,7120.06,7161.759
2019.03.05,12:00,7161.57,7178.07,7151.76,7155.76
2019.03.05,16:00,7155.76,7164.77,7140.17,7145.97
2019.03.05,20:00,7145.97,7153.169,7133.359,7141.369
2019.03.06,00:00,7141.47,7160.16,7138.66,7150.46
2019.03.06,04:00,7150.46,7157.47,7142.16,7144.47
2019.03.06,08:00,7144.47,7165.67,7106.96,7118.47
2019.03.06,12:00,7118.47,7131.359,7102.669,7112.859
2019.03.06,16:00,7112.859,7118.059,7088.669,7091.87
2019.03.06,20:00,7092.06,7104.87,7090.569,7093.67
2019.03.07,00:00,7093.67,7093.76,7076.859,7083.57
2019.03.07,04:00,7083.57,7106.66,7081.359,7106.66
2019.03.07,08:00,7106.66,7117.369,7020.77,7060.96
2019.03.07,12:00,7060.96,7077.76,7000.56,7026.47
2019.03.07,16:00,7026.97,7029.669,7013.669,7013.87
2019.03.07,20:00,7013.869,7025.97,7003.86,7004.86
2019.03.08,00:00,7004.86,7009.17,6973.86,6982.96
2019.03.08,04:00,6982.96,6994.37,6974.46,6977.56
2019.03.08,08:00,6977.56,6999.859,6934.659,6978.56
2019.03.08,12:00,6978.56,7019.17,6954.859,7016.16
2019.03.08,16:00,7016.16,7025.669,7013.659,7024.159
2019.03.10,16:00,7013.87,7029.06,6994.06,6996.759
2019.03.10,20:00,6996.87,7038.07,6995.36,7028.059
2019.03.11,00:00,7028.569,7045.87,7024.269,7029.06
2019.03.11,04:00,7029.06,7058.66,7026.67,7053.16
2019.03.11,08:00,7053.469,7149.17,7040.96,7140.069
2019.03.11,12:00,7140.069,7167.46,7137.959,7162.37
2019.03.11,16:00,7167.059,7193.57,7162.56,7189.459
2019.03.11,20:00,7189.369,7198.27,7187.06,7188.559
2019.03.12,00:00,7188.559,7192.359,7173.57,7181.559
2019.03.12,04:00,7181.87,7188.37,7157.059,7183.56
2019.03.12,08:00,7183.56,7220.27,7162.259,7213.36
2019.03.12,12:00,7213.459,7218.07,7187.07,7204.459
2019.03.12,16:00,7205.97,7208.469,7191.56,7196.659
2019.03.12,20:00,7196.759,7200.06,7180.26,7192.16
2019.03.13,00:00,7192.07,7213.66,7188.77,7213.069
2019.03.13,04:00,7213.069,7238.069,7207.069,7223.06
2019.03.13,08:00,7223.169,7282.67,7222.76,7271.859
2019.03.13,12:00,7272.069,7292.87,7251.159,7265.87
2019.03.13,16:00,7268.269,7278.859,7250.869,7251.859
2019.03.13,20:00,7251.959,7262.359,7245.57,7251.56
2019.03.14,00:00,7251.86,7284.07,7249.059,7283.369
2019.03.14,04:00,7283.469,7286.059,7247.56,7267.96
2019.03.14,08:00,7267.86,7269.459,7237.569,7256.959
2019.03.14,12:00,7256.959,7259.37,7236.56,7238.259
2019.03.14,16:00,7242.36,7254.769,7239.759,7253.47
2019.03.14,20:00,7253.67,7274.259,7251.469,7267.969
2019.03.15,00:00,7267.86,7272.26,7256.959,7270.66
2019.03.15,04:00,7270.47,7284.96,7266.27,7271.369
2019.03.15,08:00,7271.26,7327.96,7254.459,7317.26
2019.03.15,12:00,7317.26,7331.27,7295.969,7313.659
2019.03.17,16:00,7309.469,7311.66,7300.659,7302.26
2019.03.17,20:00,7302.26,7319.77,7297.77,7317.96
2019.03.18,00:00,7317.96,7327.27,7314.959,7322.46
2019.03.18,04:00,7322.46,7325.87,7310.269,7310.67
2019.03.18,08:00,7310.67,7349.759,7292.17,7309.47
2019.03.18,12:00,7309.469,7332.969,7307.359,7329.76
2019.03.18,16:00,7332.659,7336.57,7325.059,7328.17
2019.03.18,20:00,7328.27,7340.77,7327.06,7333.969
2019.03.19,00:00,7334.06,7346.57,7329.069,7346.27
2019.03.19,04:00,7346.27,7363.56,7344.169,7358.77
2019.03.19,08:00,7358.77,7391.17,7343.27,7369.67
2019.03.19,12:00,7369.67,7376.66,7320.87,7344.57
2019.03.19,16:00,7346.76,7348.67,7330.359,7330.959
2019.03.19,20:00,7330.959,7340.96,7321.559,7333.959
2019.03.20,00:00,7334.059,7360.57,7334.059,7359.77
2019.03.20,04:00,7359.559,7359.77,7337.86,7340.37
2019.03.20,08:00,7340.46,7360.559,7317.359,7336.859
2019.03.20,12:00,7336.859,7424.57,7330.77,7376.27
2019.03.20,16:00,7370.759,7405.47,7366.959,7404.36
2019.03.20,20:00,7403.87,7406.37,7388.06,7394.26
2019.03.21,00:00,7394.36,7399.36,7366.36,7373.059
2019.03.21,04:00,7373.26,7387.859,7334.469,7349.56
2019.03.21,08:00,7349.56,7458.87,7348.27,7446.059
2019.03.21,12:00,7445.959,7505.459,7445.86,7503.57
2019.03.21,16:00,7492.97,7512.069,7492.36,7504.77
2019.03.21,20:00,7504.569,7505.57,7482.059,7490.059
2019.03.22,00:00,7490.57,7505.86,7466.06,7468.569
2019.03.22,04:00,7468.86,7484.07,7454.56,7467.56
2019.03.22,08:00,7467.56,7481.36,7345.259,7371.76
2019.03.22,12:00,7371.74,7391.37,7322.06,7337.559
2019.03.24,16:00,7350.369,7358.369,7271.569,7274.26
2019.03.24,20:00,7274.259,7293.06,7263.06,7286.26
2019.03.25,00:00,7286.36,7300.47,7258.27,7285.56
2019.03.25,04:00,7285.56,7329.36,7285.36,7324.87
2019.03.25,08:00,7324.87,7340.369,7262.57,7308.37
2019.03.25,12:00,7308.259,7326.37,7268.259,7325.86
2019.03.25,16:00,7327.269,7351.86,7321.559,7348.569
2019.03.25,20:00,7348.769,7356.859,7340.559,7343.37
2019.03.26,00:00,7343.57,7350.369,7323.57,7327.769
2019.03.26,04:00,7327.87,7371.97,7327.46,7357.969
2019.03.26,08:00,7357.969,7417.36,7346.86,7361.77
2019.03.26,12:00,7361.77,7373.36,7313.869,7350.57
2019.03.26,16:00,7354.86,7356.66,7338.17,7347.769
2019.03.26,20:00,7347.86,7363.57,7336.57,7361.37
2019.03.27,00:00,7361.369,7375.369,7357.67,7360.16
2019.03.27,04:00,7360.36,7372.36,7331.66,7356.87
2019.03.27,08:00,7357.07,7377.37,7249.36,7280.36
2019.03.27,12:00,7280.36,7322.369,7272.07,7306.36
2019.03.27,16:00,7295.06,7297.87,7263.859,7273.37
2019.03.27,20:00,7273.56,7295.069,7260.56,7286.37
2019.03.28,00:00,7286.459,7314.47,7272.359,7311.36
2019.03.28,04:00,7311.359,7317.36,7291.76,7305.859
2019.03.28,08:00,7305.859,7345.269,7275.26,7311.46
2019.03.28,12:00,7311.669,7329.06,7300.959,7327.37
2019.03.28,16:00,7327.46,7352.27,7323.76,7340.37
2019.03.28,20:00,7340.369,7351.86,7328.959,7345.769
2019.03.29,00:00,7345.769,7355.269,7337.37,7337.569
2019.03.29,04:00,7337.569,7364.87,7330.86,7362.07
2019.03.29,08:00,7362.37,7378.369,7330.57,7362.06
2019.03.29,12:00,7362.56,7385.07,7352.06,7384.759
2019.03.31,16:00,7406.06,7427.869,7406.06,7422.469
2019.03.31,20:00,7428.86,7460.869,7428.56,7454.359
2019.04.01,00:00,7454.459,7457.37,7442.86,7457.369
2019.04.01,04:00,7457.26,7460.869,7438.86,7444.36
2019.04.01,08:00,7444.36,7459.37,7419.57,7451.06
2019.04.01,12:00,7451.059,7481.87,7441.87,7475.559
2019.04.01,16:00,7476.06,7479.659,7463.36,7478.76
2019.04.01,20:00,7478.759,7479.37,7457.37,7461.36
2019.04.02,00:00,7461.569,7466.37,7458.859,7463.17
2019.04.02,04:00,7463.259,7479.17,7462.36,7478.26
2019.04.02,08:00,7478.369,7491.76,7461.159,7485.669
2019.04.02,12:00,7485.759,7507.06,7477.559,7499.77
2019.04.02,16:00,7500.27,7501.07,7488.66,7491.26
2019.04.02,20:00,7491.16,7541.57,7486.76,7533.57
2019.04.03,00:00,7533.57,7546.559,7531.969,7542.56
2019.04.03,04:00,7542.759,7550.27,7532.07,7540.16
2019.04.03,08:00,7540.26,7589.369,7528.16,7584.66
2019.04.03,12:00,7584.759,7589.87,7519.369,7542.859
2019.04.03,16:00,7543.66,7556.869,7542.17,7549.37
2019.04.03,20:00,7549.47,7565.37,7539.86,7546.26
2019.04.04,00:00,7546.26,7549.56,7533.859,7541.97
2019.04.04,04:00,7541.97,7552.56,7529.86,7536.57
2019.04.04,08:00,7536.76,7570.07,7510.559,7521.86
2019.04.04,12:00,7521.86,7545.57,7495.36,7538.97
2019.04.04,16:00,7539.17,7541.969,7528.66,7529.369
2019.04.04,20:00,7529.369,7552.269,7528.46,7545.66
2019.04.05,00:00,7545.66,7557.27,7543.66,7550.459
2019.04.05,04:00,7550.459,7557.969,7540.759,7544.27
2019.04.05,08:00,7544.27,7580.77,7543.269,7571.059
2019.04.05,12:00,7571.059,7582.56,7566.57,7578.569
2019.04.05,16:00,7578.57,7582.459,7577.26,7579.669
2019.04.07,16:00,7581.959,7592.76,7578.56,7586.47
2019.04.07,20:00,7586.57,7586.57,7561.559,7564.27
2019.04.08,00:00,7564.56,7570.46,7558.759,7563.259
2019.04.08,04:00,7563.259,7574.269,7561.559,7570.77
2019.04.08,08:00,7571.069,7580.269,7535.57,7569.07
2019.04.08,12:00,7569.07,7603.26,7562.069,7599.57
2019.04.08,16:00,7598.459,7602.96,7596.66,7597.97
2019.04.08,20:00,7598.06,7606.86,7583.86,7594.869
2019.04.09,00:00,7594.96,7594.97,7585.07,7585.959
2019.04.09,04:00,7585.86,7592.469,7581.159,7586.66
2019.04.09,08:00,7586.659,7596.87,7559.16,7585.359
2019.04.09,12:00,7585.059,7597.07,7555.369,7571.56
2019.04.09,16:00,7571.56,7573.86,7559.059,7562.87
2019.04.09,20:00,7562.87,7572.07,7551.359,7569.869
2019.04.10,00:00,7569.969,7582.57,7568.859,7580.56
2019.04.10,04:00,7580.759,7587.87,7572.859,7581.96
2019.04.10,08:00,7581.96,7606.569,7568.06,7599.37
2019.04.10,12:00,7599.06,7614.07,7579.059,7612.869
2019.04.10,16:00,7613.06,7633.06,7612.07,7627.059
2019.04.10,20:00,7627.059,7635.37,7607.36,7611.459
2019.04.11,00:00,7611.459,7619.07,7600.059,7602.069
2019.04.11,04:00,7602.069,7628.87,7599.56,7623.06
2019.04.11,08:00,7622.57,7623.36,7586.67,7596.469
2019.04.11,12:00,7596.57,7606.669,7579.26,7594.159
2019.04.11,16:00,7594.159,7599.769,7588.759,7596.66
2019.04.11,20:00,7596.869,7602.359,7587.26,7594.769
2019.04.12,00:00,7594.769,7603.17,7593.36,7600.469
2019.04.12,04:00,7600.469,7634.869,7600.469,7625.469
2019.04.12,08:00,7625.469,7641.27,7595.26,7611.259
2019.04.12,12:00,7611.359,7627.759,7607.26,7626.76
2019.04.12,16:00,7627.27,7629.77,7625.469,7629.169
2019.04.14,16:00,7629.36,7632.37,7622.259,7625.66
2019.04.14,20:00,7625.66,7630.77,7618.96,7620.77
2019.04.15,00:00,7620.859,7624.77,7614.159,7617.859
2019.04.15,04:00,7617.859,7628.97,7616.459,7625.769
2019.04.15,08:00,7625.769,7635.76,7576.359,7601.36
2019.04.15,12:00,7601.57,7636.36,7590.37,7628.87
2019.04.15,16:00,7628.87,7631.86,7623.06,7626.57
2019.04.15,20:00,7626.57,7639.76,7626.06,7638.07
2019.04.16,00:00,7638.07,7659.77,7637.46,7656.87
2019.04.16,04:00,7656.87,7662.87,7650.059,7654.059
2019.04.16,08:00,7654.369,7670.57,7646.07,7652.36
2019.04.16,12:00,7652.36,7667.06,7630.759,7654.86
2019.04.16,16:00,7655.069,7672.37,7637.87,7653.86
2019.04.16,20:00,7653.859,7680.369,7649.87,7669.26
2019.04.17,00:00,7669.369,7675.37,7667.26,7669.359
2019.04.17,04:00,7669.359,7683.87,7668.46,7682.87
2019.04.17,08:00,7682.96,7710.97,7657.26,7674.669
2019.04.17,12:00,7674.669,7689.66,7657.37,7680.66
2019.04.17,16:00,7681.17,7681.17,7664.76,7673.37
2019.04.17,20:00,7673.57,7674.77,7643.759,7647.07
2019.04.18,00:00,7647.07,7659.17,7640.67,7646.27
2019.04.18,04:00,7646.27,7672.27,7638.36,7667.669
2019.04.18,08:00,7667.86,7700.659,7644.369,7677.86
2019.04.18,12:00,7678.06,7694.169,7676.27,7690.369
2019.04.18,16:00,7690.26,7692.859,7686.37,7692.57
2019.04.21,16:00,7689.859,7704.86,7687.86,7696.06
2019.04.21,20:00,7696.17,7702.66,7666.66,7673.17
2019.04.22,00:00,7673.17,7677.269,7663.36,7666.57
2019.04.22,04:00,7666.37,7673.37,7661.66,7663.759
2019.04.22,08:00,7663.859,7703.969,7648.559,7697.959
2019.04.22,12:00,7697.76,7714.97,7694.259,7713.97
2019.04.22,16:00,7713.969,7722.86,7710.46,7719.569
2019.04.22,20:00,7719.36,7722.67,7705.37,7716.66
2019.04.23,00:00,7716.57,7728.37,7708.559,7711.66
2019.04.23,04:00,7711.66,7718.87,7704.27,7718.16
2019.04.23,08:00,7718.07,7798.66,7717.17,7797.56
2019.04.23,12:00,7797.67,7820.37,7795.16,7808.67
2019.04.23,16:00,7808.87,7818.17,7808.26,7814.269
2019.04.23,20:00,7814.269,7816.17,7795.17,7795.77
2019.04.24,00:00,7795.77,7805.369,7794.87,7803.859
2019.04.24,04:00,7803.859,7821.17,7796.869,7817.359
2019.04.24,08:00,7817.359,7826.169,7792.159,7805.86
2019.04.24,12:00,7805.86,7808.57,7783.37,7785.47
2019.04.24,16:00,7784.559,7841.069,7783.569,7839.87
2019.04.24,20:00,7839.76,7852.27,7837.36,7850.96
2019.04.25,00:00,7850.96,7856.07,7830.87,7835.069
2019.04.25,04:00,7835.069,7851.87,7830.06,7851.27
2019.04.25,08:00,7851.369,7859.37,7773.269,7832.56
2019.04.25,12:00,7833.059,7838.57,7814.459,7814.86
2019.04.25,16:00,7814.86,7826.66,7773.07,7780.97
2019.04.25,20:00,7781.07,7785.069,7760.37,7776.559
2019.04.26,00:00,7776.77,7792.57,7775.97,7790.46
2019.04.26,04:00,7790.569,7795.869,7779.57,7782.07
2019.04.26,08:00,7782.07,7822.37,7738.77,7789.87
2019.04.26,12:00,7789.87,7825.56,7779.56,7825.069
2019.04.26,16:00,7825.069,7828.36,7822.059,7825.26
2019.04.28,16:00,7820.87,7826.26,7817.059,7817.959
2019.04.28,20:00,7817.959,7827.859,7817.959,7825.86
2019.04.29,00:00,7825.86,7834.369,7824.369,7832.37
2019.04.29,04:00,7832.37,7841.369,7809.57,7815.369
2019.04.29,08:00,7815.26,7843.37,7810.359,7829.07
2019.04.29,12:00,7829.07,7852.069,7826.26,7838.059
2019.04.29,16:00,7838.27,7843.794,7784.87,7785.67
2019.04.29,20:00,7785.47,7787.269,7762.959,7777.869
2019.04.30,00:00,7777.869,7787.47,7771.459,7780.27
2019.04.30,04:00,7780.27,7792.27,7778.77,7788.27
2019.04.30,08:00,7788.27,7793.96,7724.36,7756.869
2019.04.30,12:00,7756.869,7790.16,7755.659,7778.159
2019.04.30,16:00,7778.86,7831.07,7776.66,7827.47
2019.04.30,20:00,7827.47,7844.96,7825.46,7840.159
2019.05.01,00:00,7840.159,7841.469,7830.96,7839.96
2019.05.01,04:00,7839.96,7844.969,7829.97,7832.659
2019.05.01,08:00,7832.659,7851.27,7808.87,7842.16
2019.05.01,12:00,7842.16,7852.56,7748.17,7748.759
2019.05.01,16:00,7749.66,7751.57,7716.46,7733.57
2019.05.01,20:00,7733.57,7754.06,7733.059,7752.059
2019.05.02,00:00,7752.059,7762.77,7745.17,7756.459
2019.05.02,04:00,7756.459,7771.57,7751.059,7761.57
2019.05.02,08:00,7762.06,7791.87,7669.57,7682.37
2019.05.02,12:00,7682.87,7732.701,7676.56,7723.86
2019.05.02,16:00,7723.559,7731.77,7711.569,7729.06
2019.05.02,20:00,7729.06,7752.57,7722.86,7747.369
2019.05.03,00:00,7747.369,7758.06,7744.759,7757.86
2019.05.03,04:00,7757.57,7768.859,7753.87,7768.56
2019.05.03,08:00,7768.56,7831.07,7749.869,7817.47
2019.05.03,12:00,7817.469,7849.57,7812.669,7843.16
2019.05.03,16:00,7843.06,7851.769,7841.859,7851.67
2019.05.05,16:00,7720.769,7736.66,7682.96,7690.76
2019.05.05,20:00,7691.26,7702.97,7651.66,7665.07
2019.05.06,00:00,7664.669,7710.06,7662.96,7685.66
2019.05.06,04:00,7685.959,7697.07,7657.67,7693.059
2019.05.06,08:00,7693.059,7773.66,7662.07,7753.97
2019.05.06,12:00,7753.469,7804.469,7728.57,7795.369
2019.05.06,16:00,7795.369,7798.46,7729.969,7748.86
2019.05.06,20:00,7748.96,7751.47,7721.159,7729.57
2019.05.07,00:00,7729.67,7789.96,7727.159,7769.569
2019.05.07,04:00,7769.569,7771.159,7712.66,7714.569
2019.05.07,08:00,7714.569,7739.47,7628.66,7649.559
2019.05.07,12:00,7649.36,7678.26,7570.37,7641.77
2019.05.07,16:00,7642.37,7664.369,7636.569,7640.459
2019.05.07,20:00,7640.459,7675.56,7633.859,7663.559
2019.05.08,00:00,7663.559,7671.669,7653.159,7670.36
2019.05.08,04:00,7670.36,7685.47,7592.859,7612.069
2019.05.08,08:00,7612.069,7679.902,7589.96,7642.17
2019.05.08,12:00,7642.46,7670.67,7616.07,7617.07
2019.05.08,16:00,7616.97,7638.17,7616.97,7620.17
2019.05.08,20:00,7620.169,7629.27,7573.86,7583.17
2019.05.09,00:00,7583.369,7599.87,7546.16,7559.66
2019.05.09,04:00,7559.37,7580.47,7546.86,7566.669
2019.05.09,08:00,7566.669,7567.86,7471.26,7520.76
2019.05.09,12:00,7520.86,7607.069,7502.569,7583.559
2019.05.09,16:00,7582.36,7594.37,7560.06,7583.96
2019.05.09,20:00,7583.469,7640.97,7529.569,7535.259
2019.05.10,00:00,7535.259,7594.47,7519.159,7565.969
2019.05.10,04:00,7565.67,7600.27,7537.76,7540.77
2019.05.10,08:00,7541.059,7575.67,7423.759,7446.969
2019.05.10,12:00,7447.07,7625.069,7446.47,7588.76
2019.05.10,16:00,7588.46,7599.27,7582.56,7597.66
2019.05.12,16:00,7518.66,7537.87,7504.56,7504.67
2019.05.12,20:00,7504.86,7519.569,7493.359,7507.459
2019.05.13,00:00,7507.869,7511.669,7464.96,7465.359
2019.05.13,04:00,7465.359,7483.16,7441.459,7445.369
2019.05.13,08:00,7445.369,7450.97,7323.159,7348.77
2019.05.13,12:00,7348.57,7375.57,7303.16,7324.069
2019.05.13,16:00,7324.07,7328.06,7280.47,7295.86
2019.05.13,20:00,7295.96,7357.069,7294.46,7352.76
2019.05.14,00:00,7352.859,7367.07,7335.26,7357.96
2019.05.14,04:00,7358.969,7388.459,7341.97,7378.059
2019.05.14,08:00,7378.059,7436.36,7335.87,7429.06
2019.05.14,12:00,7429.46,7448.96,7398.67,7401.46
2019.05.14,16:00,7401.87,7420.17,7397.66,7419.06
2019.05.14,20:00,7419.06,7434.07,7395.06,7428.37
2019.05.15,00:00,7428.469,7442.87,7397.859,7403.36
2019.05.15,04:00,7403.36,7421.97,7379.07,7381.37
2019.05.15,08:00,7381.86,7500.56,7339.96,7492.07
2019.05.15,12:00,7492.07,7525.659,7474.16,7503.669
2019.05.15,16:00,7502.86,7516.67,7499.269,7502.66
2019.05.15,20:00,7502.659,7502.87,7458.069,7479.87
2019.05.16,00:00,7480.07,7490.87,7464.86,7479.36
2019.05.16,04:00,7479.17,7549.07,7472.87,7534.569
2019.05.16,08:00,7534.669,7623.97,7497.57,7618.06
2019.05.16,12:00,7618.36,7627.27,7563.36,7580.56
2019.05.16,16:00,7580.759,7595.36,7577.759,7593.059
2019.05.16,20:00,7593.16,7598.359,7553.86,7554.57
2019.05.17,00:00,7554.659,7565.56,7544.77,7560.359
2019.05.17,04:00,7560.359,7561.67,7516.159,7521.159
2019.05.17,08:00,7521.159,7606.86,7493.26,7559.47
2019.05.17,12:00,7559.47,7571.569,7495.56,7501.059
2019.05.17,16:00,7501.059,7503.569,7494.06,7498.57
2019.05.19,16:00,7503.37,7533.059,7503.069,7527.869
2019.05.19,20:00,7527.559,7545.37,7511.459,7524.86
2019.05.20,00:00,7524.969,7531.97,7500.969,7507.86
2019.05.20,04:00,7507.959,7524.96,7395.859,7407.069
2019.05.20,08:00,7407.169,7424.66,7348.669,7397.36
2019.05.20,12:00,7396.969,7422.859,7351.169,7375.16
2019.05.20,16:00,7375.16,7405.369,7373.97,7402.759
2019.05.20,20:00,7402.97,7432.76,7392.86,7429.47
2019.05.21,00:00,7429.659,7429.659,7387.76,7411.47
2019.05.21,04:00,7411.369,7454.66,7400.77,7430.26
2019.05.21,08:00,7430.36,7468.16,7414.27,7440.869
2019.05.21,12:00,7441.06,7473.159,7441.06,7451.369
2019.05.21,16:00,7451.37,7461.86,7446.069,7457.959
2019.05.21,20:00,7458.069,7461.369,7433.859,7450.369
2019.05.22,00:00,7450.469,7452.57,7417.86,7419.07
2019.05.22,04:00,7419.07,7449.97,7397.57,7399.97
2019.05.22,08:00,7400.069,7460.159,7378.86,7433.66
2019.05.22,12:00,7433.66,7453.86,7408.67,7420.369
2019.05.22,16:00,7419.87,7422.859,7401.269,7405.56
2019.05.22,20:00,7405.56,7409.269,7365.059,7375.969
2019.05.23,00:00,7376.269,7378.66,7336.96,7353.659
2019.05.23,04:00,7353.56,7354.07,7304.26,7333.27
2019.05.23,08:00,7333.56,7343.669,7280.759,7282.259
2019.05.23,12:00,7282.159,7319.07,7257.259,7308.059
2019.05.23,16:00,7307.27,7317.27,7298.27,7315.06
2019.05.23,20:00,7316.059,7336.27,7315.159,7325.97
2019.05.24,00:00,7326.17,7345.27,7325.659,7343.469
2019.05.24,04:00,7343.559,7351.959,7323.67,7326.77
2019.05.24,08:00,7326.559,7370.57,7302.56,7323.16
2019.05.24,12:00,7323.16,7339.77,7292.069,7299.669
2019.05.24,16:00,7299.669,7308.559,7294.76,7306.769
2019.05.27,04:00,7307.469,7308.77,7297.959,7303.969
2019.05.27,08:00,7304.07,7312.27,7301.269,7302.77
2019.05.27,12:00,7303.07,7309.57,7302.27,7309.57
2019.05.27,16:00,7304.459,7319.759,7304.459,7313.67
2019.05.27,20:00,7313.769,7337.459,7309.759,7334.769
2019.05.28,00:00,7334.66,7344.469,7308.96,7317.06
2019.05.28,04:00,7317.06,7321.07,7281.27,7315.459
2019.05.28,08:00,7315.459,7362.57,7307.759,7338.26
2019.05.28,12:00,7338.069,7346.87,7273.769,7274.47
2019.05.28,16:00,7274.47,7288.87,7272.669,7279.369
2019.05.28,20:00,7279.459,7281.569,7233.359,7243.86
2019.05.29,00:00,7244.06,7256.969,7210.159,7220.36
2019.05.29,04:00,7220.16,7237.56,7211.0,7229.86
2019.05.29,08:00,7229.959,7253.57,7175.67,7187.059
2019.05.29,12:00,7187.16,7237.37,7180.36,7215.86
2019.05.29,16:00,7216.26,7221.87,7202.96,7212.87
2019.05.29,20:00,7212.359,7227.36,7199.16,7221.17
2019.05.30,00:00,7221.17,7243.96,7219.97,7239.77
2019.05.30,04:00,7239.77,7240.47,7219.76,7225.86
2019.05.30,08:00,7225.86,7264.06,7218.37,7234.46
2019.05.30,12:00,7234.97,7254.66,7202.17,7244.27
2019.05.30,16:00,7244.27,7250.27,7174.659,7178.669
2019.05.30,20:00,7178.669,7208.57,7171.069,7201.96
2019.05.31,00:00,7202.069,7202.96,7144.0,7148.07
2019.05.31,04:00,7148.07,7161.76,7126.16,7148.659
2019.05.31,08:00,7148.659,7182.97,7126.26,7169.56
2019.05.31,12:00,7169.36,7172.97,7124.67,7124.67
2019.05.31,16:00,7125.46,7134.76,7123.26,7128.96
2019.06.02,16:00,7102.86,7102.96,7070.36,7074.87
2019.06.02,20:00,7074.969,7091.26,7069.46,7073.96
2019.06.03,00:00,7074.669,7091.96,7060.46,7067.67
2019.06.03,04:00,7067.77,7099.77,7066.269,7092.66
2019.06.03,08:00,7092.66,7125.77,7022.77,7054.459
2019.06.03,12:00,7054.27,7059.46,6936.169,6974.76
2019.06.03,16:00,6974.97,7008.46,6972.259,6995.66
2019.06.03,20:00,6995.369,6999.67,6975.669,6994.86
2019.06.04,00:00,6994.97,7021.36,6978.96,7017.77
2019.06.04,04:00,7017.769,7042.27,7008.77,7027.76
2019.06.04,08:00,7027.87,7137.27,7022.46,7128.17
2019.06.04,12:00,7127.969,7169.369,7107.959,7166.36
2019.06.04,16:00,7166.27,7203.97,7165.059,7198.26
2019.06.04,20:00,7198.259,7213.97,7187.46,7201.469
2019.06.05,00:00,7201.26,7210.76,7173.459,7207.659
2019.06.05,04:00,7207.86,7238.47,7196.46,7224.16
2019.06.05,08:00,7224.16,7235.27,7144.559,7204.56
2019.06.05,12:00,7204.56,7224.36,7178.66,7220.17
2019.06.05,16:00,7220.66,7226.47,7173.57,7205.76
2019.06.05,20:00,7205.76,7231.06,7204.97,7223.86
2019.06.06,00:00,7223.86,7250.26,7201.869,7243.86
2019.06.06,04:00,7243.86,7256.56,7235.97,7249.26
2019.06.06,08:00,7249.26,7249.36,7198.27,7226.87
2019.06.06,12:00,7226.87,7294.059,7222.06,7276.56
2019.06.06,16:00,7276.56,7278.37,7251.469,7269.059
2019.06.06,20:00,7269.259,7286.56,7258.26,7283.37
2019.06.07,00:00,7283.26,7292.37,7275.86,7286.56
2019.06.07,04:00,7286.46,7313.869,7286.07,7302.57
2019.06.07,08:00,7302.57,7446.57,7280.06,7417.86
2019.06.07,12:00,7417.86,7435.96,7411.37,7416.07
2019.06.07,16:00,7416.07,7418.87,7406.359,7415.27
2019.06.09,16:00,7470.46,7477.27,7448.96,7449.67
2019.06.09,20:00,7449.469,7455.36,7424.87,7435.17
2019.06.10,00:00,7435.27,7444.469,7430.47,7440.87
2019.06.10,04:00,7441.269,7462.769,7432.47,7459.87
2019.06.10,08:00,7459.96,7573.76,7450.46,7567.96
2019.06.10,12:00,7567.96,7569.859,7496.96,7501.76
2019.06.10,16:00,7501.469,7515.06,7500.77,7502.87
2019.06.10,20:00,7502.87,7538.97,7499.56,7532.47
2019.06.11,00:00,7532.559,7541.97,7526.47,7537.96
2019.06.11,04:00,7537.86,7565.36,7537.67,7559.47
2019.06.11,08:00,7559.969,7595.66,7507.46,7516.37
2019.06.11,12:00,7516.37,7529.659,7488.06,7512.359
2019.06.11,16:00,7512.359,7516.86,7504.76,7507.77
2019.06.11,20:00,7507.77,7524.67,7496.26,7501.36
2019.06.12,00:00,7501.459,7502.76,7469.46,7479.26
2019.06.12,04:00,7479.47,7491.97,7466.66,7475.46
2019.06.12,08:00,7475.669,7506.86,7458.459,7462.06
2019.06.12,12:00,7461.87,7483.16,7456.869,7471.759
2019.06.12,16:00,7471.759,7486.369,7467.369,7483.77
2019.06.12,20:00,7483.77,7492.869,7416.059,7451.87
2019.06.13,00:00,7452.069,7499.37,7439.67,7487.27
2019.06.13,04:00,7487.06,7517.67,7482.76,7502.87
2019.06.13,08:00,7503.059,7530.37,7487.559,7509.07
2019.06.13,12:00,7509.07,7517.369,7484.97,7513.87
2019.06.13,16:00,7514.77,7522.26,7487.759,7490.56
2019.06.13,20:00,7490.56,7515.76,7481.06,7508.859
2019.06.14,00:00,7508.77,7514.259,7471.059,7480.959
2019.06.14,04:00,7480.959,7484.559,7446.459,7471.969
2019.06.14,08:00,7471.969,7491.359,7452.06,7473.069
2019.06.14,12:00,7472.96,7500.56,7466.859,7478.159
2019.06.14,16:00,7477.969,7482.06,7473.37,7473.869
2019.06.16,16:00,7477.159,7498.37,7476.069,7493.369
2019.06.16,20:00,7493.059,7510.169,7485.069,7506.07
2019.06.17,00:00,7506.07,7509.969,7482.869,7487.469
2019.06.17,04:00,7487.359,7499.47,7478.159,7496.169
2019.06.17,08:00,7496.36,7547.37,7482.66,7526.069
2019.06.17,12:00,7526.07,7543.27,7517.669,7525.37
2019.06.17,16:00,7525.659,7539.56,7524.16,7532.76
2019.06.17,20:00,7533.17,7544.769,7531.359,7535.659
2019.06.18,00:00,7535.659,7537.17,7510.87,7518.569
2019.06.18,04:00,7518.759,7609.87,7515.67,7606.36
2019.06.18,08:00,7606.359,7691.56,7595.36,7648.57
2019.06.18,12:00,7648.57,7660.27,7627.56,7635.96
2019.06.18,16:00,7635.77,7655.37,7632.36,7653.459
2019.06.18,20:00,7653.459,7658.47,7639.86,7645.86
2019.06.19,00:00,7645.86,7650.37,7640.86,7646.06
2019.06.19,04:00,7646.369,7650.07,7630.57,7648.06
2019.06.19,08:00,7648.06,7653.57,7608.36,7630.959
2019.06.19,12:00,7631.259,7682.07,7601.36,7665.07
2019.06.19,16:00,7665.87,7700.56,7661.859,7696.469
2019.06.19,20:00,7696.469,7734.87,7693.96,7731.77
2019.06.20,00:00,7731.77,7756.36,7721.359,7746.97
2019.06.20,04:00,7746.97,7775.26,7743.57,7767.06
2019.06.20,08:00,7767.369,7789.77,7708.67,7723.659
2019.06.20,12:00,7723.769,7747.17,7677.37,7734.27
2019.06.20,16:00,7734.27,7747.37,7723.259,7732.969
2019.06.20,20:00,7732.759,7739.46,7704.869,7711.26
2019.06.21,00:00,7711.359,7736.869,7695.059,7730.359
2019.06.21,04:00,7730.059,7730.97,7708.86,7712.77
2019.06.21,08:00,7712.859,7773.059,7702.369,7733.96
2019.06.21,12:00,7733.859,7748.369,7721.359,7725.86
2019.06.21,16:00,7726.06,7735.369,7719.86,7720.859
2019.06.23,16:00,7713.859,7742.27,7710.859,7738.959
2019.06.23,20:00,7739.069,7762.96,7732.259,7758.369
2019.06.24,00:00,7758.27,7759.769,7742.26,7743.36
2019.06.24,04:00,7743.27,7751.47,7732.559,7742.87
2019.06.24,08:00,7742.87,7747.47,7719.559,7740.459
2019.06.24,12:00,7740.459,7744.36,7719.559,7722.87
2019.06.24,16:00,7723.57,7732.27,7723.259,7728.87
2019.06.24,20:00,7728.87,7748.47,7692.369,7697.959
2019.06.25,00:00,7698.07,7709.569,7683.46,7704.869
2019.06.25,04:00,7704.869,7714.97,7697.859,7713.36
2019.06.25,08:00,7712.57,7725.56,7650.97,7658.46
2019.06.25,12:00,7658.459,7669.47,7580.56,7592.159
2019.06.25,16:00,7592.57,7611.47,7586.16,7595.67
2019.06.25,20:00,7595.969,7615.969,7594.959,7609.07
2019.06.26,00:00,7609.16,7609.77,7591.559,7606.969
2019.06.26,04:00,7606.77,7667.57,7604.07,7649.009
2019.06.26,08:00,7649.009,7689.57,7614.17,7657.969
2019.06.26,12:00,7658.07,7663.659,7614.76,7626.17
2019.06.26,16:00,7626.07,7629.06,7613.06,7623.47
2019.06.26,20:00,7623.66,7655.27,7620.07,7654.16
2019.06.27,00:00,7654.459,7675.07,7642.46,7668.96
2019.06.27,04:00,7669.16,7685.66,7620.96,7640.17
2019.06.27,08:00,7640.26,7672.459,7634.959,7645.869
2019.06.27,12:00,7646.36,7672.77,7642.869,7655.77
2019.06.27,16:00,7655.77,7669.76,7654.47,7667.17
2019.06.27,20:00,7667.469,7679.66,7643.659,7652.66
2019.06.28,00:00,7652.959,7669.769,7645.46,7668.27
2019.06.28,04:00,7668.27,7676.27,7660.06,7667.66
2019.06.28,08:00,7667.97,7682.16,7637.07,7661.659
2019.06.28,12:00,7661.57,7681.57,7642.759,7666.76
2019.06.28,16:00,7665.759,7699.059,7664.56,7698.77
2019.06.30,16:00,7765.969,7796.56,7764.97,7774.76
2019.06.30,20:00,7774.669,7775.259,7744.959,7766.06
2019.07.01,00:00,7766.26,7804.259,7764.57,7794.0
2019.07.01,04:00,7794.0,7806.759,7789.26,7802.77
2019.07.01,08:00,7803.07,7822.759,7766.76,7772.76
2019.07.01,12:00,7772.97,7777.67,7732.469,7766.27
2019.07.01,16:00,7766.555,7769.67,7738.27,7748.959
2019.07.01,20:00,7748.77,7766.87,7747.27,7766.36
2019.07.02,00:00,7766.36,7770.559,7749.359,7749.469
2019.07.02,04:00,7749.06,7753.27,7734.56,7748.56
2019.07.02,08:00,7748.47,7781.06,7747.959,7758.359
2019.07.02,12:00,7758.06,7800.37,7741.859,7799.97
2019.07.02,16:00,7799.569,7814.859,7793.96,7807.57
2019.07.02,20:00,7807.57,7811.27,7797.459,7803.069
2019.07.03,00:00,7803.27,7831.37,7797.859,7827.569
2019.07.03,04:00,7827.569,7844.07,7825.369,7827.06
2019.07.03,08:00,7827.06,7845.47,7808.87,7842.66
2019.07.03,12:00,7842.86,7866.17,7838.36,7862.57
2019.07.03,16:00,7871.66,7873.36,7860.87,7862.559
2019.07.03,20:00,7862.87,7864.67,7853.87,7858.36
2019.07.04,00:00,7858.46,7864.469,7854.37,7858.06
2019.07.04,04:00,7858.159,7868.97,7855.16,7868.87
2019.07.04,08:00,7868.659,7880.16,7865.97,7876.46
2019.07.04,12:00,7876.559,7878.17,7872.06,7875.17
2019.07.04,16:00,7872.46,7881.96,7872.46,7876.66
2019.07.04,20:00,7876.66,7878.97,7867.86,7875.17
2019.07.05,00:00,7875.06,7880.969,7860.16,7863.67
2019.07.05,04:00,7863.67,7864.36,7839.37,7841.86
2019.07.05,08:00,7841.86,7850.57,7771.06,7801.47
2019.07.05,12:00,7801.659,7856.27,7792.959,7843.87
2019.07.05,16:00,7843.06,7844.059,7825.57,7826.26
2019.07.07,16:00,7833.36,7837.36,7816.47,7816.759
2019.07.07,20:00,7816.869,7819.859,7800.56,7803.37
2019.07.08,00:00,7803.46,7811.06,7782.36,7806.26
2019.07.08,04:00,7806.26,7817.86,7786.36,7792.469
2019.07.08,08:00,7792.359,7799.759,7752.559,7768.169
2019.07.08,12:00,7767.959,7792.77,7758.459,7787.559
2019.07.08,16:00,7787.359,7788.86,7764.959,7768.97
2019.07.08,20:00,7769.27,7777.37,7727.069,7731.96
2019.07.09,00:00,7731.96,7748.269,7719.97,7719.97
2019.07.09,04:00,7719.97,7748.07,7718.76,7747.859
2019.07.09,08:00,7747.859,7811.36,7741.369,7808.059
2019.07.09,12:00,7808.059,7834.87,7806.269,7826.859
2019.07.09,16:00,7826.56,7826.77,7816.56,7822.369
2019.07.09,20:00,7822.369,7843.859,7820.46,7825.559
2019.07.10,00:00,7825.559,7826.27,7795.56,7807.259
2019.07.10,04:00,7807.259,7815.57,7786.96,7804.359
2019.07.10,08:00,7804.359,7925.87,7802.56,7893.37
2019.07.10,12:00,7893.469,7912.87,7879.27,7902.77
2019.07.10,16:00,7902.86,7908.87,7894.77,7902.07
2019.07.10,20:00,7902.07,7932.96,7898.87,7930.87
2019.07.11,00:00,7930.87,7935.87,7916.86,7923.87
2019.07.11,04:00,7923.87,7937.37,7916.06,7922.56
2019.07.11,08:00,7922.77,7932.17,7897.359,7929.969
2019.07.11,12:00,7930.159,7934.67,7871.46,7896.76
2019.07.11,16:00,7896.759,7900.47,7888.27,7897.96
2019.07.11,20:00,7898.16,7919.459,7894.969,7913.67
2019.07.12,00:00,7913.67,7913.97,7901.86,7907.16
2019.07.12,04:00,7907.16,7923.46,7904.46,7912.27
2019.07.12,08:00,7912.37,7927.16,7898.259,7926.77
2019.07.12,12:00,7926.769,7943.97,7923.57,7942.77
2019.07.12,16:00,7942.969,7944.86,7935.26,7936.27
2019.07.14,16:00,7935.47,7942.96,7926.66,7928.36
2019.07.14,20:00,7928.36,7944.369,7917.66,7940.259
2019.07.15,00:00,7940.36,7958.47,7936.46,7953.26
2019.07.15,04:00,7953.26,7955.66,7934.87,7953.359
2019.07.15,08:00,7953.359,7962.969,7938.76,7947.27
2019.07.15,12:00,7947.36,7969.77,7939.66,7965.97
2019.07.15,16:00,7965.969,7974.17,7957.96,7971.37
2019.07.15,20:00,7971.37,7976.16,7964.96,7974.46
2019.07.16,00:00,7974.46,7978.17,7963.46,7968.87
2019.07.16,04:00,7968.87,7975.26,7960.859,7968.97
2019.07.16,08:00,7969.27,7974.269,7936.97,7938.47
2019.07.16,12:00,7938.47,7943.96,7901.97,7925.969
2019.07.16,16:00,7926.37,7929.47,7913.96,7918.96
2019.07.16,20:00,7918.869,7926.67,7906.759,7921.97
2019.07.17,00:00,7922.17,7936.159,7920.959,7932.96
2019.07.17,04:00,7932.96,7943.66,7922.26,7930.959
2019.07.17,08:00,7930.47,7940.769,7900.96,7921.669
2019.07.17,12:00,7921.669,7925.559,7887.669,7887.669
2019.07.17,16:00,7888.36,7897.47,7847.659,7851.06
2019.07.17,20:00,7850.869,7852.859,7821.959,7830.86
2019.07.18,00:00,7830.96,7843.169,7811.16,7838.969
2019.07.18,04:00,7839.07,7857.16,7832.46,7850.67
2019.07.18,08:00,7850.559,7884.359,7826.059,7829.859
2019.07.18,12:00,7829.77,7913.26,7827.059,7900.869
2019.07.18,16:00,7901.559,7954.769,7891.37,7925.76
2019.07.18,20:00,7925.76,7954.07,7925.06,7943.27
2019.07.19,00:00,7943.27,7950.57,7933.27,7945.86
2019.07.19,04:00,7945.97,7952.459,7918.059,7930.459
2019.07.19,08:00,7930.459,7960.37,7883.26,7895.27
2019.07.19,12:00,7895.169,7919.77,7831.96,7835.47
2019.07.19,16:00,7835.47,7839.77,7824.269,7826.169
2019.07.21,16:00,7815.66,7835.97,7808.959,7832.759
2019.07.21,20:00,7833.17,7835.269,7815.259,7820.76
2019.07.22,00:00,7820.76,7850.46,7820.46,7835.96
2019.07.22,04:00,7836.359,7865.47,7836.27,7855.27
2019.07.22,08:00,7855.27,7902.47,7844.87,7888.86
2019.07.22,12:00,7888.96,7918.97,7876.96,7903.96
2019.07.22,16:00,7903.96,7913.96,7899.76,7910.46
2019.07.22,20:00,7910.86,7925.47,7903.259,7910.97
2019.07.23,00:00,7910.97,7923.47,7904.46,7918.97
2019.07.23,04:00,7919.16,7940.96,7919.16,7932.26
2019.07.23,08:00,7932.36,7945.97,7896.76,7904.56
2019.07.23,12:00,7904.659,7954.37,7892.37,7954.37
2019.07.23,16:00,7954.37,7969.359,7926.76,7936.47
2019.07.23,20:00,7936.47,7952.959,7926.96,7951.37
2019.07.24,00:00,7951.37,7954.27,7917.259,7926.669
2019.07.24,04:00,7926.669,7937.769,7908.359,7935.159
2019.07.24,08:00,7934.97,7978.77,7921.769,7962.97
2019.07.24,12:00,7963.26,8009.77,7961.96,8009.159
2019.07.24,16:00,8009.16,8034.97,7986.47,7999.66
2019.07.24,20:00,7999.769,8001.56,7989.559,7999.77
2019.07.25,00:00,7999.77,8008.77,7992.26,8000.06
2019.07.25,04:00,8000.059,8014.56,7990.06,8013.77
2019.07.25,08:00,8013.77,8017.059,7929.06,7948.76
2019.07.25,12:00,7948.87,7951.87,7918.37,7933.76
2019.07.25,16:00,7933.76,7983.56,7903.77,7978.27
2019.07.25,20:00,7978.559,8003.769,7975.57,8002.26
2019.07.26,00:00,8002.559,8006.66,7988.76,7993.16
2019.07.26,04:00,7993.26,8006.77,7986.26,7998.569
2019.07.26,08:00,7998.66,8019.57,7976.66,8017.57
2019.07.26,12:00,8017.77,8026.67,8007.27,8016.069
2019.07.26,16:00,8015.26,8015.26,8004.67,8004.77
2019.07.28,16:00,8006.059,8011.66,8001.47,8003.06
2019.07.28,20:00,8003.26,8003.27,7987.26,7993.57
2019.07.29,00:00,7993.669,8006.16,7989.06,8005.169
2019.07.29,04:00,8005.569,8016.57,7996.67,8012.569
2019.07.29,08:00,8012.569,8016.16,7938.559,7974.57
2019.07.29,12:00,7974.57,7995.759,7961.27,7989.26
2019.07.29,16:00,7989.769,7997.869,7987.06,7995.36
2019.07.29,20:00,7995.36,8005.47,7993.16,7997.669
2019.07.30,00:00,7997.669,8001.97,7971.97,7977.17
2019.07.30,04:00,7977.17,7981.17,7923.47,7930.96
2019.07.30,08:00,7930.96,7964.56,7913.96,7945.17
2019.07.30,12:00,7945.37,7984.67,7942.27,7953.76
2019.07.30,16:00,7954.069,7979.86,7948.27,7975.06
2019.07.30,20:00,7975.059,7982.97,7964.059,7979.369
2019.07.31,00:00,7979.469,7983.37,7964.36,7971.36
2019.07.31,04:00,7971.47,7986.559,7968.559,7979.36
2019.07.31,08:00,7979.36,7983.07,7952.87,7973.359
2019.07.31,12:00,7973.26,7974.37,7768.97,7848.269
2019.07.31,16:00,7846.559,7855.87,7806.569,7823.86
2019.07.31,20:00,7824.46,7863.77,7817.07,7862.27
2019.08.01,00:00,7862.059,7862.37,7825.76,7856.259
2019.08.01,04:00,7856.37,7881.86,7844.259,7865.27
2019.08.01,08:00,7865.06,8003.57,7847.46,7985.969
2019.08.01,12:00,7985.97,7995.059,7766.46,7800.669
2019.08.01,16:00,7801.569,7823.969,7762.27,7773.759
2019.08.01,20:00,7773.969,7793.06,7748.46,7767.16
2019.08.02,00:00,7767.27,7787.77,7729.76,7741.16
2019.08.02,04:00,7741.26,7765.47,7724.57,7742.16
2019.08.02,08:00,7742.07,7791.76,7644.77,7672.159
2019.08.02,12:00,7672.27,7717.27,7641.259,7692.97
2019.08.02,16:00,7693.77,7701.07,7683.769,7694.17
2019.08.04,16:00,7677.769,7686.67,7665.56,7673.06
2019.08.04,20:00,7672.67,7696.759,7563.97,7578.47
2019.08.05,00:00,7578.57,7605.57,7567.669,7580.76
2019.08.05,04:00,7580.76,7588.67,7535.469,7553.669
2019.08.05,08:00,7553.669,7559.16,7455.07,7459.77
2019.08.05,12:00,7460.059,7467.76,7353.26,7415.669
2019.08.05,16:00,7415.769,7421.57,7216.469,7234.659
2019.08.05,20:00,7235.17,7413.159,7227.659,7411.46
2019.08.06,00:00,7411.17,7445.559,7384.86,7415.16
2019.08.06,04:00,7416.869,7484.869,7397.37,7463.06
2019.08.06,08:00,7463.17,7526.37,7430.87,7471.36
2019.08.06,12:00,7471.16,7542.169,7446.87,7520.06
2019.08.06,16:00,7520.06,7528.37,7477.659,7491.77
2019.08.06,20:00,7493.27,7506.17,7442.959,7466.46
2019.08.07,00:00,7466.759,7531.76,7453.46,7526.96
2019.08.07,04:00,7526.66,7560.57,7516.26,7516.959
2019.08.07,08:00,7516.959,7526.96,7380.27,7472.37
2019.08.07,12:00,7472.869,7570.96,7442.559,7552.77
2019.08.07,16:00,7551.86,7563.77,7529.06,7530.56
2019.08.07,20:00,7530.56,7596.46,7518.76,7593.47
2019.08.08,00:00,7593.57,7603.269,7564.57,7579.76
2019.08.08,04:00,7579.76,7597.57,7551.07,7573.27
2019.08.08,08:00,7573.27,7683.17,7569.27,7679.76
2019.08.08,12:00,7680.07,7726.57,7671.76,7725.77
2019.08.08,16:00,7725.26,7731.27,7647.56,7704.46
2019.08.08,20:00,7704.56,7713.57,7666.17,7679.96
2019.08.09,00:00,7680.07,7692.76,7672.07,7680.76
2019.08.09,04:00,7680.76,7684.17,7648.77,7657.159
2019.08.09,08:00,7657.259,7711.06,7588.17,7596.37
2019.08.09,12:00,7596.37,7687.57,7592.46,7648.87
2019.08.09,16:00,7647.17,7653.47,7643.86,7649.86
2019.08.11,16:00,7661.17,7670.06,7629.16,7632.57
2019.08.11,20:00,7633.36,7685.57,7629.86,7675.16
2019.08.12,00:00,7675.369,7699.87,7663.57,7686.859
2019.08.12,04:00,7686.96,7687.17,7574.66,7591.37
2019.08.12,08:00,7591.37,7624.27,7570.96,7611.27
2019.08.12,12:00,7611.27,7625.96,7527.86,7562.06
2019.08.12,16:00,7562.37,7573.77,7553.87,7573.769
2019.08.12,20:00,7573.77,7585.26,7559.36,7567.27
2019.08.13,00:00,7567.27,7577.969,7523.17,7531.369
2019.08.13,04:00,7531.369,7557.66,7504.96,7536.159
2019.08.13,08:00,7536.159,7780.97,7520.97,7732.159
2019.08.13,12:00,7732.159,7755.16,7705.37,7729.67
2019.08.13,16:00,7729.569,7745.37,7724.66,7741.16
2019.08.13,20:00,7741.459,7752.86,7709.17,7720.17
2019.08.14,00:00,7720.259,7744.17,7701.67,7714.87
2019.08.14,04:00,7715.159,7722.669,7611.37,7621.759
2019.08.14,08:00,7621.869,7631.67,7510.06,7516.16
2019.08.14,12:00,7516.159,7538.17,7478.96,7490.66
2019.08.14,16:00,7490.66,7503.17,7454.96,7491.97
2019.08.14,20:00,7492.169,7521.77,7481.17,7491.86
2019.08.15,00:00,7491.97,7542.169,7481.46,7518.97
2019.08.15,04:00,7519.26,7542.27,7377.16,7516.46
2019.08.15,08:00,7516.16,7559.86,7447.0,7498.97
2019.08.15,12:00,7498.97,7517.07,7427.26,7484.97
2019.08.15,16:00,7484.97,7515.27,7482.47,7505.76
2019.08.15,20:00,7505.76,7544.76,7493.06,7544.27
2019.08.16,00:00,7544.27,7560.27,7527.56,7551.76
2019.08.16,04:00,7551.47,7590.97,7549.26,7562.47
2019.08.16,08:00,7562.47,7622.87,7536.259,7597.96
2019.08.16,12:00,7597.96,7617.07,7583.86,7603.27
2019.08.16,16:00,7603.27,7603.76,7592.56,7602.97
2019.08.18,16:00,7621.97,7645.17,7615.27,7640.76
2019.08.18,20:00,7639.16,7648.27,7625.77,7645.06
2019.08.19,00:00,7645.06,7691.76,7644.26,7670.57
2019.08.19,04:00,7670.96,7711.96,7657.759,7700.96
2019.08.19,08:00,7701.069,7737.57,7685.56,7725.86
2019.08.19,12:00,7726.07,7740.86,7714.56,7719.06
2019.08.19,16:00,7719.06,7720.57,7696.86,7700.76
2019.08.19,20:00,7700.86,7731.87,7690.07,7726.369
2019.08.20,00:00,7726.369,7741.07,7714.96,7727.86
2019.08.20,04:00,7727.56,7737.47,7707.26,7725.27
2019.08.20,08:00,7725.27,7736.47,7671.56,7709.06
2019.08.20,12:00,7709.06,7722.57,7663.97,7665.66
2019.08.20,16:00,7665.535,7666.959,7642.16,7661.76
2019.08.20,20:00,7661.76,7688.27,7661.47,7684.66
2019.08.21,00:00,7684.66,7715.57,7679.57,7711.969
2019.08.21,04:00,7711.969,7730.67,7706.56,7716.26
2019.08.21,08:00,7716.26,7756.27,7709.76,7745.27
2019.08.21,12:00,7745.359,7746.57,7704.87,7731.47
2019.08.21,16:00,7731.87,7771.259,7729.97,7759.36
2019.08.21,20:00,7759.46,7763.26,7720.46,7723.96
2019.08.22,00:00,7723.96,7753.37,7714.86,7744.96
2019.08.22,04:00,7744.86,7751.269,7696.66,7748.17
2019.08.22,08:00,7748.169,7763.77,7646.36,7676.36
2019.08.22,12:00,7676.67,7735.46,7675.17,7707.47
2019.08.22,16:00,7707.47,7710.27,7694.17,7703.77
2019.08.22,20:00,7703.86,7743.46,7699.36,7739.46
2019.08.23,00:00,7739.66,7753.27,7733.27,7735.47
2019.08.23,04:00,7735.669,7750.26,7718.47,7733.17
2019.08.23,08:00,7732.96,7733.26,7514.769,7514.96
2019.08.23,12:00,7515.369,7542.16,7442.17,7468.36
2019.08.23,16:00,7466.86,7507.86,7466.86,7501.56
2019.08.25,16:00,7399.76,7410.27,7349.96,7404.06
2019.08.25,20:00,7404.27,7467.97,7396.96,7459.059
2019.08.26,00:00,7459.059,7587.56,7421.97,7546.56
2019.08.26,04:00,7547.07,7618.07,7532.07,7551.169
2019.08.26,08:00,7551.169,7574.66,7505.06,7544.47
2019.08.26,12:00,7544.469,7576.559,7533.46,7576.169
2019.08.26,16:00,7576.17,7592.47,7563.36,7564.77
2019.08.26,20:00,7564.66,7600.17,7559.77,7584.76
2019.08.27,00:00,7584.86,7587.36,7539.76,7556.66
2019.08.27,04:00,7556.66,7608.37,7544.359,7599.16
2019.08.27,08:00,7599.16,7641.26,7554.27,7571.26
2019.08.27,12:00,7571.459,7600.16,7530.27,7562.66
2019.08.27,16:00,7563.269,7582.86,7548.66,7579.46
2019.08.27,20:00,7579.37,7591.97,7564.07,7583.469
2019.08.28,00:00,7583.469,7588.67,7551.07,7566.359
2019.08.28,04:00,7566.159,7587.37,7527.96,7536.37
2019.08.28,08:00,7536.06,7592.37,7497.469,7583.67
2019.08.28,12:00,7583.769,7598.37,7558.86,7586.359
2019.08.28,16:00,7586.359,7593.27,7567.759,7573.56
2019.08.28,20:00,7573.559,7577.57,7539.86,7554.269
2019.08.29,00:00,7554.269,7663.27,7552.86,7656.26
2019.08.29,04:00,7656.26,7693.67,7646.86,7681.77
2019.08.29,08:00,7681.869,7717.77,7648.77,7703.87
2019.08.29,12:00,7703.97,7723.37,7691.769,7700.569
2019.08.29,16:00,7700.569,7709.07,7683.669,7692.27
2019.08.29,20:00,7692.769,7725.77,7687.769,7721.369
2019.08.30,00:00,7721.27,7729.869,7684.769,7728.269
2019.08.30,04:00,7727.97,7762.67,7725.37,7753.469
2019.08.30,08:00,7753.37,7755.169,7640.069,7669.869
2019.08.30,12:00,7670.069,7691.07,7650.57,7685.069
2019.08.30,16:00,7685.069,7686.569,7669.069,7670.169
2019.09.01,16:00,7600.269,7626.17,7587.07,7623.769
2019.09.01,20:00,7623.87,7644.87,7615.869,7634.069
2019.09.02,00:00,7634.169,7668.67,7626.669,7661.059
2019.09.02,04:00,7661.56,7689.059,7652.659,7667.06
2019.09.02,08:00,7667.06,7670.67,7576.67,7621.76
2019.09.02,12:00,7623.06,7627.27,7603.169,7608.17
2019.09.02,16:00,7605.77,7638.17,7599.66,7618.659
2019.09.02,20:00,7618.969,7657.96,7616.959,7632.959
2019.09.03,00:00,7633.059,7652.06,7589.16,7596.069
2019.09.03,04:00,7596.159,7643.47,7587.159,7620.459
2019.09.03,08:00,7620.659,7671.069,7591.97,7628.87
2019.09.03,12:00,7628.87,7635.866,7583.059,7610.07
2019.09.03,16:00,7609.696,7620.07,7603.86,7606.46
2019.09.03,20:00,7606.76,7658.369,7605.259,7645.759
2019.09.04,00:00,7645.759,7724.37,7644.97,7721.359
2019.09.04,04:00,7721.359,7723.37,7682.06,7694.96
2019.09.04,08:00,7694.96,7701.06,7661.359,7696.059
2019.09.04,12:00,7695.97,7725.06,7686.27,7718.87
2019.09.04,16:00,7719.369,7720.87,7710.86,7716.56
2019.09.04,20:00,7716.87,7832.47,7714.56,7815.16
2019.09.05,00:00,7815.36,7824.37,7762.459,7782.37
2019.09.05,04:00,7782.07,7813.57,7773.57,7796.86
2019.09.05,08:00,7797.059,7880.67,7797.059,7847.96
2019.09.05,12:00,7847.86,7866.87,7833.359,7860.969
2019.09.05,16:00,7860.86,7868.77,7847.87,7867.07
2019.09.05,20:00,7866.959,7878.57,7854.269,7864.459
2019.09.06,00:00,7864.569,7876.96,7847.56,7865.47
2019.09.06,04:00,7865.37,7886.27,7853.46,7874.76
2019.09.06,08:00,7874.76,7888.769,7835.87,7854.67
2019.09.06,12:00,7854.67,7874.87,7834.26,7852.459
2019.09.06,16:00,7852.26,7854.77,7850.459,7853.77
2019.09.08,16:00,7862.67,7869.67,7857.37,7858.86
2019.09.08,20:00,7858.859,7881.76,7855.759,7866.27
2019.09.09,00:00,7866.37,7875.77,7859.77,7865.67
2019.09.09,04:00,7865.67,7875.77,7861.16,7867.96
2019.09.09,08:00,7868.27,7880.759,7839.97,7858.67
2019.09.09,12:00,7858.76,7860.27,7794.66,7833.46
2019.09.09,16:00,7833.96,7840.77,7825.96,7839.67
2019.09.09,20:00,7839.669,7852.859,7815.46,7822.37
2019.09.10,00:00,7822.37,7823.97,7785.769,7792.969
2019.09.10,04:00,7793.27,7823.47,7777.17,7802.36
2019.09.10,08:00,7802.36,7808.97,7740.77,7778.56
2019.09.10,12:00,7778.369,7813.269,7757.36,7813.269
2019.09.10,16:00,7813.269,7815.359,7799.56,7805.559
2019.09.10,20:00,7805.559,7813.06,7781.77,7807.369
2019.09.11,00:00,7807.369,7841.87,7803.77,7826.87
2019.09.11,04:00,7826.869,7831.659,7789.76,7829.76
2019.09.11,08:00,7829.76,7876.36,7807.37,7874.559
2019.09.11,12:00,7874.759,7889.569,7855.06,7884.37
2019.09.11,16:00,7884.669,7953.869,7880.669,7946.159
2019.09.11,20:00,7946.059,7950.469,7922.459,7938.87
2019.09.12,00:00,7938.67,7941.869,7904.669,7919.669
2019.09.12,04:00,7919.57,7935.86,7900.059,7926.169
2019.09.12,08:00,7926.359,7976.059,7904.369,7944.159
2019.09.12,12:00,7944.359,7960.87,7914.359,7916.659
2019.09.12,16:00,7916.759,7928.27,7915.659,7927.259
2019.09.12,20:00,7927.67,7936.56,7920.0,7929.559
2019.09.13,00:00,7929.67,7945.16,7926.069,7937.57
2019.09.13,04:00,7937.57,7952.77,7926.76,7938.76
2019.09.13,08:00,7938.56,7942.069,7882.07,7897.77
2019.09.13,12:00,7897.959,7909.16,7877.569,7890.069
2019.09.13,16:00,7889.76,7897.569,7880.769,7882.97
2019.09.15,16:00,7810.26,7843.57,7807.069,7812.459
2019.09.15,20:00,7812.459,7815.67,7771.459,7809.66
2019.09.16,00:00,7809.959,7840.97,7802.069,7825.969
2019.09.16,04:00,7826.26,7839.069,7811.959,7836.07
2019.09.16,08:00,7836.07,7869.859,7828.47,7831.459
2019.09.16,12:00,7831.369,7859.269,7830.06,7852.469
2019.09.16,16:00,7852.06,7869.37,7851.97,7859.07
2019.09.16,20:00,7859.169,7863.869,7835.07,7843.059
2019.09.17,00:00,7843.17,7849.16,7824.57,7842.369
2019.09.17,04:00,7842.559,7858.959,7830.56,7853.86
2019.09.17,08:00,7853.66,7867.46,7833.869,7859.559
2019.09.17,12:00,7859.87,7891.469,7848.859,7888.869
2019.09.17,16:00,7888.869,7895.37,7880.86,7885.47
2019.09.17,20:00,7885.36,7886.87,7871.07,7873.96
2019.09.18,00:00,7874.07,7881.359,7867.859,7878.36
2019.09.18,04:00,7878.559,7884.07,7860.069,7866.86
2019.09.18,08:00,7866.469,7881.07,7856.369,7865.559
2019.09.18,12:00,7865.47,7891.87,7788.57,7887.47
2019.09.18,16:00,7888.269,7901.07,7880.959,7881.369
2019.09.18,20:00,7881.47,7894.359,7844.56,7849.359
2019.09.19,00:00,7849.469,7876.87,7826.969,7870.259
2019.09.19,04:00,7870.37,7878.97,7854.859,7874.069
2019.09.19,08:00,7873.969,7949.87,7872.56,7927.159
2019.09.19,12:00,7927.059,7933.17,7884.659,7900.37
2019.09.19,16:00,7900.37,7906.97,7890.069,7903.26
2019.09.19,20:00,7903.36,7913.269,7888.759,7910.27
2019.09.20,00:00,7910.36,7916.77,7898.269,7914.47
2019.09.20,04:00,7913.969,7922.069,7904.27,7916.269
2019.09.20,08:00,7916.059,7927.559,7861.059,7877.06
2019.09.20,12:00,7877.06,7881.57,7790.57,7815.769
2019.09.20,16:00,7815.769,7823.059,7805.059,7810.069
2019.09.22,16:00,7848.37,7873.469,7835.559,7854.259
2019.09.22,20:00,7854.359,7866.259,7839.57,7844.969
2019.09.23,00:00,7844.869,7862.959,7811.959,7813.969
2019.09.23,04:00,7813.769,7825.87,7791.959,7814.37
2019.09.23,08:00,7813.37,7831.57,7786.269,7823.17
2019.09.23,12:00,7823.359,7844.46,7817.27,7820.07
2019.09.23,16:00,7819.559,7879.769,7817.559,7862.459
2019.09.23,20:00,7862.96,7868.869,7848.059,7851.869
2019.09.24,00:00,7851.769,7861.569,7840.36,7846.57
2019.09.24,04:00,7846.96,7866.369,7845.57,7858.07
2019.09.24,08:00,7857.76,7872.069,7754.87,7769.36
2019.09.24,12:00,7769.26,7781.369,7680.369,7714.859
2019.09.24,16:00,7714.859,7735.259,7702.86,7733.269
2019.09.24,20:00,7733.059,7739.27,7704.359,7734.56
2019.09.25,00:00,7734.759,7737.369,7689.559,7690.769
2019.09.25,04:00,7690.27,7698.959,7663.86,7687.259
2019.09.25,08:00,7687.259,7747.46,7645.269,7731.76
2019.09.25,12:00,7731.87,7824.87,7729.759,7801.56
2019.09.25,16:00,7802.36,7807.27,7786.359,7794.96
2019.09.25,20:00,7795.259,7797.869,7782.57,7784.57
2019.09.26,00:00,7784.369,7803.47,7762.359,7799.269
2019.09.26,04:00,7799.36,7821.069,7794.459,7811.86
2019.09.26,08:00,7811.559,7813.759,7716.56,7734.57
2019.09.26,12:00,7734.57,7799.97,7725.569,7774.569
2019.09.26,16:00,7774.569,7783.17,7757.969,7757.969
2019.09.26,20:00,7757.969,7760.269,7733.87,7744.159
2019.09.27,00:00,7743.87,7777.96,7741.659,7767.97
2019.09.27,04:00,7767.97,7801.97,7766.459,7785.97
2019.09.27,08:00,7785.97,7792.27,7690.769,7740.26
2019.09.27,12:00,7740.26,7745.169,7623.159,7683.16
2019.09.27,16:00,7682.87,7688.859,7680.659,7683.56
2019.09.29,16:00,7734.269,7739.969,7688.559,7706.66
2019.09.29,20:00,7705.76,7731.07,7700.959,7726.469
2019.09.30,00:00,7726.269,7727.96,7709.559,7718.459
2019.09.30,04:00,7718.459,7735.67,7707.96,7714.659
2019.09.30,08:00,7714.07,7739.169,7690.27,7735.36
2019.09.30,12:00,7735.36,7763.66,7734.359,7748.57
2019.09.30,16:00,7749.469,7770.769,7749.469,7761.26
2019.09.30,20:00,7761.369,7800.57,7759.859,7793.169
2019.10.01,00:00,7792.77,7806.069,7782.769,7783.57
2019.10.01,04:00,7783.66,7795.259,7765.57,7771.57
2019.10.01,08:00,7771.359,7822.26,7708.059,7715.37
2019.10.01,12:00,7715.059,7716.059,7672.469,7684.66
2019.10.01,16:00,7685.56,7703.97,7675.27,7703.459
2019.10.01,20:00,7703.569,7711.669,7683.259,7698.77
2019.10.02,00:00,7699.169,7701.069,7636.16,7644.16
2019.10.02,04:00,7644.559,7651.97,7612.059,7638.659
2019.10.02,08:00,7638.659,7644.47,7529.559,7546.569
2019.10.02,12:00,7546.76,7574.459,7509.06,7554.57
2019.10.02,16:00,7553.76,7559.17,7529.059,7544.459
2019.10.02,20:00,7544.559,7562.67,7531.169,7549.86
2019.10.03,00:00,7549.56,7572.56,7527.97,7564.859
2019.10.03,04:00,7565.06,7572.37,7528.359,7536.369
2019.10.03,08:00,7536.059,7606.36,7460.56,7572.36
2019.10.03,12:00,7572.56,7641.37,7572.07,7639.06
2019.10.03,16:00,7638.56,7645.86,7628.46,7629.07
2019.10.03,20:00,7629.26,7636.97,7624.27,7631.27
2019.10.04,00:00,7631.759,7670.059,7623.97,7639.26
2019.10.04,04:00,7639.369,7645.869,7609.46,7624.47
2019.10.04,08:00,7624.47,7732.06,7616.37,7724.57
2019.10.04,12:00,7723.86,7758.86,7715.86,7750.37
2019.10.04,16:00,7748.059,7754.86,7741.36,7749.07
2019.10.06,16:00,7685.37,7731.47,7684.27,7722.46
2019.10.06,20:00,7722.46,7731.36,7705.569,7713.269
2019.10.07,00:00,7713.36,7732.759,7709.269,7718.459
2019.10.07,04:00,7718.969,7743.369,7706.86,7730.459
2019.10.07,08:00,7730.459,7773.659,7710.059,7773.47
2019.10.07,12:00,7773.569,7785.659,7721.169,7723.16
2019.10.07,16:00,7723.86,7733.56,7718.059,7728.87
2019.10.07,20:00,7728.87,7769.57,7726.66,7760.969
2019.10.08,00:00,7761.159,7770.57,7717.47,7719.87
2019.10.08,04:00,7719.67,7731.86,7652.37,7678.37
2019.10.08,08:00,7678.37,7685.059,7612.869,7640.56
2019.10.08,12:00,7640.86,7709.269,7603.77,7605.47
2019.10.08,16:00,7605.47,7617.87,7593.76,7603.76
2019.10.08,20:00,7603.67,7636.169,7603.67,7626.859
2019.10.09,00:00,7626.97,7648.67,7598.67,7629.16
2019.10.09,04:00,7629.87,7705.67,7623.46,7689.36
2019.10.09,08:00,7689.36,7694.27,7649.66,7684.37
2019.10.09,12:00,7684.37,7719.27,7681.46,7688.969
2019.10.09,16:00,7688.841,7698.86,7570.659,7624.36
2019.10.09,20:00,7624.36,7695.469,7598.46,7673.66
2019.10.10,00:00,7673.169,7694.669,7651.76,7663.37
2019.10.10,04:00,7664.269,7701.47,7658.16,7671.36
2019.10.10,08:00,7671.87,7774.06,7669.46,7764.26
2019.10.10,12:00,7764.16,7765.57,7696.17,7743.169
2019.10.10,16:00,7743.17,7796.96,7739.76,7769.97
2019.10.10,20:00,7770.469,7785.07,7754.47,7784.46
2019.10.11,00:00,7784.459,7799.96,7773.97,7794.17
2019.10.11,04:00,7794.47,7848.77,7793.76,7833.27
2019.10.11,08:00,7833.47,7897.36,7819.77,7871.76
2019.10.11,12:00,7871.959,7905.06,7826.27,7838.07
2019.10.11,16:00,7838.47,7848.659,7823.17,7843.57
2019.10.13,16:00,7838.67,7878.76,7837.269,7878.56
2019.10.13,20:00,7878.96,7880.16,7841.67,7864.66
2019.10.14,00:00,7864.66,7871.47,7828.47,7830.169
2019.10.14,04:00,7830.27,7843.969,7793.06,7829.56
2019.10.14,08:00,7830.27,7867.17,7817.57,7851.96
2019.10.14,12:00,7851.96,7859.97,7839.17,7842.67
2019.10.14,16:00,7842.36,7867.97,7836.16,7865.67
2019.10.14,20:00,7865.67,7869.56,7849.06,7863.56
2019.10.15,00:00,7863.669,7895.56,7862.67,7884.57
2019.10.15,04:00,7884.57,7894.97,7855.56,7863.87
2019.10.15,08:00,7864.07,7946.37,7858.36,7937.66
2019.10.15,12:00,7937.87,7960.86,7929.86,7940.77
2019.10.15,16:00,7941.369,7949.16,7934.57,7939.27
2019.10.15,20:00,7939.169,7946.06,7921.06,7924.67
2019.10.16,00:00,7924.76,7946.169,7919.36,7932.27
2019.10.16,04:00,7932.56,7935.76,7913.57,7925.07
2019.10.16,08:00,7925.069,7941.569,7896.169,7920.069
2019.10.16,12:00,7920.269,7926.57,7902.46,7923.06
2019.10.16,16:00,7923.06,7942.86,7915.06,7927.27
2019.10.16,20:00,7927.27,7941.27,7920.77,7933.26
2019.10.17,00:00,7933.26,7944.87,7918.57,7939.97
2019.10.17,04:00,7940.26,7982.46,7936.86,7967.56
2019.10.17,08:00,7967.56,7981.06,7915.76,7926.16
2019.10.17,12:00,7927.03,7950.87,7912.159,7942.86
2019.10.17,16:00,7942.27,7943.37,7931.76,7936.27
2019.10.17,20:00,7936.27,7942.57,7919.37,7924.37
2019.10.18,00:00,7924.56,7929.77,7905.66,7926.77
2019.10.18,04:00,7927.069,7945.27,7922.27,7942.27
2019.10.18,08:00,7942.27,7946.67,7854.86,7856.869
2019.10.18,12:00,7856.87,7901.17,7826.16,7866.46
2019.10.18,16:00,7867.26,7875.27,7864.46,7871.269
2019.10.20,16:00,7861.959,7884.169,7857.96,7883.969
2019.10.20,20:00,7883.869,7899.669,7883.36,7894.969
2019.10.21,00:00,7895.16,7903.36,7876.359,7892.859
2019.10.21,04:00,7892.859,7900.67,7885.759,7897.36
2019.10.21,08:00,7897.36,7928.76,7884.77,7920.16
2019.10.21,12:00,7920.16,7941.259,7916.669,7937.469
2019.10.21,16:00,7936.76,7940.27,7933.259,7935.66
2019.10.21,20:00,7935.869,7968.67,7934.269,7957.459
2019.10.22,00:00,7957.369,7960.46,7934.37,7937.459
2019.10.22,04:00,7937.459,7960.77,7927.0,7959.759
2019.10.22,08:00,7965.87,7979.26,7911.359,7915.37
2019.10.22,12:00,7915.059,7933.87,7871.569,7875.07
2019.10.22,16:00,7875.07,7877.56,7831.37,7833.469
2019.10.22,20:00,7833.26,7833.87,7799.86,7823.559
2019.10.23,00:00,7823.76,7842.87,7823.069,7836.26
2019.10.23,04:00,7836.369,7861.059,7824.07,7840.259
2019.10.23,08:00,7839.57,7890.859,7835.869,7873.06
2019.10.23,12:00,7872.859,7889.46,7855.859,7888.569
2019.10.23,16:00,7888.269,7923.36,7875.06,7916.16
2019.10.23,20:00,7916.16,7917.37,7904.27,7910.659
2019.10.24,00:00,7910.269,7931.27,7903.96,7920.36
2019.10.24,04:00,7920.759,7940.469,7910.0,7940.46
2019.10.24,08:00,7940.269,7968.77,7908.76,7965.759
2019.10.24,12:00,7965.469,7971.26,7933.96,7966.47
2019.10.24,16:00,7966.96,7977.77,7911.27,7917.27
2019.10.24,20:00,7917.159,7931.259,7914.46,7927.26
2019.10.25,00:00,7927.26,7939.459,7921.97,7924.47
2019.10.25,04:00,7924.47,7937.47,7924.26,7929.27
2019.10.25,08:00,7929.27,8033.47,7913.96,8025.77
2019.10.25,12:00,8025.96,8033.27,8005.46,8026.77
2019.10.25,16:00,8027.67,8029.96,8023.26,8026.759
2019.10.27,16:00,8043.959,8055.47,8041.16,8047.66
2019.10.27,20:00,8047.659,8052.27,8042.27,8049.77
2019.10.28,00:00,8049.77,8065.16,8040.77,8051.66
2019.10.28,04:00,8051.76,8068.77,8044.469,8067.47
2019.10.28,08:00,8067.47,8113.26,8062.96,8102.47
2019.10.28,12:00,8102.87,8119.76,8079.46,8087.16
2019.10.28,16:00,8101.469,8110.66,8095.86,8107.27
2019.10.28,20:00,8107.369,8109.16,8097.96,8102.67
2019.10.29,00:00,8102.769,8103.86,8086.96,8093.96
2019.10.29,04:00,8093.96,8097.16,8071.87,8096.259
2019.10.29,08:00,8096.37,8106.76,8044.76,8070.26
2019.10.29,12:00,8070.26,8079.76,8043.26,8047.46
2019.10.29,16:00,8050.759,8052.97,8043.0,8045.16
2019.10.29,20:00,8045.569,8050.07,8036.77,8044.07
2019.10.30,00:00,8044.069,8048.27,8038.27,8043.06
2019.10.30,04:00,8042.76,8065.77,8039.569,8061.559
2019.10.30,08:00,8061.46,8065.27,8012.96,8041.16
2019.10.30,12:00,8041.469,8105.97,8022.56,8104.56
2019.10.30,16:00,8122.36,8124.07,8108.67,8115.859
2019.10.30,20:00,8115.859,8116.17,8101.46,8109.56
2019.10.31,00:00,8109.669,8129.87,8104.16,8119.36
2019.10.31,04:00,8119.569,8122.47,8072.97,8099.57
2019.10.31,08:00,8099.57,8109.46,8038.46,8059.269
2019.10.31,12:00,8059.359,8093.96,8046.96,8084.06
2019.10.31,16:00,8085.86,8091.67,8078.46,8089.47
2019.10.31,20:00,8089.559,8114.97,8089.06,8112.67
2019.11.01,00:00,8112.86,8118.37,8097.67,8103.059
2019.11.01,04:00,8102.97,8122.669,8087.97,8116.96
2019.11.01,08:00,8116.96,8156.16,8109.46,8118.17
2019.11.01,12:00,8118.17,8161.76,8116.16,8155.159
2019.11.03,16:00,8166.16,8175.16,8160.759,8168.77
2019.11.03,20:00,8168.769,8186.87,8167.66,8183.87
2019.11.04,00:00,8183.87,8197.86,8177.36,8186.76
2019.11.04,04:00,8186.86,8212.57,8186.86,8200.36
2019.11.04,08:00,8200.36,8228.67,8197.07,8198.46
2019.11.04,12:00,8198.559,8222.56,8197.06,8210.26
2019.11.04,16:00,8209.47,8240.169,8201.97,8222.66
2019.11.04,20:00,8222.66,8235.57,8215.07,8232.459
2019.11.05,00:00,8232.26,8239.07,8224.07,8232.56
2019.11.05,04:00,8232.66,8242.27,8223.76,8230.07
2019.11.05,08:00,8229.969,8235.17,8189.06,8218.76
2019.11.05,12:00,8218.76,8229.601,8208.06,8211.06
2019.11.05,16:00,8210.76,8213.26,8198.67,8198.96
2019.11.05,20:00,8198.96,8204.67,8194.46,8203.57
2019.11.06,00:00,8203.57,8221.67,8202.06,8217.86
2019.11.06,04:00,8217.86,8217.96,8196.86,8211.459
2019.11.06,08:00,8211.459,8218.96,8155.36,8165.46
2019.11.06,12:00,8166.07,8196.07,8164.06,8195.27
2019.11.06,16:00,8195.559,8206.56,8191.86,8193.86
2019.11.06,20:00,8193.959,8195.37,8180.06,8186.27
2019.11.07,00:00,8186.359,8252.969,8183.97,8239.259
2019.11.07,04:00,8239.259,8249.47,8230.059,8237.37
2019.11.07,08:00,8237.369,8269.27,8225.36,8266.17
2019.11.07,12:00,8265.969,8274.46,8196.959,8220.269
2019.11.07,16:00,8220.369,8240.06,8214.06,8214.97
2019.11.07,20:00,8215.06,8216.07,8190.27,8193.96
2019.11.08,00:00,8193.96,8216.67,8188.06,8205.47
2019.11.08,04:00,8205.57,8228.06,8199.06,8208.17
2019.11.08,08:00,8208.07,8237.57,8183.76,8230.56
2019.11.08,12:00,8230.77,8254.36,8221.859,8254.07
2019.11.08,16:00,8254.56,8257.07,8248.07,8249.56
2019.11.10,16:00,8250.37,8251.36,8236.36,8237.86
2019.11.10,20:00,8237.86,8238.059,8222.27,8228.76
2019.11.11,00:00,8228.869,8228.87,8213.36,8223.57
2019.11.11,04:00,8223.57,8223.57,8205.87,8214.57
2019.11.11,08:00,8214.57,8236.17,8199.77,8231.369
2019.11.11,12:00,8231.56,8245.87,8226.67,8242.06
2019.11.11,16:00,8242.06,8249.159,8229.86,8239.57
2019.11.11,20:00,8239.36,8239.67,8220.36,8235.37
2019.11.12,00:00,8235.659,8265.66,8234.06,8248.26
2019.11.12,04:00,8248.37,8259.77,8237.17,8250.159
2019.11.12,08:00,8250.159,8292.87,8242.66,8278.37
2019.11.12,12:00,8278.37,8286.87,8235.86,8264.27
2019.11.12,16:00,8264.67,8268.57,8243.669,8245.869
2019.11.12,20:00,8245.97,8251.96,8234.37,8239.56
2019.11.13,00:00,8239.46,8254.67,8235.16,8242.67
2019.11.13,04:00,8242.67,8242.67,8212.16,8231.969
2019.11.13,08:00,8231.969,8273.17,8230.659,8269.46
2019.11.13,12:00,8269.46,8274.559,8233.059,8259.26
2019.11.13,16:00,8258.76,8265.07,8246.46,8250.359
2019.11.13,20:00,8267.86,8268.87,8235.26,8249.46
2019.11.14,00:00,8249.869,8259.26,8236.96,8242.37
2019.11.14,04:00,8242.47,8264.37,8235.87,8240.97
2019.11.14,08:00,8241.16,8256.46,8210.159,8217.869
2019.11.14,12:00,8217.659,8265.669,8214.659,8259.869
2019.11.14,16:00,8259.26,8292.159,8254.059,8290.869
2019.11.14,20:00,8291.16,8301.17,8285.859,8290.569
2019.11.15,00:00,8290.659,8292.869,8278.359,8282.869
2019.11.15,04:00,8283.159,8295.76,8278.859,8291.17
2019.11.15,08:00,8291.07,8316.159,8282.86,8303.659
2019.11.15,12:00,8303.559,8312.069,8291.36,8312.069
2019.11.15,16:00,8311.269,8313.869,8308.769,8311.37
2019.11.17,16:00,8311.059,8311.37,8299.059,8303.86
2019.11.17,20:00,8303.96,8314.069,8300.869,8307.07
2019.11.18,00:00,8307.07,8359.07,8305.359,8327.559
2019.11.18,04:00,8327.47,8338.57,8324.56,8336.869
2019.11.18,08:00,8336.769,8337.269,8272.86,8316.069
2019.11.18,12:00,8315.759,8339.76,8304.26,8327.57
2019.11.18,16:00,8327.57,8328.07,8311.569,8315.56
2019.11.18,20:00,8315.16,8343.07,8310.669,8340.469
2019.11.19,00:00,8340.57,8357.56,8332.56,8348.569
2019.11.19,04:00,8348.269,8371.76,8346.969,8363.26
2019.11.19,08:00,8363.26,8364.56,8306.769,8347.57
2019.11.19,12:00,8347.57,8356.77,8331.57,8339.07
2019.11.19,16:00,8338.27,8339.27,8305.66,8314.67
2019.11.19,20:00,8315.059,8316.36,8289.059,8307.07
2019.11.20,00:00,8307.07,8316.67,8286.859,8290.37
2019.11.20,04:00,8290.569,8307.87,8281.36,8301.16
2019.11.20,08:00,8301.16,8338.67,8296.159,8313.869
2019.11.20,12:00,8313.869,8320.87,8221.87,8283.16
2019.11.20,16:00,8283.16,8284.67,8233.559,8237.869
2019.11.20,20:00,8237.869,8279.769,8229.86,8257.159
2019.11.21,00:00,8257.359,8278.57,8247.06,8261.87
2019.11.21,04:00,8262.059,8288.87,8258.56,8274.16
2019.11.21,08:00,8274.16,8297.169,8239.659,8243.66
2019.11.21,12:00,8243.769,8282.369,8241.36,8266.359
2019.11.21,16:00,8266.17,8278.469,8258.259,8275.559
2019.11.21,20:00,8275.669,8292.17,8275.569,8285.16
2019.11.22,00:00,8285.16,8305.07,8278.47,8301.26
2019.11.22,04:00,8301.17,8302.27,8279.76,8288.07
2019.11.22,08:00,8287.969,8291.77,8226.559,8253.259
2019.11.22,12:00,8253.37,8272.26,8252.259,8271.46
2019.11.22,16:00,8271.46,8275.46,8269.959,8274.459
2019.11.24,16:00,8302.77,8304.37,8289.86,8301.17
2019.11.24,20:00,8300.97,8308.87,8297.76,8298.46
2019.11.25,00:00,8298.26,8306.27,8296.17,8302.27
2019.11.25,04:00,8302.36,8305.269,8294.959,8297.96
2019.11.25,08:00,8298.17,8365.47,8294.269,8357.66
2019.11.25,12:00,8357.469,8371.969,8353.46,8371.47
2019.11.25,16:00,8371.659,8386.77,8364.569,8386.06
2019.11.25,20:00,8386.06,8413.859,8374.959,8379.759
2019.11.26,00:00,8379.56,8383.96,8365.97,8370.07
2019.11.26,04:00,8369.969,8374.87,8360.0,8370.06
2019.11.26,08:00,8370.06,8391.359,8363.37,8386.56
2019.11.26,12:00,8386.56,8396.76,8378.36,8385.669
2019.11.26,16:00,8385.67,8402.459,8384.87,8395.17
2019.11.26,20:00,8395.359,8407.369,8390.459,8405.669
2019.11.27,00:00,8405.559,8412.97,8402.059,8411.36
2019.11.27,04:00,8411.469,8423.17,8407.47,8411.359
2019.11.27,08:00,8411.359,8431.97,8397.469,8431.459
2019.11.27,12:00,8431.36,8444.459,8430.169,8444.459
2019.11.27,16:00,8444.769,8451.969,8412.269,8417.46
2019.11.27,20:00,8417.66,8425.859,8409.469,8423.159
2019.11.28,00:00,8423.259,8428.969,8417.459,8425.77
2019.11.28,04:00,8425.959,8438.27,8421.759,8436.27
2019.11.28,08:00,8436.369,8439.46,8428.97,8438.87
2019.11.28,12:00,8438.96,8443.17,8438.159,8439.859
2019.11.28,16:00,8438.169,8445.069,8436.56,8436.659
2019.11.28,20:00,8436.769,8437.369,8414.859,8418.16
2019.11.29,00:00,8418.07,8423.37,8405.36,8423.159
2019.11.29,04:00,8423.269,8434.37,8421.059,8429.17
2019.11.29,08:00,8429.07,8435.66,8414.86,8424.66
2019.11.29,12:00,8424.66,8424.67,8402.859,8418.169
2019.12.01,16:00,8428.17,8445.17,8418.059,8441.659
2019.12.01,20:00,8441.76,8447.67,8437.259,8444.169
2019.12.02,00:00,8444.059,8452.069,8431.16,8447.57
2019.12.02,04:00,8447.57,8449.17,8414.27,8422.07
2019.12.02,08:00,8421.87,8422.36,8273.259,8307.06
2019.12.02,12:00,8307.06,8332.37,8284.369,8313.16
2019.12.02,16:00,8312.26,8318.57,8288.17,8310.769
2019.12.02,20:00,8310.669,8331.069,8300.559,8325.769
2019.12.03,00:00,8325.269,8332.669,8316.259,8324.269
2019.12.03,04:00,8324.469,8331.969,8248.27,8251.269
2019.12.03,08:00,8251.269,8256.77,8165.06,8201.569
2019.12.03,12:00,8201.27,8258.07,8192.359,8254.87
2019.12.03,16:00,8254.87,8262.069,8237.86,8245.769
2019.12.03,20:00,8245.769,8260.66,8236.86,8258.86
2019.12.04,00:00,8258.659,8261.36,8216.169,8242.86
2019.12.04,04:00,8241.869,8303.77,8241.559,8296.37
2019.12.04,08:00,8296.669,8315.87,8277.37,8301.07
2019.12.04,12:00,8301.26,8313.87,8291.86,8295.87
2019.12.04,16:00,8294.959,8299.06,8283.359,8287.269
2019.12.04,20:00,8287.06,8303.77,8279.77,8289.36
2019.12.05,00:00,8289.469,8317.07,8282.76,8308.069
2019.12.05,04:00,8308.069,8334.37,8297.27,8324.46
2019.12.05,08:00,8324.46,8328.76,8268.87,8290.869
2019.12.05,12:00,8290.57,8313.06,8282.57,8309.36
2019.12.05,16:00,8308.86,8323.27,8303.46,8321.07
2019.12.05,20:00,8321.07,8324.37,8312.56,8318.07
2019.12.06,00:00,8318.27,8340.259,8314.06,8332.26
2019.12.06,04:00,8332.26,8339.07,8327.359,8330.459
2019.12.06,08:00,8330.46,8392.57,8317.26,8387.87
2019.12.06,12:00,8387.869,8405.87,8386.86,8396.059
2019.12.06,16:00,8396.459,8397.569,8392.26,8397.07
2019.12.08,16:00,8406.769,8407.26,8378.959,8382.77
2019.12.08,20:00,8382.769,8389.26,8376.269,8381.96
2019.12.09,00:00,8382.07,8393.46,8379.26,8386.56
2019.12.09,04:00,8386.46,8393.07,8378.97,8388.97
2019.12.09,08:00,8388.97,8423.77,8378.17,8392.07
2019.12.09,12:00,8392.07,8396.16,8358.46,8360.96
2019.12.09,16:00,8360.959,8362.47,8347.47,8350.17
2019.12.09,20:00,8350.17,8365.16,8345.159,8359.359
2019.12.10,00:00,8359.559,8368.17,8312.86,8321.759
2019.12.10,04:00,8321.67,8333.66,8291.86,8313.17
2019.12.10,08:00,8313.07,8393.66,8308.86,8374.67
2019.12.10,12:00,8374.669,8380.76,8338.96,8355.459
2019.12.10,16:00,8355.459,8367.859,8343.57,8348.97
2019.12.10,20:00,8348.97,8359.97,8340.169,8354.36
2019.12.11,00:00,8354.459,8389.16,8352.46,8353.47
2019.12.11,04:00,8353.469,8376.969,8349.66,8373.57
2019.12.11,08:00,8373.57,8391.97,8359.66,8374.76
2019.12.11,12:00,8374.76,8407.17,8368.37,8399.27
2019.12.11,16:00,8400.459,8409.769,8396.469,8402.27
2019.12.11,20:00,8402.369,8412.97,8400.459,8407.66
2019.12.12,00:00,8407.77,8420.96,8404.77,8418.67
2019.12.12,04:00,8418.67,8424.27,8396.46,8397.76
2019.12.12,08:00,8397.76,8492.27,8376.46,8427.97
2019.12.12,12:00,8427.97,8476.37,8398.57,8462.57
2019.12.12,16:00,8463.36,8504.97,8451.369,8504.76
2019.12.12,20:00,8504.76,8513.77,8498.76,8502.769
2019.12.13,00:00,8502.769,8511.96,8495.669,8505.459
2019.12.13,04:00,8505.659,8519.06,8450.0,8474.46
2019.12.13,08:00,8474.46,8516.47,8431.959,8485.06
2019.12.13,12:00,8484.97,8502.97,8484.059,8488.76
2019.12.13,16:00,8488.76,8491.659,8485.17,8489.169
2019.12.15,16:00,8506.46,8511.96,8499.17,8509.769
2019.12.15,20:00,8509.769,8518.27,8507.959,8516.27
2019.12.16,00:00,8516.27,8528.46,8510.16,8522.87
2019.12.16,04:00,8522.96,8535.459,8516.669,8535.069
2019.12.16,08:00,8535.069,8584.669,8534.069,8580.87
2019.12.16,12:00,8580.97,8586.87,8568.06,8568.97
2019.12.16,16:00,8568.97,8574.86,8558.86,8561.26
2019.12.16,20:00,8561.26,8580.069,8559.87,8577.06
2019.12.17,00:00,8577.06,8592.36,8570.56,8576.26
2019.12.17,04:00,8576.259,8577.86,8561.37,8571.87
2019.12.17,08:00,8571.97,8591.87,8563.47,8572.269
2019.12.17,12:00,8572.469,8580.26,8568.77,8573.96
2019.12.17,16:00,8573.96,8575.77,8565.859,8569.959
2019.12.17,20:00,8570.269,8576.769,8568.959,8570.27
2019.12.18,00:00,8570.27,8577.27,8562.76,8573.469
2019.12.18,04:00,8573.76,8582.77,8570.359,8578.47
2019.12.18,08:00,8578.659,8610.86,8575.76,8601.87
2019.12.18,12:00,8602.069,8606.57,8580.97,8581.27
2019.12.18,16:00,8580.76,8597.07,8579.17,8593.569
2019.12.18,20:00,8593.569,8595.37,8578.87,8581.77
2019.12.19,00:00,8581.87,8591.86,8575.36,8582.07
2019.12.19,04:00,8582.159,8592.66,8576.859,8579.86
2019.12.19,08:00,8579.86,8626.96,8575.859,8623.37
2019.12.19,12:00,8623.369,8643.27,8617.56,8641.769
2019.12.19,16:00,8641.46,8649.77,8637.47,8644.97
2019.12.19,20:00,8644.77,8646.27,8637.959,8640.27
2019.12.20,00:00,8640.27,8642.76,8634.16,8640.36
2019.12.20,04:00,8640.459,8654.76,8635.259,8654.269
2019.12.20,08:00,8654.369,8692.769,8653.759,8675.369
2019.12.20,12:00,8675.369,8687.57,8664.559,8673.86
2019.12.20,16:00,8674.459,8685.369,8670.46,8680.87
2019.12.22,16:00,8678.76,8693.069,8677.26,8689.57
2019.12.22,20:00,8689.769,8692.07,8687.36,8688.96
2019.12.23,00:00,8688.96,8689.07,8682.07,8685.57
2019.12.23,04:00,8685.37,8711.369,8683.57,8703.269
2019.12.23,08:00,8703.369,8712.57,8691.36,8707.06
2019.12.23,12:00,8707.259,8708.07,8689.06,8694.059
2019.12.23,16:00,8694.059,8702.369,8693.869,8694.47
2019.12.23,20:00,8694.37,8695.77,8689.569,8694.36
2019.12.24,00:00,8694.359,8700.07,8693.86,8697.87
2019.12.24,04:00,8697.97,8707.37,8697.559,8702.57
2019.12.24,08:00,8702.77,8707.069,8679.97,8696.359
2019.12.24,12:00,8696.869,8703.77,8692.86,8702.36
2019.12.25,16:00,8702.96,8710.959,8700.47,8709.259
2019.12.25,20:00,8709.37,8710.37,8705.06,8707.76
2019.12.26,00:00,8707.86,8714.07,8707.559,8709.369
2019.12.26,04:00,8709.369,8713.87,8708.359,8711.869
2019.12.26,08:00,8711.869,8754.97,8708.959,8752.57
2019.12.26,12:00,8752.86,8776.36,8741.47,8776.07
2019.12.26,16:00,8776.07,8794.56,8773.57,8793.87
2019.12.26,20:00,8793.87,8807.37,8791.56,8800.56
2019.12.27,00:00,8800.76,8806.87,8795.26,8803.37
2019.12.27,04:00,8803.37,8815.9,8797.47,8810.26
2019.12.27,08:00,8810.15,8816.59,8754.39,8785.4
2019.12.27,12:00,8785.4,8790.1,8745.88,8769.7
2019.12.27,16:00,8769.1,8769.91,8758.66,8758.68
2019.12.29,16:00,8772.75,8776.69,8768.32,8771.99
2019.12.29,20:00,8771.99,8784.6,8770.92,8783.96
2019.12.30,00:00,8783.92,8784.46,8768.92,8777.95
2019.12.30,04:00,8777.95,8778.01,8750.78,8761.28
2019.12.30,08:00,8761.14,8769.73,8668.3,8714.19
2019.12.30,12:00,8713.9,8733.29,8698.71,8710.59
2019.12.30,16:00,8710.18,8716.79,8704.86,8715.37
2019.12.30,20:00,8715.37,8727.6,8714.65,8724.19
2019.12.31,00:00,8724.22,8726.5,8708.83,8719.37
2019.12.31,04:00,8719.66,8724.7,8697.13,8698.1
2019.12.31,08:00,8698.1,8724.62,8670.69,8698.74
2019.12.31,12:00,8699.06,8734.07,8692.71,8726.23
2019.12.31,16:00,8726.77,8746.57,8726.74,8745.01
2020.01.01,16:00,8749.99,8760.0,8746.07,8758.21
2020.01.01,20:00,8758.21,8768.4,8748.77,8764.17
2020.01.02,00:00,8764.17,8784.87,8759.82,8781.91
2020.01.02,04:00,8782.4,8798.21,8780.66,8794.83
2020.01.02,08:00,8794.81,8829.71,8782.66,8811.17
2020.01.02,12:00,8811.4,8871.0,8808.66,8871.0
2020.01.02,16:00,8871.0,8887.99,8866.59,8882.85
2020.01.02,20:00,8882.85,8887.29,8783.69,8810.88
2020.01.03,00:00,8811.3,8814.72,8760.19,8775.78
2020.01.03,04:00,8775.81,8777.11,8716.19,8757.5
2020.01.03,08:00,8757.28,8822.17,8750.22,8817.78
2020.01.03,12:00,8817.74,8844.68,8793.98,8793.98
2020.01.03,16:00,8793.99,8799.28,8790.99,8793.49
2020.01.05,16:00,8735.91,8766.3,8730.4,8756.71
2020.01.05,20:00,8756.73,8777.31,8742.45,8770.21
2020.01.06,00:00,8770.24,8772.16,8708.9,8711.4
2020.01.06,04:00,8711.35,8748.5,8705.68,8743.98
2020.01.06,08:00,8743.92,8820.11,8712.49,8806.79
2020.01.06,12:00,8807.05,8849.5,8795.68,8846.71
2020.01.06,16:00,8846.89,8855.6,8827.52,8845.89
2020.01.06,20:00,8845.82,8870.71,8843.69,8863.53
2020.01.07,00:00,8863.53,8875.64,8833.65,8860.9
2020.01.07,04:00,8860.8,8867.17,8845.18,8861.42
2020.01.07,08:00,8861.55,8872.21,8816.84,8853.31
2020.01.07,12:00,8853.79,8869.21,8840.43,8846.13
2020.01.07,16:00,8846.18,8846.2,8660.97,8693.39
2020.01.07,20:00,8693.39,8813.47,8683.07,8789.92
2020.01.08,00:00,8790.19,8825.07,8781.59,8815.2
2020.01.08,04:00,8815.13,8865.29,8811.5,8858.02
2020.01.08,08:00,8858.02,8920.47,8831.97,8909.09
2020.01.08,12:00,8909.01,8953.99,8905.69,8911.1
2020.01.08,16:00,8911.1,8945.2,8909.09,8936.19
2020.01.08,20:00,8936.19,8943.7,8913.2,8934.46
2020.01.09,00:00,8934.43,8974.5,8931.67,8964.67
2020.01.09,04:00,8964.91,8975.71,8955.68,8962.56
2020.01.09,08:00,8961.65,9003.51,8958.6,8990.69
2020.01.09,12:00,8990.71,8992.67,8936.19,8989.71
2020.01.09,16:00,8990.0,9015.8,8984.06,9011.88
2020.01.09,20:00,9012.02,9023.39,9005.99,9019.2
2020.01.10,00:00,9019.02,9026.02,9007.14,9012.69
2020.01.10,04:00,9012.69,9037.2,9011.19,9029.0
2020.01.10,08:00,9029.0,9035.2,8987.7,9000.77
2020.01.10,12:00,9000.77,9003.39,8950.54,8967.03
2020.01.10,16:00,8967.03,8968.71,8959.71,8963.41
2020.01.12,16:00,8973.14,8982.21,8966.91,8977.77
2020.01.12,20:00,8977.85,8997.6,8977.85,8992.8
2020.01.13,00:00,8992.8,9005.39,8988.85,9000.2
2020.01.13,04:00,9000.41,9009.89,8989.21,8995.36
2020.01.13,08:00,8995.62,9043.39,8987.83,9042.41
2020.01.13,12:00,9042.41,9071.1,9042.08,9069.41
2020.01.13,16:00,9069.4,9098.3,9065.38,9091.82
2020.01.13,20:00,9091.87,9092.91,9062.63,9069.85
2020.01.14,00:00,9069.85,9076.21,9025.09,9051.56
2020.01.14,04:00,9051.7,9079.8,9044.57,9061.9
2020.01.14,08:00,9062.16,9074.1,9019.66,9061.17
2020.01.14,12:00,9061.49,9079.7,9019.65,9034.49
2020.01.14,16:00,9034.49,9046.77,9008.52,9018.5
2020.01.14,20:00,9018.23,9039.39,9010.78,9020.8
2020.01.15,00:00,9020.8,9042.1,9014.24,9031.19
2020.01.15,04:00,9031.25,9057.4,9026.46,9052.52
2020.01.15,08:00,9052.79,9079.72,9026.21,9061.26
2020.01.15,12:00,9061.33,9072.9,9007.09,9037.19
2020.01.15,16:00,9037.19,9065.78,9036.37,9050.39
2020.01.15,20:00,9050.39,9058.99,9046.88,9057.57
2020.01.16,00:00,9057.75,9092.61,9056.88,9084.62
2020.01.16,04:00,9084.62,9086.99,9070.04,9074.54
2020.01.16,08:00,9074.54,9103.395,9062.66,9079.91
2020.01.16,12:00,9080.18,9125.7,9074.41,9124.57
2020.01.16,16:00,9124.87,9143.59,9119.59,9131.31
2020.01.16,20:00,9131.29,9134.6,9121.38,9121.41
2020.01.17,00:00,9121.44,9148.91,9120.35,9141.41
2020.01.17,04:00,9141.41,9158.33,9139.07,9150.92
2020.01.17,08:00,9150.95,9171.88,9117.04,9134.21
2020.01.17,12:00,9134.45,9176.5,9130.39,9170.32
2020.01.17,16:00,9169.69,9170.31,9160.47,9161.4
2020.01.19,16:00,9160.76,9173.4,9155.38,9168.28
2020.01.19,20:00,9168.42,9170.9,9163.46,9165.63
2020.01.20,00:00,9165.77,9167.4,9147.68,9148.75
2020.01.20,04:00,9148.71,9159.19,9146.45,9153.4
2020.01.20,08:00,9153.4,9161.5,9149.0,9160.7
2020.01.20,12:00,9160.49,9164.7,9159.98,9162.99
2020.01.20,16:00,9162.37,9165.2,9154.28,9156.29
2020.01.20,20:00,9156.29,9156.49,9107.43,9114.8
2020.01.21,00:00,9114.97,9129.6,9101.3,9118.46
2020.01.21,04:00,9118.82,9129.7,9107.0,9127.59
2020.01.21,08:00,9127.41,9187.41,9124.46,9180.52
2020.01.21,12:00,9180.46,9183.71,9140.21,9167.8
2020.01.21,16:00,9167.74,9179.05,9153.29,9174.07
2020.01.21,20:00,9174.02,9222.09,9171.48,9215.56
2020.01.22,00:00,9215.54,9223.8,9208.59,9209.12
2020.01.22,04:00,9209.26,9226.8,9203.29,9220.49
2020.01.22,08:00,9220.49,9242.2,9199.28,9219.3
2020.01.22,12:00,9219.29,9234.91,9177.83,9188.91
2020.01.22,16:00,9188.91,9194.69,9164.79,9178.6
2020.01.22,20:00,9178.74,9195.99,9169.39,9175.6
2020.01.23,00:00,9175.88,9191.1,9161.04,9182.08
2020.01.23,04:00,9182.36,9197.8,9176.78,9182.06
2020.01.23,08:00,9182.26,9202.57,9139.86,9182.69
2020.01.23,12:00,9182.69,9223.7,9175.2,9218.01
2020.01.23,16:00,9217.47,9261.39,9216.7,9250.67
2020.01.23,20:00,9250.45,9259.48,9242.51,9258.0
2020.01.24,00:00,9258.0,9276.69,9247.0,9272.89
2020.01.24,04:00,9272.68,9275.51,9261.0,9263.61
2020.01.24,08:00,9263.61,9273.2,9196.19,9197.29
2020.01.24,12:00,9197.29,9197.5,9099.63,9140.92
2020.01.24,16:00,9142.1,9147.52,9133.52,9133.68
2020.01.26,16:00,9045.92,9057.45,8983.4,9034.13
2020.01.26,20:00,9034.69,9034.94,8994.03,9018.45
2020.01.27,00:00,9018.45,9043.19,9007.48,9028.53
2020.01.27,04:00,9028.88,9028.99,8931.71,8967.98
2020.01.27,08:00,8968.97,8983.89,8916.22,8966.65
2020.01.27,12:00,8966.58,9000.71,8944.71,8951.17
2020.01.27,16:00,8951.17,8974.69,8939.97,8957.9
2020.01.27,20:00,8958.02,9001.97,8955.65,8997.2
2020.01.28,00:00,8997.13,9029.19,8986.62,8991.53
2020.01.28,04:00,8991.51,9028.6,8963.5,9018.9
2020.01.28,08:00,9018.68,9088.51,8991.42,9087.69
2020.01.28,12:00,9087.51,9111.19,9073.98,9089.92
2020.01.28,16:00,9090.0,9116.39,9082.59,9088.49
2020.01.28,20:00,9088.64,9141.7,9085.63,9131.51
2020.01.29,00:00,9131.45,9135.41,9106.99,9124.89
2020.01.29,04:00,9124.92,9147.4,9112.2,9136.43
2020.01.29,08:00,9136.43,9150.41,9063.85,9119.82
2020.01.29,12:00,9119.8,9152.0,9099.34,9101.88
2020.01.29,16:00,9102.67,9127.39,9078.78,9093.63
2020.01.29,20:00,9093.63,9103.3,9040.56,9049.21
2020.01.30,00:00,9049.49,9058.69,8994.34,9029.1
2020.01.30,04:00,9029.15,9060.22,9008.87,9027.81
2020.01.30,08:00,9027.76,9106.4,9016.96,9067.2
2020.01.30,12:00,9067.28,9140.69,9024.72,9136.95
2020.01.30,16:00,9136.15,9221.9,9135.01,9221.13
2020.01.30,20:00,9221.13,9240.17,9202.65,9232.4
2020.01.31,00:00,9232.4,9235.01,9168.79,9171.67
2020.01.31,04:00,9170.9,9190.89,9129.79,9176.84
2020.01.31,08:00,9176.89,9192.4,9006.9,9066.19
2020.01.31,12:00,9066.3,9066.39,8960.8,8988.7
2020.01.31,16:00,8988.65,9012.66,8986.39,9010.41
2020.02.02,16:00,8972.85,9058.0,8972.85,9037.8
2020.02.02,20:00,9037.61,9084.41,9021.09,9064.16
2020.02.03,00:00,9064.16,9080.8,9028.4,9051.28
2020.02.03,04:00,9051.81,9055.61,9018.5,9035.79
2020.02.03,08:00,9035.82,9149.39,9029.42,9111.52
2020.02.03,12:00,9111.52,9142.69,9099.72,9123.79
2020.02.03,16:00,9124.15,9132.62,9065.78,9099.05
2020.02.03,20:00,9099.04,9178.52,9097.65,9166.02
2020.02.04,00:00,9166.97,9220.1,9162.0,9210.0
2020.02.04,04:00,9209.95,9249.7,9203.54,9249.07
2020.02.04,08:00,9248.95,9322.87,9220.41,9318.57
2020.02.04,12:00,9319.09,9352.4,9305.34,9333.48
2020.02.04,16:00,9333.48,9356.2,9317.73,9321.45
2020.02.04,20:00,9321.54,9343.52,9310.24,9336.61
2020.02.05,00:00,9337.0,9411.21,9312.72,9391.76
2020.02.05,04:00,9391.76,9453.42,9382.63,9423.15
2020.02.05,08:00,9423.29,9454.24,9311.11,9355.59
2020.02.05,12:00,9355.49,9393.99,9327.34,9368.33
2020.02.05,16:00,9368.33,9386.47,9358.54,9376.92
2020.02.05,20:00,9376.4,9437.2,9373.82,9435.92
2020.02.06,00:00,9435.92,9450.58,9420.23,9423.83
2020.02.06,04:00,9423.8,9432.99,9390.97,9406.74
2020.02.06,08:00,9407.23,9436.9,9354.02,9417.81
2020.02.06,12:00,9417.81,9448.39,9415.8,9445.39
2020.02.06,16:00,9445.39,9459.29,9417.49,9428.95
2020.02.06,20:00,9428.68,9440.89,9413.14,9428.0
2020.02.07,00:00,9427.61,9453.7,9415.53,9433.47
2020.02.07,04:00,9433.3,9436.99,9384.51,9416.79
2020.02.07,08:00,9416.72,9454.09,9375.5,9442.59
2020.02.07,12:00,9442.41,9453.1,9376.55,9400.27
2020.02.07,16:00,9401.12,9404.0,9393.3,9399.71
2020.02.09,16:00,9389.43,9413.0,9320.49,9361.0
2020.02.09,20:00,9361.3,9428.99,9353.31,9397.5
2020.02.10,00:00,9397.5,9423.59,9373.51,9387.47
2020.02.10,04:00,9387.47,9419.51,9384.29,9399.5
2020.02.10,08:00,9400.27,9475.89,9368.07,9467.01
2020.02.10,12:00,9467.04,9516.19,9447.18,9516.01
2020.02.10,16:00,9515.98,9540.84,9506.7,9533.21
2020.02.10,20:00,9533.14,9571.9,9530.92,9560.97
2020.02.11,00:00,9561.09,9568.36,9542.0,9548.08
2020.02.11,04:00,9548.56,9563.89,9535.41,9559.62
2020.02.11,08:00,9559.69,9600.29,9529.45,9551.53
2020.02.11,12:00,9551.82,9584.09,9493.42,9517.85
2020.02.11,16:00,9517.06,9538.5,9514.94,9525.57
2020.02.11,20:00,9525.5,9549.29,9520.09,9548.27
2020.02.12,00:00,9548.02,9575.41,9544.95,9566.79
2020.02.12,04:00,9566.48,9572.1,9553.51,9560.26
2020.02.12,08:00,9560.26,9601.89,9551.44,9592.77
2020.02.12,12:00,9592.77,9614.9,9586.39,9611.9
2020.02.12,16:00,9611.9,9618.87,9550.86,9572.41
2020.02.12,20:00,9572.46,9588.11,9564.72,9565.38
2020.02.13,00:00,9565.28,9574.79,9550.91,9557.27
2020.02.13,04:00,9557.24,9557.24,9500.6,9534.76
2020.02.13,08:00,9534.75,9621.79,9529.48,9606.79
2020.02.13,12:00,9606.6,9635.8,9586.09,9596.68
2020.02.13,16:00,9596.68,9616.58,9591.72,9608.63
2020.02.13,20:00,9609.0,9649.78,9601.12,9636.28
2020.02.14,00:00,9636.49,9640.54,9622.3,9623.8
2020.02.14,04:00,9624.51,9639.8,9616.17,9638.02
2020.02.14,08:00,9638.29,9638.49,9585.26,9615.76
2020.02.14,12:00,9615.76,9621.7,9580.73,9621.04
2020.02.14,16:00,9621.52,9624.62,9618.23,9624.62
2020.02.16,16:00,9627.32,9659.4,9627.32,9646.46
2020.02.16,20:00,9646.49,9667.03,9643.72,9661.53
2020.02.17,00:00,9661.74,9678.0,9657.02,9662.31
2020.02.17,04:00,9662.12,9668.2,9652.55,9659.06
2020.02.17,08:00,9658.79,9660.19,9646.11,9658.51
2020.02.17,12:00,9658.51,9660.74,9653.76,9657.8
2020.02.17,16:00,9593.18,9605.47,9570.22,9580.65
2020.02.17,20:00,9580.89,9585.81,9555.02,9568.78
2020.02.18,00:00,9568.93,9569.2,9524.29,9541.3
2020.02.18,04:00,9541.71,9564.8,9526.08,9560.6
2020.02.18,08:00,9561.0,9619.03,9556.71,9573.91
2020.02.18,12:00,9573.7,9646.89,9570.64,9628.67
2020.02.18,16:00,9628.34,9657.81,9626.66,9650.26
2020.02.18,20:00,9650.25,9666.4,9636.28,9655.51
2020.02.19,00:00,9655.57,9662.49,9641.05,9648.62
2020.02.19,04:00,9649.0,9674.63,9648.81,9673.24
2020.02.19,08:00,9673.22,9728.28,9665.8,9724.01
2020.02.19,12:00,9724.28,9738.0,9709.73,9718.38
2020.02.19,16:00,9718.23,9751.57,9717.31,9745.61
2020.02.19,20:00,9745.51,9749.02,9675.21,9700.11
2020.02.20,00:00,9700.11,9732.28,9696.52,9706.09
2020.02.20,04:00,9706.09,9717.98,9692.06,9701.62
2020.02.20,08:00,9701.62,9715.3,9507.28,9573.05
2020.02.20,12:00,9572.31,9635.06,9539.25,9625.91
2020.02.20,16:00,9626.49,9631.85,9554.6,9590.29
2020.02.20,20:00,9590.29,9600.31,9560.24,9568.93
2020.02.21,00:00,9568.93,9577.3,9529.22,9564.26
2020.02.21,04:00,9564.26,9596.03,9549.99,9589.27
2020.02.21,08:00,9589.26,9596.1,9464.38,9508.23
2020.02.21,12:00,9508.41,9526.92,9405.0,9444.9
2020.02.21,16:00,9444.9,9455.6,9441.88,9451.99
2020.02.23,16:00,9336.79,9355.98,9275.09,9289.36
2020.02.23,20:00,9289.36,9304.99,9245.48,9284.84
2020.02.24,00:00,9284.84,9288.83,9167.52,9180.35
2020.02.24,04:00,9180.5,9220.71,9117.15,9180.57
2020.02.24,08:00,9180.69,9207.11,9036.96,9102.48
2020.02.24,12:00,9102.47,9177.6,9038.42,9077.99
2020.02.24,16:00,9077.99,9161.69,9047.89,9160.7
2020.02.24,20:00,9160.7,9209.19,9152.39,9183.38
2020.02.25,00:00,9183.16,9215.88,9143.22,9149.46
2020.02.25,04:00,9149.46,9169.95,9063.0,9162.35
2020.02.25,08:00,9162.35,9183.79,8934.99,9027.96
2020.02.25,12:00,9027.92,9041.51,8803.31,8834.09
2020.02.25,16:00,8834.04,8918.81,8824.93,8861.09
2020.02.25,20:00,8861.09,8940.82,8834.82,8910.75
2020.02.26,00:00,8911.1,8920.5,8778.3,8795.32
2020.02.26,04:00,8795.32,8897.7,8702.82,8860.79
2020.02.26,08:00,8860.79,9031.5,8842.61,8953.72
2020.02.26,12:00,8953.44,8960.46,8811.0,8871.23
2020.02.26,16:00,8872.52,8877.72,8742.3,8799.92
2020.02.26,20:00,8800.39,8818.32,8693.43,8695.68
2020.02.27,00:00,8695.8,8813.1,8690.32,8796.3
2020.02.27,04:00,8795.85,8837.22,8694.65,8695.87
2020.02.27,08:00,8696.38,8729.32,8513.43,8694.61
2020.02.27,12:00,8693.65,8787.5,8425.87,8425.87
2020.02.27,16:00,8426.64,8460.6,8307.74,8409.02
2020.02.27,20:00,8409.02,8440.5,8247.99,8268.43
2020.02.28,00:00,8268.43,8351.3,8161.55,8254.27
2020.02.28,04:00,8254.27,8376.0,8123.31,8333.8
2020.02.28,08:00,8334.25,8490.41,8121.52,8346.91
2020.02.28,12:00,8346.93,8471.3,8210.88,8469.69
2020.02.28,16:00,8471.84,8537.49,8439.36,8499.56
2020.03.01,16:00,8335.1,8382.8,8221.79,8341.23
2020.03.01,20:00,8341.95,8556.0,8341.49,8490.91
2020.03.02,00:00,8491.09,8670.7,8472.96,8595.41
2020.03.02,04:00,8595.41,8629.38,8357.39,8444.61
2020.03.02,08:00,8444.42,8724.62,8398.97,8718.99
2020.03.02,12:00,8719.36,8878.42,8573.52,8877.14
2020.03.02,16:00,8876.64,8890.02,8782.84,8881.31
2020.03.02,20:00,8881.38,8886.29,8763.8,8787.11
2020.03.03,00:00,8788.29,8903.62,8738.01,8863.67
2020.03.03,04:00,8863.67,8915.6,8790.67,8829.59
2020.03.03,08:00,8829.24,9002.02,8705.2,8834.09
2020.03.03,12:00,8833.86,8863.09,8511.73,8593.55
2020.03.03,16:00,8594.62,8662.4,8507.94,8647.25
2020.03.03,20:00,8647.62,8712.84,8622.88,8692.91
2020.03.04,00:00,8692.17,8742.89,8681.36,8738.22
2020.03.04,04:00,8737.92,8807.68,8724.8,8769.49
2020.03.04,08:00,8769.49,8798.36,8665.35,8720.66
2020.03.04,12:00,8719.96,8949.42,8719.96,8943.66
2020.03.04,16:00,8943.69,8945.42,8850.45,8864.48
2020.03.04,20:00,8864.7,8872.19,8813.76,8825.64
2020.03.05,00:00,8826.2,8873.89,8777.67,8778.15
2020.03.05,04:00,8778.15,8780.69,8706.13,8719.7
2020.03.05,08:00,8719.69,8868.38,8669.95,8789.11
2020.03.05,12:00,8789.26,8799.39,8612.28,8672.53
2020.03.05,16:00,8673.4,8726.11,8640.04,8682.01
2020.03.05,20:00,8681.65,8683.3,8535.23,8544.8
2020.03.06,00:00,8545.58,8594.79,8520.84,8557.69
2020.03.06,04:00,8557.69,8583.18,8337.89,8371.72
2020.03.06,08:00,8371.27,8545.91,8312.3,8438.19
2020.03.06,12:00,8438.19,8571.43,8318.71,8529.32
2020.03.06,16:00,8527.43,8534.86,8481.84,8507.92
2020.03.08,16:00,8293.33,8294.63,8102.68,8139.98
2020.03.08,20:00,8140.5,8153.09,8092.61,8092.67
2020.03.09,00:00,8090.11,8095.69,8090.11,8094.16
2020.03.09,08:00,7845.03,8244.02,7822.39,8124.6
2020.03.09,12:00,8124.34,8158.51,7885.49,7956.66
2020.03.09,16:00,7899.89,8163.82,7819.38,8161.65
2020.03.09,20:00,8161.82,8219.81,8109.41,8210.69
2020.03.10,00:00,8210.9,8287.5,8156.44,8285.78
2020.03.10,04:00,8286.0,8349.16,8175.5,8234.3
2020.03.10,08:00,8232.9,8257.65,7937.35,8093.11
2020.03.10,12:00,8093.9,8384.8,8017.0,8334.61
2020.03.10,16:00,8326.7,8336.33,8158.77,8193.21
2020.03.10,20:00,8194.65,8229.39,8121.1,8157.02
2020.03.11,00:00,8157.02,8250.59,8090.31,8223.37
2020.03.11,04:00,8223.26,8230.82,8076.28,8082.72
2020.03.11,08:00,8081.74,8227.64,8040.02,8062.01
2020.03.11,12:00,8062.01,8073.19,7898.12,8009.62
2020.03.11,16:00,8008.88,8109.04,7930.02,7986.36
2020.03.11,20:00,7987.06,8000.29,7603.34,7733.83
2020.03.12,00:00,7733.83,7743.02,7606.12,7627.33
2020.03.12,04:00,7625.92,7668.9,7603.34,7603.39
2020.03.12,08:00,7515.98,7650.59,7327.32,7590.11
2020.03.12,12:00,7594.115,7812.7,7191.65,7225.59
2020.03.12,16:00,7132.93,7246.09,7061.04,7137.3
2020.03.12,20:00,7137.3,7273.86,6943.9,7273.6
2020.03.13,00:00,7273.6,7608.59,7264.92,7443.84
2020.03.13,04:00,7440.48,7624.69,7400.21,7624.44
2020.03.13,08:00,7693.82,7735.39,7293.8,7474.29
2020.03.13,12:00,7474.06,7979.49,7388.71,7920.03
2020.03.15,16:00,7718.69,7787.54,7557.52,7559.47
2020.03.16,08:00,7096.91,7566.4,7066.8,7358.98
2020.03.16,12:00,7358.98,7423.42,6930.07,7056.75
2020.03.16,16:00,7063.55,7298.49,6989.22,7281.06
2020.03.16,20:00,7280.59,7304.49,7237.41,7304.24
2020.03.17,00:00,7301.36,7301.36,7156.51,7173.34
2020.03.17,04:00,7173.34,7301.6,7000.83,7185.4
2020.03.17,08:00,7185.4,7556.9,6954.52,7358.56
2020.03.17,12:00,7358.56,7514.41,7236.31,7403.32
2020.03.17,16:00,7365.62,7398.18,7121.79,7155.27
2020.03.17,20:00,7155.27,7287.3,7110.61,7149.09
2020.03.18,00:00,7149.09,7152.78,7081.82,7082.1
2020.03.18,08:00,7050.06,7342.03,7000.49,7023.17
2020.03.18,12:00,6993.4,7280.59,6829.7,7224.3
2020.03.18,16:00,7240.87,7439.9,7124.39,7276.82
2020.03.18,20:00,7276.82,7348.8,6893.91,6945.76
2020.03.19,00:00,6945.76,7343.32,6945.76,7305.15
2020.03.19,04:00,7306.0,7330.02,7057.27,7176.57
2020.03.19,08:00,7176.57,7468.39,7030.05,7361.11
2020.03.19,12:00,7361.11,7518.11,7223.38,7282.77
2020.03.19,16:00,7198.13,7252.07,7141.2,7232.81
2020.03.19,20:00,7233.46,7383.59,7208.11,7345.79
2020.03.20,00:00,7345.79,7645.22,7301.68,7645.17
2020.03.20,04:00,7645.13,7645.13,7439.58,7440.08
2020.03.20,08:00,7440.08,7502.29,7142.14,7267.51
2020.03.20,12:00,7266.19,7333.98,6967.47,6982.39
2020.03.22,16:00,6712.41,6746.5,6635.8,6671.99
2020.03.22,20:00,6673.79,6821.2,6664.93,6790.21
2020.03.23,00:00,6790.23,6854.0,6680.29,6764.71
2020.03.23,04:00,6764.98,7328.26,6762.09,7176.15
2020.03.23,08:00,7177.9,7221.29,6765.0,7084.96
2020.03.23,12:00,7084.96,7147.23,6854.66,7011.65
2020.03.23,16:00,7047.08,7169.6,7037.04,7111.07
2020.03.23,20:00,7111.37,7269.42,7106.82,7213.11
2020.03.24,00:00,7212.0,7331.44,7143.78,7318.76
2020.03.24,04:00,7318.07,7371.57,7240.79,7347.93
2020.03.24,08:00,7348.45,7536.48,7319.29,7441.72
2020.03.24,12:00,7441.72,7572.09,7302.26,7562.62
2020.03.24,16:00,7552.59,7642.59,7427.46,7457.0
2020.03.24,20:00,7456.02,7536.77,7387.4,7499.35
2020.03.25,00:00,7500.24,7720.25,7393.08,7708.31
2020.03.25,04:00,7708.09,7767.32,7427.78,7531.97
2020.03.25,08:00,7531.57,7674.03,7387.55,7616.11
2020.03.25,12:00,7616.11,7776.22,7446.48,7479.79
2020.03.25,16:00,7504.54,7563.52,7447.23,7498.38
2020.03.25,20:00,7498.38,7499.6,7370.79,7443.96
2020.03.26,00:00,7444.8,7463.07,7336.26,7375.92
2020.03.26,04:00,7375.92,7487.69,7325.31,7475.27
2020.03.26,08:00,7475.1,7785.5,7450.92,7775.41
2020.03.26,12:00,7775.47,7908.39,7666.43,7861.42
2020.03.26,16:00,7888.17,7907.18,7801.39,7806.11
2020.03.26,20:00,7806.09,7817.89,7720.7,7736.02
2020.03.27,00:00,7736.1,7820.48,7700.21,7730.37
2020.03.27,04:00,7729.87,7759.69,7633.83,7658.4
2020.03.27,08:00,7657.87,7713.86,7593.67,7668.91
2020.03.27,12:00,7669.64,7818.11,7573.1,7590.41
2020.03.29,16:00,7412.36,7523.19,7411.66,7457.78
2020.03.29,20:00,7482.7,7570.81,7472.26,7561.42
2020.03.30,00:00,7562.42,7706.47,7508.83,7519.14
2020.03.30,04:00,7521.49,7638.7,7519.78,7618.81
2020.03.30,08:00,7618.99,7845.8,7601.51,7822.89
2020.03.30,12:00,7822.69,7899.9,7787.9,7884.62
2020.03.30,16:00,7885.51,7899.0,7845.59,7888.29
2020.03.30,20:00,7888.98,7950.79,7884.79,7895.29
2020.03.31,00:00,7895.29,7955.51,7826.44,7932.09
2020.03.31,04:00,7932.27,7970.99,7855.97,7876.01
2020.03.31,08:00,7876.03,8010.3,7779.06,7949.77
2020.03.31,12:00,7949.72,7957.32,7765.58,7810.19
2020.03.31,16:00,7812.65,7818.76,7722.34,7728.41
2020.03.31,20:00,7728.41,7760.31,7704.36,7710.32
2020.04.01,00:00,7710.6,7717.78,7544.38,7618.3
2020.04.01,04:00,7618.27,7637.28,7561.05,7587.57
2020.04.01,08:00,7587.42,7701.99,7541.53,7616.2
2020.04.01,12:00,7616.2,7616.8,7423.29,7485.19
2020.04.01,16:00,7486.02,7530.68,7452.59,7521.1
2020.04.01,20:00,7518.27,7563.49,7475.48,7540.39
2020.04.02,00:00,7542.43,7598.22,7506.22,7583.09
2020.04.02,04:00,7583.06,7611.2,7521.02,7574.22
2020.04.02,08:00,7574.71,7633.15,7392.54,7611.69
2020.04.02,12:00,7611.54,7639.59,7462.77,7633.35
2020.04.02,16:00,7633.35,7671.71,7590.82,7606.59
2020.04.02,20:00,7606.59,7625.22,7567.18,7574.74
2020.04.03,00:00,7575.06,7592.65,7529.74,7574.9
2020.04.03,04:00,7574.9,7662.59,7524.36,7652.22
2020.04.03,08:00,7652.22,7674.66,7513.5,7536.4
2020.04.03,12:00,7536.52,7546.6,7440.05,7528.06
2020.04.03,16:00,7527.9,7556.42,7522.28,7532.68
2020.04.05,16:00,7584.4,7669.4,7584.19,7667.21
2020.04.05,20:00,7667.33,7829.38,7664.68,7802.25
2020.04.06,00:00,7803.09,7881.04,7786.71,7850.6
2020.04.06,04:00,7850.6,7861.3,7807.53,7820.28
2020.04.06,08:00,7820.28,7908.53,7764.52,7899.62
2020.04.06,12:00,7899.86,8107.1,7891.85,8063.1
2020.04.06,16:00,8061.26,8090.65,8004.89,8088.57
2020.04.06,20:00,8089.09,8103.79,7955.34,7968.66
2020.04.07,00:00,7969.24,8241.8,7963.82,8211.81
2020.04.07,04:00,8212.0,8310.32,8198.7,8247.6
2020.04.07,08:00,8247.7,8305.58,8080.39,8182.85
2020.04.07,12:00,8183.9,8266.4,8042.69,8050.12
2020.04.07,16:00,8050.13,8076.9,7990.7,8052.12
2020.04.07,20:00,8052.1,8063.99,7963.8,8051.5
2020.04.08,00:00,8051.99,8153.21,7994.18,8072.51
2020.04.08,04:00,8074.22,8112.5,7991.76,8101.3
2020.04.08,08:00,8101.3,8199.8,8056.12,8170.82
2020.04.08,12:00,8170.71,8253.09,8131.81,8225.1
2020.04.08,16:00,8225.2,8245.69,8170.36,8235.4
2020.04.08,20:00,8236.37,8240.66,8145.55,8178.11
2020.04.09,00:00,8178.67,8283.01,8160.38,8270.51
2020.04.09,04:00,8270.47,8276.0,8129.62,8150.52
2020.04.09,08:00,8151.4,8337.4,8113.51,8253.32
2020.04.09,12:00,8253.32,8296.22,8165.81,8237.81
2020.04.09,16:00,8238.62,8260.29,8226.4,8241.61
2020.04.12,16:00,8289.19,8304.31,8088.19,8131.09
2020.04.12,20:00,8131.39,8158.67,8098.1,8121.29
2020.04.13,00:00,8121.29,8147.69,8103.75,8126.53
2020.04.13,04:00,8126.54,8215.39,8122.16,8209.75
2020.04.13,08:00,8209.75,8256.9,8154.78,8218.13
2020.04.13,12:00,8218.19,8344.72,8199.29,8329.9
2020.04.13,16:00,8329.7,8385.1,8322.81,8377.39
2020.04.13,20:00,8378.2,8477.11,8331.08,8460.44
2020.04.14,00:00,8460.44,8499.59,8441.98,8448.69
2020.04.14,04:00,8448.44,8482.37,8427.52,8474.25
2020.04.14,08:00,8474.22,8622.5,8463.98,8595.47
2020.04.14,12:00,8596.32,8721.39,8596.25,8693.51
2020.04.14,16:00,8694.27,8715.01,8680.97,8684.96
2020.04.14,20:00,8685.22,8692.3,8645.51,8666.24
2020.04.15,00:00,8666.57,8692.2,8599.05,8603.13
2020.04.15,04:00,8603.32,8629.06,8566.65,8605.7
2020.04.15,08:00,8605.53,8611.4,8498.66,8539.47
2020.04.15,12:00,8540.0,8667.39,8534.0,8594.09
2020.04.15,16:00,8593.68,8610.2,8526.21,8543.08
2020.04.15,20:00,8543.4,8579.2,8510.96,8549.6
2020.04.16,00:00,8550.11,8705.55,8550.11,8686.21
2020.04.16,04:00,8686.3,8698.71,8634.56,8650.98
2020.04.16,08:00,8650.58,8793.96,8603.69,8784.7
2020.04.16,12:00,8784.61,8796.45,8616.54,8752.52
2020.04.16,16:00,8752.71,8975.54,8741.5,8942.62
2020.04.16,20:00,8942.66,8956.94,8890.71,8925.24
2020.04.17,00:00,8925.24,8961.43,8868.27,8902.08
2020.04.17,04:00,8902.1,8956.61,8889.8,8915.06
2020.04.17,08:00,8915.03,8926.0,8726.6,8757.39
2020.04.17,12:00,8757.39,8838.32,8702.22,8829.66
2020.04.17,16:00,8829.66,8829.66,8810.52,8819.92
2020.04.19,16:00,8780.25,8797.65,8742.76,8757.2
2020.04.19,20:00,8758.09,8847.7,8757.74,8827.48
2020.04.20,00:00,8827.48,8839.09,8748.76,8789.25
2020.04.20,04:00,8789.21,8792.18,8706.96,8724.3
2020.04.20,08:00,8724.51,8857.02,8715.14,8844.62
2020.04.20,12:00,8844.79,8847.72,8722.61,8723.71
2020.04.20,16:00,8723.72,8763.11,8699.21,8740.7
2020.04.20,20:00,8741.1,8773.3,8613.3,8657.6
2020.04.21,00:00,8658.12,8718.8,8647.16,8672.1
2020.04.21,04:00,8672.54,8708.3,8614.68,8618.8
2020.04.21,08:00,8618.0,8663.7,8354.49,8415.49
2020.04.21,12:00,8416.1,8528.69,8364.78,8401.28
2020.04.21,16:00,8402.3,8485.18,8402.3,8468.3
2020.04.21,20:00,8468.18,8500.1,8410.87,8467.73
2020.04.22,00:00,8468.03,8546.32,8433.61,8516.59
2020.04.22,04:00,8516.67,8577.9,8508.37,8548.19
2020.04.22,08:00,8548.14,8619.99,8521.26,8607.78
2020.04.22,12:00,8607.58,8710.34,8602.22,8661.5
2020.04.22,16:00,8661.24,8661.24,8612.39,8626.35
2020.04.22,20:00,8626.77,8662.15,8592.34,8602.4
2020.04.23,00:00,8602.51,8687.67,8600.08,8613.68
2020.04.23,04:00,8613.77,8668.3,8605.22,8654.91
2020.04.23,08:00,8655.22,8797.19,8636.71,8739.09
2020.04.23,12:00,8739.33,8774.59,8618.8,8638.7
2020.04.23,16:00,8639.89,8640.8,8542.39,8563.01
2020.04.23,20:00,8563.04,8575.7,8508.95,8546.51
2020.04.24,00:00,8546.51,8592.97,8515.8,8576.83
2020.04.24,04:00,8576.84,8675.95,8552.74,8644.4
2020.04.24,08:00,8644.55,8684.0,8595.44,8659.61
2020.04.24,12:00,8659.82,8791.73,8647.24,8782.82
2020.04.24,16:00,8782.07,8789.8,8773.28,8779.74
2020.04.26,16:00,8819.27,8822.69,8740.8,8763.5
2020.04.26,20:00,8763.68,8848.81,8748.68,8846.89
2020.04.27,00:00,8846.82,8907.49,8845.86,8891.37
2020.04.27,04:00,8891.33,8906.5,8859.79,8884.7
2020.04.27,08:00,8885.7,8899.89,8818.78,8856.21
2020.04.27,12:00,8856.6,8864.41,8800.76,8835.38
2020.04.27,16:00,8835.38,8848.19,8812.65,8833.99
2020.04.27,20:00,8833.32,8857.44,8787.7,8805.47
2020.04.28,00:00,8805.65,8884.92,8787.76,8879.21
2020.04.28,04:00,8879.21,8955.9,8862.87,8939.49
2020.04.28,08:00,8939.59,8944.32,8700.7,8728.72
2020.04.28,12:00,8729.87,8775.4,8666.69,8680.8
2020.04.28,16:00,8679.6,8786.19,8666.54,8778.88
2020.04.28,20:00,8778.92,8870.05,8776.05,8849.68
2020.04.29,00:00,8849.62,8867.17,8803.45,8831.51
2020.04.29,04:00,8831.51,8839.9,8784.33,8795.21
2020.04.29,08:00,8795.42,8951.59,8789.53,8927.64
2020.04.29,12:00,8927.83,9025.59,8927.83,8973.39
2020.04.29,16:00,8974.21,9114.43,8971.62,9101.07
2020.04.29,20:00,9101.07,9135.59,9053.95,9127.46
2020.04.30,00:00,9127.42,9154.61,9073.0,9082.3
2020.04.30,04:00,9083.0,9114.33,9052.53,9057.04
2020.04.30,08:00,9057.04,9072.47,8948.95,8951.42
2020.04.30,12:00,8951.72,9011.5,8916.95,8993.3
2020.04.30,16:00,8993.6,9000.62,8815.3,8848.29
2020.04.30,20:00,8849.52,8871.57,8797.59,8825.22
2020.05.01,00:00,8825.35,8843.9,8735.78,8755.9
2020.05.01,04:00,8756.39,8798.07,8746.14,8791.3
2020.05.01,08:00,8791.11,8889.7,8735.08,8743.12
2020.05.01,12:00,8743.03,8766.26,8683.75,8724.35
2020.05.01,16:00,8725.5,8735.9,8724.1,8729.8
2020.05.03,16:00,8636.21,8653.49,8573.68,8594.59
2020.05.03,20:00,8595.81,8676.39,8569.03,8676.11
2020.05.04,00:00,8676.11,8708.5,8633.84,8671.4
2020.05.04,04:00,8673.61,8694.59,8628.82,8675.1
2020.05.04,08:00,8675.1,8795.31,8658.15,8779.51
2020.05.04,12:00,8779.28,8839.3,8712.55,8830.98
2020.05.04,16:00,8830.36,8838.5,8804.29,8835.0
2020.05.04,20:00,8834.95,8885.29,8829.37,8854.61
2020.05.05,00:00,8854.79,8922.61,8852.85,8916.79
2020.05.05,04:00,8916.7,8927.59,8833.28,8916.1
2020.05.05,08:00,8916.1,8998.92,8907.32,8996.85
2020.05.05,12:00,8996.93,9031.6,8897.08,8927.31
2020.05.05,16:00,8929.08,8975.4,8919.92,8966.4
2020.05.05,20:00,8967.4,8969.64,8887.88,8939.3
2020.05.06,00:00,8939.3,9018.17,8926.4,8987.19
2020.05.06,04:00,8986.88,9019.6,8979.89,8993.82
2020.05.06,08:00,8993.75,9056.75,8946.57,9022.3
2020.05.06,12:00,9021.82,9067.4,8971.67,8982.85
2020.05.06,16:00,8982.87,8983.81,8941.07,8975.25
2020.05.06,20:00,8975.75,9038.2,8975.75,9033.31
2020.05.07,00:00,9033.22,9094.42,9015.1,9074.32
2020.05.07,04:00,9074.23,9110.41,9069.15,9103.8
2020.05.07,08:00,9103.71,9121.2,9042.26,9107.11
2020.05.07,12:00,9107.14,9137.31,9076.3,9101.84
2020.05.07,16:00,9101.84,9150.07,9096.62,9148.82
2020.05.07,20:00,9148.82,9223.19,9148.52,9214.57
2020.05.08,00:00,9214.69,9244.9,9185.87,9192.89
2020.05.08,04:00,9192.89,9218.71,9175.2,9199.59
2020.05.08,08:00,9199.72,9226.4,9124.36,9211.36
2020.05.08,12:00,9211.53,9227.86,9158.71,9216.97
2020.05.08,16:00,9217.6,9229.9,9216.01,9225.67
2020.05.10,16:00,9189.09,9262.4,9183.6,9260.2
2020.05.10,20:00,9260.01,9290.79,9252.83,9279.98
2020.05.11,00:00,9280.32,9288.3,9233.62,9269.59
2020.05.11,04:00,9269.77,9269.99,9150.5,9155.73
2020.05.11,08:00,9155.8,9273.99,9124.82,9272.82
2020.05.11,12:00,9272.67,9346.9,9261.0,9295.63
2020.05.11,16:00,9295.62,9317.77,9269.55,9283.54
2020.05.11,20:00,9284.21,9291.3,9230.86,9259.92
2020.05.12,00:00,9260.03,9299.99,9237.6,9288.1
2020.05.12,04:00,9288.09,9330.12,9254.66,9323.81
2020.05.12,08:00,9323.72,9352.75,9244.74,9318.88
2020.05.12,12:00,9319.06,9339.06,9109.4,9110.13
2020.05.12,16:00,9110.24,9118.35,9014.6,9021.92
2020.05.12,20:00,9021.69,9097.29,9006.0,9094.58
2020.05.13,00:00,9094.77,9136.3,9077.62,9103.42
2020.05.13,04:00,9103.26,9176.31,9086.02,9170.04
2020.05.13,08:00,9170.04,9211.11,8985.79,9003.66
2020.05.13,12:00,9003.66,9013.46,8886.83,8997.04
2020.05.13,16:00,8997.85,9045.1,8988.11,9018.41
2020.05.13,20:00,9018.54,9023.02,8950.42,9006.89
2020.05.14,00:00,9007.59,9038.99,8952.01,9004.19
2020.05.14,04:00,9004.41,9044.59,8936.93,8941.71
2020.05.14,08:00,8941.71,8983.41,8854.69,8911.18
2020.05.14,12:00,8911.22,9097.1,8899.51,9095.4
2020.05.14,16:00,9095.4,9118.9,9080.5,9114.68
2020.05.14,20:00,9115.21,9127.1,9060.09,9103.6
2020.05.15,00:00,9103.6,9150.1,9087.17,9144.3
2020.05.15,04:00,9144.09,9145.4,8956.13,8956.63
2020.05.15,08:00,8956.7,9065.46,8933.59,9002.59
2020.05.15,12:00,9002.65,9157.19,8997.39,9155.17
2020.05.15,16:00,9155.17,9155.49,9099.69,9104.98
2020.05.17,16:00,9134.11,9186.12,9118.9,9172.72
2020.05.17,20:00,9172.83,9221.1,9163.58,9203.37
2020.05.18,00:00,9203.68,9231.92,9182.88,9230.99
2020.05.18,04:00,9230.99,9285.59,9202.55,9283.41
2020.05.18,08:00,9283.41,9352.7,9245.4,9335.2
2020.05.18,12:00,9335.12,9368.92,9313.6,9327.89
2020.05.18,16:00,9328.59,9354.34,9316.9,9350.0
2020.05.18,20:00,9350.0,9359.7,9301.91,9319.37
2020.05.19,00:00,9319.7,9421.69,9319.51,9349.5
2020.05.19,04:00,9349.56,9359.85,9296.95,9332.51
2020.05.19,08:00,9332.56,9412.8,9320.64,9395.72
2020.05.19,12:00,9395.75,9423.31,9295.79,9296.69
2020.05.19,16:00,9297.57,9326.28,9276.81,9321.59
2020.05.19,20:00,9321.87,9354.22,9313.67,9347.09
2020.05.20,00:00,9347.01,9369.69,9325.26,9343.17
2020.05.20,04:00,9343.65,9413.0,9342.11,9399.18
2020.05.20,08:00,9399.35,9498.5,9394.3,9492.77
2020.05.20,12:00,9492.83,9498.99,9433.12,9483.02
2020.05.20,16:00,9483.29,9504.25,9481.28,9487.16
2020.05.20,20:00,9487.16,9487.31,9427.88,9446.14
2020.05.21,00:00,9446.12,9464.89,9415.72,9438.72
2020.05.21,04:00,9438.72,9463.91,9413.07,9451.7
2020.05.21,08:00,9451.99,9513.3,9359.39,9401.41
2020.05.21,12:00,9401.85,9440.37,9372.39,9379.8
2020.05.21,16:00,9380.89,9407.98,9354.34,9406.3
2020.05.21,20:00,9406.66,9411.4,9286.71,9304.7
2020.05.22,00:00,9304.65,9314.01,9245.78,9259.2
2020.05.22,04:00,9260.43,9362.5,9259.47,9357.89
2020.05.22,08:00,9357.86,9403.02,9324.41,9367.69
2020.05.22,12:00,9367.69,9421.99,9358.49,9410.15
2020.05.22,16:00,9410.98,9419.0,9407.14,9410.99
2020.05.24,16:00,9406.49,9466.62,9400.44,9459.2
2020.05.24,20:00,9459.19,9465.5,9419.76,9447.55
2020.05.25,00:00,9447.72,9476.81,9446.57,9459.03
2020.05.25,04:00,9459.79,9520.46,9449.06,9512.69
2020.05.25,08:00,9512.75,9540.7,9503.58,9534.49
2020.05.25,12:00,9534.53,9538.2,9528.29,9534.82
2020.05.25,16:00,9533.75,9536.11,9507.31,9513.29
2020.05.25,20:00,9513.23,9575.89,9508.59,9571.19
2020.05.26,00:00,9571.3,9606.82,9566.27,9580.11
2020.05.26,04:00,9580.11,9605.19,9554.48,9556.01
2020.05.26,08:00,9557.31,9573.5,9416.24,9448.39
2020.05.26,12:00,9448.39,9489.92,9377.46,9393.02
2020.05.26,16:00,9392.99,9419.21,9391.31,9397.49
2020.05.26,20:00,9397.77,9492.5,9378.38,9484.41
2020.05.27,00:00,9484.8,9498.21,9456.42,9483.97
2020.05.27,04:00,9483.93,9510.9,9437.93,9442.74
2020.05.27,08:00,9443.51,9446.89,9178.44,9278.25
2020.05.27,12:00,9278.55,9444.17,9267.6,9439.29
2020.05.27,16:00,9439.29,9446.29,9414.67,9444.44
2020.05.27,20:00,9444.44,9483.79,9374.31,9382.73
2020.05.28,00:00,9382.73,9448.69,9361.36,9419.72
2020.05.28,04:00,9419.89,9434.76,9367.37,9382.77
2020.05.28,08:00,9382.77,9520.76,9322.95,9519.85
2020.05.28,12:00,9519.85,9569.45,9391.46,9420.1
2020.05.28,16:00,9420.03,9467.43,9418.4,9420.99
2020.05.28,20:00,9420.99,9456.15,9384.41,9438.21
2020.05.29,00:00,9438.21,9465.39,9398.73,9413.04
2020.05.29,04:00,9413.04,9480.9,9386.68,9474.36
2020.05.29,08:00,9474.36,9493.4,9376.04,9448.31
2020.05.29,12:00,9448.31,9574.49,9380.74,9554.9
2020.05.29,16:00,9553.77,9585.79,9541.92,9580.11
2020.05.31,16:00,9508.36,9526.28,9453.03,9510.4
2020.05.31,20:00,9510.4,9581.14,9509.6,9545.91
2020.06.01,00:00,9545.91,9590.59,9545.18,9566.32
2020.06.01,04:00,9566.32,9570.76,9483.72,9539.31
2020.06.01,08:00,9539.31,9587.26,9508.55,9566.69
2020.06.01,12:00,9566.69,9609.27,9554.49,9596.77
2020.06.01,16:00,9596.77,9601.27,9557.24,9567.97
2020.06.01,20:00,9567.97,9591.71,9561.93,9579.65
2020.06.02,00:00,9580.25,9626.93,9572.21,9618.88
2020.06.02,04:00,9618.88,9672.46,9616.17,9629.93
2020.06.02,08:00,9629.93,9632.71,9509.13,9539.87
2020.06.02,12:00,9539.87,9659.78,9539.17,9659.78
2020.06.02,16:00,9658.89,9679.4,9637.76,9677.16
2020.06.02,20:00,9677.31,9694.16,9654.18,9667.14
2020.06.03,00:00,9667.14,9699.07,9663.85,9682.89
2020.06.03,04:00,9682.89,9696.3,9666.21,9683.16
2020.06.03,08:00,9683.08,9706.82,9652.16,9678.83
2020.06.03,12:00,9679.0,9731.97,9644.94,9700.65
2020.06.03,16:00,9700.65,9708.7,9669.25,9698.07
2020.06.03,20:00,9698.07,9702.79,9647.85,9667.46
2020.06.04,00:00,9667.46,9688.19,9659.73,9687.23
2020.06.04,04:00,9687.23,9696.28,9648.57,9674.93
2020.06.04,08:00,9674.93,9744.79,9641.04,9668.91
2020.06.04,12:00,9668.55,9681.82,9574.92,9630.99
2020.06.04,16:00,9630.99,9645.12,9619.93,9620.54
2020.06.04,20:00,9620.8,9664.02,9612.65,9657.55
2020.06.05,00:00,9657.55,9705.5,9653.42,9700.62
2020.06.05,04:00,9700.74,9701.7,9647.18,9647.59
2020.06.05,08:00,9647.76,9828.7,9603.76,9813.44
2020.06.05,12:00,9813.44,9847.25,9791.62,9817.61
2020.06.05,16:00,9816.9,9821.89,9800.26,9811.6
2020.06.07,16:00,9809.06,9875.74,9808.9,9872.07
2020.06.07,20:00,9872.49,9872.49,9827.17,9840.13
2020.06.08,00:00,9840.13,9849.66,9798.06,9800.66
2020.06.08,04:00,9800.66,9839.03,9799.32,9809.13
2020.06.08,08:00,9809.24,9830.8,9748.86,9812.62
2020.06.08,12:00,9812.9,9902.95,9796.23,9900.4
2020.06.08,16:00,9899.36,9899.48,9874.62,9881.09
2020.06.08,20:00,9881.18,9897.49,9860.4,9885.92
2020.06.09,00:00,9885.92,9907.6,9851.81,9858.62
2020.06.09,04:00,9858.62,9868.88,9813.01,9847.32
2020.06.09,08:00,9847.65,9975.82,9843.93,9950.15
2020.06.09,12:00,9950.15,10006.94,9940.05,9965.91
2020.06.09,16:00,9965.91,9993.31,9944.64,9990.32
2020.06.09,20:00,9990.32,10017.4,9982.1,10009.7
2020.06.10,00:00,10009.7,10016.12,9987.34,10006.42
2020.06.10,04:00,10006.42,10034.71,9959.67,10030.39
2020.06.10,08:00,10030.39,10079.89,10020.16,10053.66
2020.06.10,12:00,10053.66,10157.4,10031.17,10089.09
2020.06.10,16:00,10089.02,10105.22,10030.26,10041.98
2020.06.10,20:00,10041.98,10094.15,10024.37,10025.47
2020.06.11,00:00,10025.47,10034.1,9944.87,9953.69
2020.06.11,04:00,9953.69,9989.91,9915.49,9939.84
2020.06.11,08:00,9939.84,9980.81,9848.22,9873.42
2020.06.11,12:00,9873.42,9874.3,9584.42,9588.2
2020.06.11,16:00,9588.6,9695.59,9586.18,9676.88
2020.06.11,20:00,9677.59,9721.81,9603.02,9716.97
2020.06.12,00:00,9716.97,9743.58,9663.56,9713.15
2020.06.12,04:00,9713.15,9794.13,9706.32,9751.06
2020.06.12,08:00,9751.06,9849.51,9569.45,9717.51
2020.06.12,12:00,9717.54,9737.46,9495.91,9657.95
2020.06.12,16:00,9658.84,9670.21,9637.52,9646.7
2020.06.14,16:00,9522.12,9584.91,9504.85,9550.82
2020.06.14,20:00,9550.65,9596.66,9540.07,9575.52
2020.06.15,00:00,9575.52,9576.67,9382.32,9450.6
2020.06.15,04:00,9450.6,9540.03,9436.33,9524.02
2020.06.15,08:00,9524.5,9640.3,9485.67,9626.11
2020.06.15,12:00,9625.22,9810.16,9619.92,9779.02
2020.06.15,16:00,9778.57,9878.57,9775.39,9876.42
2020.06.15,20:00,9876.42,9958.29,9853.11,9928.64
2020.06.16,00:00,9928.64,9940.13,9862.39,9877.2
2020.06.16,04:00,9877.2,9937.8,9863.65,9932.61
2020.06.16,08:00,9932.61,10013.59,9797.59,9937.15
2020.06.16,12:00,9937.15,9981.21,9874.75,9954.36
2020.06.16,16:00,9952.99,9998.35,9928.36,9994.12
2020.06.16,20:00,9994.12,9995.03,9925.54,9958.32
2020.06.17,00:00,9959.2,10036.5,9949.22,10023.25
2020.06.17,04:00,10023.25,10047.7,9982.66,10023.05
2020.06.17,08:00,10023.05,10029.4,9947.67,10015.61
2020.06.17,12:00,10015.61,10058.99,9957.55,9979.28
2020.06.17,16:00,9979.46,10007.0,9960.05,9960.19
2020.06.17,20:00,9960.19,9968.16,9877.7,9946.58
2020.06.18,00:00,9946.58,10009.73,9935.56,9994.06
2020.06.18,04:00,9994.06,10039.12,9949.51,9953.67
2020.06.18,08:00,9953.67,10019.61,9937.08,9977.43
2020.06.18,12:00,9977.43,10016.49,9946.18,10010.81
2020.06.18,16:00,10010.8,10036.39,9990.09,10029.36
2020.06.18,20:00,10029.36,10029.39,9991.41,10018.32
2020.06.19,00:00,10018.32,10085.32,10012.71,10075.53
2020.06.19,04:00,10075.41,10088.29,10050.88,10088.0
2020.06.19,08:00,10088.0,10121.6,10060.71,10062.37
2020.06.19,12:00,10062.43,10065.16,9932.35,10001.9
2020.06.19,16:00,10002.9,10002.9,9927.71,9930.18
2020.06.21,16:00,9885.0,9917.09,9853.42,9914.57
2020.06.21,20:00,9914.89,10004.65,9904.97,9998.72
2020.06.22,00:00,9999.06,10024.37,9954.9,10013.16
2020.06.22,04:00,10013.02,10047.7,9993.39,10025.21
2020.06.22,08:00,10024.91,10079.1,9986.56,10067.72
2020.06.22,12:00,10067.72,10132.15,10067.72,10128.43
2020.06.22,16:00,10127.68,10169.39,10121.42,10161.91
2020.06.22,20:00,10161.32,10161.96,9984.65,10114.95
2020.06.23,00:00,10114.95,10206.13,10100.38,10206.13
2020.06.23,04:00,10205.11,10216.13,10180.2,10203.86
2020.06.23,08:00,10203.66,10273.04,10171.48,10273.04
2020.06.23,12:00,10273.04,10308.37,10187.61,10209.03
2020.06.23,16:00,10208.82,10225.46,10179.33,10191.19
2020.06.23,20:00,10191.19,10238.59,10190.5,10225.18
2020.06.24,00:00,10225.18,10251.99,10165.32,10184.15
2020.06.24,04:00,10184.15,10187.89,10116.97,10166.35
2020.06.24,08:00,10166.12,10232.61,9939.31,9981.29
2020.06.24,12:00,9981.29,10051.39,9950.14,10002.0
2020.06.24,16:00,10002.76,10032.39,9984.14,9984.14
2020.06.24,20:00,9984.14,10042.2,9952.7,9995.86
2020.06.25,00:00,9995.86,10021.43,9904.31,9942.31
2020.06.25,04:00,9946.92,10057.82,9941.16,9981.99
2020.06.25,08:00,9981.99,10028.43,9897.13,10009.64
2020.06.25,12:00,10009.64,10109.84,9978.42,10098.8
2020.06.25,16:00,10098.8,10131.2,10093.87,10116.82
2020.06.25,20:00,10116.46,10123.19,10085.13,10103.46
2020.06.26,00:00,10103.46,10121.73,10052.8,10076.22
2020.06.26,04:00,10076.22,10130.4,10043.9,10100.51
2020.06.26,08:00,10100.51,10108.39,9865.39,9982.78
2020.06.26,12:00,9982.78,9985.19,9837.81,9859.16
2020.06.26,16:00,9857.87,9889.94,9852.94,9879.64
2020.06.28,16:00,9806.41,9851.12,9791.84,9838.61
2020.06.28,20:00,9838.61,9893.1,9823.94,9844.32
2020.06.29,00:00,9844.32,9890.8,9814.05,9869.87
2020.06.29,04:00,9869.87,9898.49,9836.9,9888.92
2020.06.29,08:00,9888.92,9914.75,9741.9,9905.2
2020.06.29,12:00,9905.2,9963.34,9884.38,9962.91
2020.06.29,16:00,9963.3,10017.8,9962.24,10003.99
2020.06.29,20:00,10003.99,10032.3,9993.21,10017.81
2020.06.30,00:00,10017.81,10037.8,9966.62,9983.28
2020.06.30,04:00,9983.45,10001.57,9961.12,9981.02
2020.06.30,08:00,9981.02,10098.3,9950.04,10087.72
2020.06.30,12:00,10087.55,10182.97,10049.6,10149.43
2020.06.30,16:00,10148.62,10162.51,10135.14,10140.78
2020.06.30,20:00,10140.78,10164.45,10132.7,10150.47
2020.07.01,00:00,10150.64,10167.12,10115.05,10152.45
2020.07.01,04:00,10152.45,10164.61,10087.01,10098.5
2020.07.01,08:00,10098.5,10251.7,10095.31,10243.14
2020.07.01,12:00,10243.14,10322.44,10239.13,10277.99
2020.07.01,16:00,10277.29,10290.27,10259.72,10280.62
2020.07.01,20:00,10280.62,10310.49,10264.26,10300.91
2020.07.02,00:00,10300.91,10335.5,10291.13,10328.9
2020.07.02,04:00,10328.9,10349.9,10312.35,10348.5
2020.07.02,08:00,10348.5,10433.92,10333.78,10393.3
2020.07.02,12:00,10393.3,10415.09,10328.21,10346.54
2020.07.02,16:00,10345.42,10372.05,10345.21,10359.4
2020.07.02,20:00,10359.4,10381.21,10349.75,10362.26
2020.07.03,00:00,10362.26,10399.0,10352.53,10386.37
2020.07.03,04:00,10386.37,10390.68,10355.37,10359.39
2020.07.03,08:00,10359.38,10368.09,10319.79,10343.11
2020.07.03,12:00,10342.81,10362.86,10337.26,10339.12
2020.07.05,16:00,10351.07,10408.9,10351.07,10402.31
2020.07.05,20:00,10402.31,10508.66,10400.76,10500.61
2020.07.06,00:00,10500.9,10513.04,10480.32,10495.86
2020.07.06,04:00,10495.86,10503.4,10473.06,10489.55
2020.07.06,08:00,10489.55,10624.8,10475.68,10601.09
2020.07.06,12:00,10601.09,10606.88,10528.55,10600.98
2020.07.06,16:00,10601.75,10657.03,10597.43,10649.1
2020.07.06,20:00,10648.81,10673.3,10595.07,10621.4
2020.07.07,00:00,10621.4,10622.1,10547.34,10566.45
2020.07.07,04:00,10566.96,10589.0,10539.2,10573.92
2020.07.07,08:00,10573.89,10704.79,10564.99,10666.43
2020.07.07,12:00,10666.43,10676.03,10516.3,10528.01
2020.07.07,16:00,10528.01,10563.7,10526.97,10559.94
2020.07.07,20:00,10559.94,10581.95,10544.21,10556.61
2020.07.08,00:00,10556.61,10583.7,10515.27,10573.22
2020.07.08,04:00,10573.22,10595.0,10534.11,10589.08
2020.07.08,08:00,10589.08,10651.11,10524.54,10601.62
2020.07.08,12:00,10601.62,10669.18,10572.65,10666.72
2020.07.08,16:00,10666.72,10698.99,10658.71,10691.89
2020.07.08,20:00,10691.89,10704.53,10656.0,10682.17
2020.07.09,00:00,10682.07,10693.89,10657.08,10682.14
2020.07.09,04:00,10682.14,10732.59,10679.82,10722.55
2020.07.09,08:00,10722.55,10758.35,10572.86,10637.01
2020.07.09,12:00,10637.01,10786.19,10627.94,10754.17
2020.07.09,16:00,10753.39,10768.14,10733.95,10765.07
2020.07.09,20:00,10766.01,10768.39,10691.92,10706.2
2020.07.10,00:00,10706.2,10709.1,10661.82,10698.6
2020.07.10,04:00,10698.6,10736.19,10689.86,10703.87
2020.07.10,08:00,10703.87,10762.1,10638.32,10754.92
2020.07.10,12:00,10754.48,10842.33,10726.26,10835.29
2020.07.10,16:00,10833.82,10854.97,10830.37,10850.99
2020.07.12,16:00,10871.3,10914.239,10871.3,10889.409
2020.07.12,20:00,10889.509,10912.109,10870.879,10890.469
2020.07.13,00:00,10890.629,10928.999,10885.649,10899.179
2020.07.13,04:00,10898.969,10952.43,10878.859,10951.25
2020.07.13,08:00,10951.37,11071.39,10939.96,11046.08
2020.07.13,12:00,11046.08,11055.09,10574.94,10607.34
2020.07.13,16:00,10608.5,10671.36,10579.37,10657.1
2020.07.13,20:00,10656.62,10670.01,10622.09,10637.98
2020.07.14,00:00,10637.98,10703.47,10596.47,10606.78
2020.07.14,04:00,10606.78,10684.3,10602.86,10668.92
2020.07.14,08:00,10668.91,10678.07,10371.28,10571.45
2020.07.14,12:00,10571.45,10700.88,10501.99,10686.95
2020.07.14,16:00,10685.35,10750.06,10654.84,10728.33
2020.07.14,20:00,10728.33,10746.32,10673.23,10687.75
2020.07.15,00:00,10687.75,10723.06,10679.24,10701.5
2020.07.15,04:00,10701.89,10765.54,10678.27,10727.32
2020.07.15,08:00,10727.32,10778.23,10585.44,10586.2
2020.07.15,12:00,10585.74,10723.31,10563.85,10701.76
2020.07.15,16:00,10700.91,10710.8,10643.37,10659.89
2020.07.15,20:00,10659.73,10659.73,10588.78,10607.8
2020.07.16,00:00,10607.8,10631.13,10580.13,10593.4
2020.07.16,04:00,10593.4,10602.63,10499.61,10557.63
2020.07.16,08:00,10557.81,10613.31,10489.83,10556.22
2020.07.16,12:00,10556.22,10660.15,10534.35,10626.82
2020.07.16,16:00,10627.71,10631.63,10520.66,10580.37
2020.07.16,20:00,10580.22,10621.1,10574.8,10606.1
2020.07.17,00:00,10606.1,10614.4,10586.05,10589.65
2020.07.17,04:00,10589.65,10636.04,10579.61,10623.71
2020.07.17,08:00,10624.02,10670.72,10553.06,10627.79
2020.07.17,12:00,10627.79,10683.27,10603.17,10646.77
2020.07.17,16:00,10645.92,10659.12,10635.24,10635.4
2020.07.19,16:00,10646.42,10670.6,10642.89,10660.9
2020.07.19,20:00,10660.9,10663.16,10566.32,10602.72
2020.07.20,00:00,10602.72,10605.68,10560.33,10585.5
2020.07.20,04:00,10585.65,10678.84,10576.54,10668.29
2020.07.20,08:00,10668.6,10825.13,10620.74,10818.53
2020.07.20,12:00,10818.53,10976.13,10799.82,10949.67
2020.07.20,16:00,10950.35,10978.24,10944.83,10961.87
2020.07.20,20:00,10963.1,11026.32,10955.56,11024.75
2020.07.21,00:00,11024.92,11068.1,11018.29,11056.12
2020.07.21,04:00,11055.07,11070.07,11033.08,11053.63
2020.07.21,08:00,11053.63,11056.58,10844.59,10862.54
2020.07.21,12:00,10862.54,10946.82,10796.82,10837.48
2020.07.21,16:00,10836.44,10894.0,10832.15,10884.13
2020.07.21,20:00,10884.25,10926.6,10856.36,10906.2
2020.07.22,00:00,10905.92,10906.7,10814.98,10822.79
2020.07.22,04:00,10822.79,10893.91,10793.32,10871.32
2020.07.22,08:00,10871.33,10911.0,10773.84,10844.3
2020.07.22,12:00,10844.68,10887.0,10795.93,10871.33
2020.07.22,16:00,10870.51,10885.62,10806.72,10832.79
2020.07.22,20:00,10832.97,10862.52,10816.88,10844.23
2020.07.23,00:00,10844.67,10948.72,10836.75,10926.72
2020.07.23,04:00,10926.72,10931.7,10876.97,10888.72
2020.07.23,08:00,10888.68,10890.92,10783.42,10805.54
2020.07.23,12:00,10805.64,10805.89,10527.37,10584.32
2020.07.23,16:00,10585.13,10604.3,10538.88,10594.0
2020.07.23,20:00,10594.0,10609.3,10462.64,10482.72
2020.07.24,00:00,10482.72,10523.53,10391.24,10427.87
2020.07.24,04:00,10427.72,10509.8,10422.14,10458.12
2020.07.24,08:00,10458.12,10543.33,10314.85,10521.62
2020.07.24,12:00,10521.28,10524.41,10394.8,10483.37
2020.07.24,16:00,10483.37,10492.57,10467.62,10470.62
2020.07.26,16:00,10501.53,10528.9,10413.24,10451.54
2020.07.26,20:00,10451.54,10552.32,10446.27,10541.35
2020.07.27,00:00,10541.35,10554.0,10507.34,10529.92
2020.07.27,04:00,10530.5,10598.0,10524.05,10586.92
2020.07.27,08:00,10587.12,10648.09,10522.59,10569.75
2020.07.27,12:00,10569.71,10690.3,10559.55,10673.1
2020.07.27,16:00,10673.0,10716.9,10668.29,10708.08
2020.07.27,20:00,10708.38,10768.1,10695.12,10706.1
2020.07.28,00:00,10706.07,10728.38,10679.59,10691.32
2020.07.28,04:00,10691.9,10696.81,10611.14,10620.32
2020.07.28,08:00,10621.5,10662.3,10568.19,10626.25
2020.07.28,12:00,10626.72,10661.4,10524.8,10537.0
2020.07.28,16:00,10536.72,10583.62,10535.8,10573.12
2020.07.28,20:00,10573.14,10589.09,10535.12,10561.55
2020.07.29,00:00,10561.7,10615.88,10522.78,10601.24
2020.07.29,04:00,10601.32,10611.5,10574.82,10606.26
2020.07.29,08:00,10606.4,10657.25,10582.05,10636.14
2020.07.29,12:00,10635.74,10695.56,10595.84,10662.31
2020.07.29,16:00,10661.28,10711.56,10650.75,10689.12
2020.07.29,20:00,10689.77,10691.1,10661.75,10684.29
2020.07.30,00:00,10684.3,10687.52,10556.12,10574.53
2020.07.30,04:00,10574.53,10607.6,10512.89,10594.1
2020.07.30,08:00,10593.37,10682.32,10526.32,10666.32
2020.07.30,12:00,10666.56,10738.6,10658.22,10716.69
2020.07.30,16:00,10716.67,10937.0,10700.14,10915.83
2020.07.30,20:00,10915.88,10948.9,10896.38,10916.52
2020.07.31,00:00,10916.66,10932.9,10854.65,10896.3
2020.07.31,04:00,10896.02,10931.4,10885.8,10925.13
2020.07.31,08:00,10925.13,10943.4,10725.4,10798.75
2020.07.31,12:00,10798.73,10907.51,10703.52,10906.4
2020.07.31,16:00,10907.82,10924.5,10904.12,10915.39
2020.08.02,16:00,10944.76,10945.82,10887.48,10923.32
2020.08.02,20:00,10923.33,10965.59,10905.3,10934.08
2020.08.03,00:00,10934.08,10957.54,10910.48,10946.0
2020.08.03,04:00,10946.36,11015.57,10932.37,11005.29
2020.08.03,08:00,11005.92,11079.7,10982.6,11064.01
2020.08.03,12:00,11064.15,11084.8,11028.74,11050.92
2020.08.03,16:00,11050.92,11060.05,11036.89,11047.12
2020.08.03,20:00,11047.12,11081.62,11037.88,11059.8
2020.08.04,00:00,11060.1,11102.59,11022.86,11024.83
2020.08.04,04:00,11024.81,11038.9,10997.55,11007.0
2020.08.04,08:00,11006.22,11093.68,10993.87,11057.07
2020.08.04,12:00,11057.03,11097.8,11001.4,11097.8
2020.08.04,16:00,11097.8,11107.61,11080.07,11086.32
2020.08.04,20:00,11086.32,11114.22,11068.42,11109.71
2020.08.05,00:00,11109.74,11148.8,11101.37,11146.37
2020.08.05,04:00,11146.32,11156.0,11115.6,11137.62
2020.08.05,08:00,11137.62,11141.4,11078.38,11103.77
2020.08.05,12:00,11104.05,11135.3,11084.05,11125.65
2020.08.05,16:00,11125.62,11125.67,11095.59,11099.79
2020.08.05,20:00,11099.9,11136.5,11089.7,11093.02
2020.08.06,00:00,11093.22,11138.7,11079.21,11114.0
2020.08.06,04:00,11113.73,11113.73,11062.3,11087.71
2020.08.06,08:00,11087.71,11158.7,11075.52,11137.82
2020.08.06,12:00,11137.82,11282.2,11133.95,11264.72
2020.08.06,16:00,11264.72,11274.2,11254.86,11260.26
2020.08.06,20:00,11260.22,11290.5,11199.67,11202.45
2020.08.07,00:00,11202.45,11244.0,11191.69,11243.0
2020.08.07,04:00,11242.9,11247.0,11197.81,11225.67
2020.08.07,08:00,11225.64,11276.01,11181.14,11182.69
2020.08.07,12:00,11182.76,11213.79,11043.86,11136.95
2020.08.07,16:00,11136.17,11138.9,11128.24,11132.85
2020.08.09,16:00,11138.0,11145.82,11080.31,11114.37
2020.08.09,20:00,11114.7,11126.4,11092.7,11119.52
2020.08.10,00:00,11119.9,11141.77,11106.81,11130.32
2020.08.10,04:00,11130.51,11137.91,11102.01,11137.91
2020.08.10,08:00,11137.91,11154.33,10939.69,11041.41
2020.08.10,12:00,11041.41,11112.78,11017.71,11087.26
2020.08.10,16:00,11087.26,11098.91,11066.24,11081.69
2020.08.10,20:00,11081.66,11131.01,11071.96,11127.2
2020.08.11,00:00,11127.21,11144.72,11095.7,11138.14
2020.08.11,04:00,11138.2,11164.43,11064.82,11070.87
2020.08.11,08:00,11070.99,11091.4,10950.28,11034.13
2020.08.11,12:00,11034.13,11092.42,10855.17,10877.78
2020.08.11,16:00,10877.91,10954.1,10860.67,10930.8
2020.08.11,20:00,10931.12,10957.32,10887.31,10919.72
2020.08.12,00:00,10919.64,10979.59,10896.3,10976.65
2020.08.12,04:00,10976.55,10998.62,10964.55,10971.2
2020.08.12,08:00,10970.62,11145.61,10941.4,11141.07
2020.08.12,12:00,11141.26,11190.92,11125.21,11153.6
2020.08.12,16:00,11153.6,11153.6,11113.44,11137.2
2020.08.12,20:00,11137.2,11155.4,11100.01,11119.4
2020.08.13,00:00,11119.11,11153.7,11100.12,11126.98
2020.08.13,04:00,11126.98,11152.52,11100.63,11147.2
2020.08.13,08:00,11147.14,11266.29,11141.19,11240.0
2020.08.13,12:00,11239.52,11272.5,11136.36,11175.56
2020.08.13,16:00,11176.52,11216.86,11164.1,11210.22
2020.08.13,20:00,11211.12,11219.06,11189.6,11206.39
2020.08.14,00:00,11206.19,11242.46,11154.06,11170.62
2020.08.14,04:00,11170.64,11219.62,11143.48,11209.67
2020.08.14,08:00,11209.64,11222.39,11102.4,11143.87
2020.08.14,12:00,11143.94,11185.1,11125.62,11164.72
2020.08.14,16:00,11165.06,11168.7,11137.05,11143.67
2020.08.16,16:00,11160.67,11169.07,11154.22,11166.15
2020.08.16,20:00,11166.69,11194.6,11159.07,11183.52
2020.08.17,00:00,11183.8,11213.1,11180.46,11209.6
2020.08.17,04:00,11209.59,11223.09,11192.21,11208.94
2020.08.17,08:00,11209.09,11282.41,11208.12,11258.08
2020.08.17,12:00,11258.84,11305.3,11250.66,11290.76
2020.08.17,16:00,11289.8,11313.4,11282.12,11309.31
2020.08.17,20:00,11309.63,11316.3,11285.01,11296.2
2020.08.18,00:00,11296.24,11303.9,11276.95,11285.9
2020.08.18,04:00,11285.78,11340.1,11284.99,11321.82
2020.08.18,08:00,11321.73,11386.3,11274.49,11360.88
2020.08.18,12:00,11360.88,11420.38,11357.35,11400.25
2020.08.18,16:00,11400.82,11426.02,11396.53,11419.12
2020.08.18,20:00,11419.11,11432.29,11401.09,11426.3
2020.08.19,00:00,11426.35,11430.82,11395.87,11425.8
2020.08.19,04:00,11425.81,11431.8,11398.93,11403.76
2020.08.19,08:00,11403.93,11434.7,11336.87,11433.34
2020.08.19,12:00,11433.36,11440.2,11301.86,11321.6
2020.08.19,16:00,11321.6,11339.4,11285.91,11291.23
2020.08.19,20:00,11291.36,11303.6,11223.17,11258.54
2020.08.20,00:00,11258.67,11301.07,11252.26,11294.29
2020.08.20,04:00,11294.42,11337.88,11261.9,11324.77
2020.08.20,08:00,11324.77,11426.52,11270.0,11422.15
2020.08.20,12:00,11422.3,11498.67,11391.72,11476.42
2020.08.20,16:00,11476.42,11503.22,11470.9,11500.79
2020.08.20,20:00,11500.84,11525.4,11494.07,11505.72
2020.08.21,00:00,11505.8,11514.6,11467.17,11487.23
2020.08.21,04:00,11487.12,11497.0,11429.75,11433.62
2020.08.21,08:00,11433.4,11561.19,11408.37,11496.0
2020.08.21,12:00,11496.0,11576.78,11490.4,11558.34
2020.08.21,16:00,11557.56,11573.28,11555.56,11565.5
2020.08.23,16:00,11584.59,11595.5,11575.57,11586.71
2020.08.23,20:00,11586.58,11617.6,11570.38,11607.56
2020.08.24,00:00,11607.52,11657.12,11603.02,11649.6
2020.08.24,04:00,11650.05,11689.1,11650.05,11688.82
2020.08.24,08:00,11689.07,11726.41,11532.68,11617.36
2020.08.24,12:00,11617.39,11644.4,11550.64,11629.03
2020.08.24,16:00,11628.69,11653.29,11619.11,11649.41
2020.08.24,20:00,11649.31,11692.07,11640.83,11678.29
2020.08.25,00:00,11678.28,11689.86,11669.64,11682.87
2020.08.25,04:00,11682.89,11683.29,11615.73,11621.38
2020.08.25,08:00,11622.75,11695.2,11578.42,11659.46
2020.08.25,12:00,11659.56,11723.5,11628.92,11718.29
2020.08.25,16:00,11718.56,11756.52,11716.53,11750.02
2020.08.25,20:00,11749.94,11760.6,11732.56,11744.9
2020.08.26,00:00,11744.78,11752.51,11729.27,11743.27
2020.08.26,04:00,11743.68,11786.19,11737.62,11770.12
2020.08.26,08:00,11770.32,11900.52,11738.13,11894.07
2020.08.26,12:00,11894.12,11978.3,11872.28,11968.77
2020.08.26,16:00,11968.94,11996.8,11959.2,11969.71
2020.08.26,20:00,11969.62,11982.57,11937.11,11966.24
2020.08.27,00:00,11966.34,11982.9,11950.02,11974.2
2020.08.27,04:00,11974.27,11978.9,11945.75,11956.61
2020.08.27,08:00,11956.73,12049.11,11906.74,12021.85
2020.08.27,12:00,12021.73,12022.29,11837.86,11931.19
2020.08.27,16:00,11929.89,11973.32,11922.35,11970.53
2020.08.27,20:00,11970.58,12017.15,11936.35,12009.5
2020.08.28,00:00,12009.17,12009.87,11923.52,11954.03
2020.08.28,04:00,11954.1,11980.17,11921.65,11976.4
2020.08.28,08:00,11976.32,12020.1,11947.76,11996.12
2020.08.28,12:00,11996.19,12015.2,11928.19,11993.9
2020.08.28,16:00,11994.06,12002.1,11990.4,11990.74
2020.08.30,16:00,12004.68,12050.4,11999.38,12049.6
2020.08.30,20:00,12049.8,12093.06,12047.29,12089.55
2020.08.31,00:00,12089.78,12092.1,12042.78,12055.22
2020.08.31,04:00,12055.21,12055.68,12017.12,12026.1
2020.08.31,08:00,12026.11,12103.7,11989.85,12068.42
2020.08.31,12:00,12068.42,12167.5,12061.52,12105.37
2020.08.31,16:00,12104.52,12131.07,12085.88,12126.85
2020.08.31,20:00,12126.92,12176.1,12126.92,12158.57
2020.09.01,00:00,12158.62,12235.71,12156.1,12229.57
2020.09.01,04:00,12229.62,12250.12,12204.42,12211.11
2020.09.01,08:00,12211.02,12273.3,12127.92,12223.11
2020.09.01,12:00,12223.04,12301.88,12219.43,12296.38
2020.09.01,16:00,12296.34,12361.32,12294.83,12360.12
2020.09.01,20:00,12360.17,12415.3,12354.14,12380.57
2020.09.02,00:00,12380.58,12438.5,12368.62,12422.44
2020.09.02,04:00,12422.44,12465.0,12419.93,12422.11
2020.09.02,08:00,12422.47,12448.05,12172.46,12262.14
2020.09.02,12:00,12262.12,12435.59,12249.94,12413.61
2020.09.02,16:00,12413.77,12436.6,12398.75,12420.34
2020.09.02,20:00,12420.5,12420.5,12358.86,12392.23
2020.09.03,00:00,12392.31,12409.31,12351.83,12381.59
2020.09.03,04:00,12381.57,12393.12,12265.25,12274.47
2020.09.03,08:00,12274.42,12287.2,11745.02,11869.55
2020.09.03,12:00,11869.33,11902.8,11658.31,11784.02
2020.09.03,16:00,11784.03,11830.2,11583.8,11601.57
2020.09.03,20:00,11601.67,11710.52,11593.02,11644.7
2020.09.04,00:00,11644.74,11777.92,11620.09,11769.82
2020.09.04,04:00,11772.33,11799.71,11615.23,11643.23
2020.09.04,08:00,11643.23,11844.9,11144.62,11487.17
2020.09.04,12:00,11487.16,11748.4,11365.59,11616.83
2020.09.04,16:00,11616.89,11623.22,11545.24,11550.82
2020.09.06,16:00,11530.39,11546.8,11307.65,11416.62
2020.09.06,20:00,11416.62,11478.8,11372.63,11460.07
2020.09.07,00:00,11460.21,11462.3,11371.55,11416.5
2020.09.07,04:00,11416.5,11509.62,11408.04,11486.75
2020.09.07,08:00,11486.28,11527.91,11431.74,11512.86
2020.09.07,12:00,11512.89,11525.4,11486.73,11502.09
2020.09.07,16:00,11507.69,11583.86,11500.03,11558.25
2020.09.07,20:00,11558.39,11575.8,11469.74,11494.62
2020.09.08,00:00,11494.82,11573.0,11485.16,11517.84
2020.09.08,04:00,11517.86,11524.1,11206.0,11220.92
2020.09.08,08:00,11221.05,11404.33,11118.28,11242.56
2020.09.08,12:00,11242.69,11296.67,11055.75,11072.21
2020.09.08,16:00,11070.55,11090.67,10937.77,11042.28
2020.09.08,20:00,11042.32,11148.72,11038.89,11140.54
2020.09.09,00:00,11140.61,11238.229,11060.09,11200.91
2020.09.09,04:00,11203.1,11295.91,11189.79,11238.79
2020.09.09,08:00,11238.75,11410.38,11190.84,11386.3
2020.09.09,12:00,11386.47,11482.09,11371.52,11389.55
2020.09.09,16:00,11390.6,11449.8,11354.57,11446.24
2020.09.09,20:00,11446.23,11446.32,11332.45,11357.53
2020.09.10,00:00,11358.48,11457.61,11286.93,11300.07
2020.09.10,04:00,11300.19,11423.89,11268.0,11411.22
2020.09.10,08:00,11408.77,11569.8,11357.49,11437.82
2020.09.10,12:00,11436.97,11458.55,11091.05,11159.32
2020.09.10,16:00,11159.25,11225.61,11134.33,11204.03
2020.09.10,20:00,11204.03,11269.09,11181.29,11249.53
2020.09.11,00:00,11249.59,11336.78,11237.36,11295.16
2020.09.11,04:00,11296.07,11357.09,11239.65,11282.16
2020.09.11,08:00,11282.15,11291.89,11100.4,11119.02
2020.09.11,12:00,11118.84,11161.07,10939.85,11086.57
2020.09.11,16:00,11086.12,11100.19,11053.21,11065.59
2020.09.13,16:00,11121.19,11195.02,11103.86,11186.27
2020.09.13,20:00,11185.72,11241.23,11163.24,11223.65
2020.09.14,00:00,11223.72,11272.91,11206.52,11252.3
2020.09.14,04:00,11252.32,11278.28,11185.21,11205.51
2020.09.14,08:00,11206.73,11364.61,11189.62,11337.79
2020.09.14,12:00,11337.76,11354.89,11187.09,11272.56
2020.09.14,16:00,11274.33,11314.38,11270.24,11296.28
2020.09.14,20:00,11297.18,11305.8,11245.32,11300.07
2020.09.15,00:00,11299.91,11340.69,11295.67,11326.52
2020.09.15,04:00,11325.83,11411.2,11324.21,11395.64
2020.09.15,08:00,11395.71,11485.07,11381.26,11456.5
2020.09.15,12:00,11456.24,11494.8,11363.76,11436.73
2020.09.15,16:00,11437.8,11475.66,11414.77,11433.81
2020.09.15,20:00,11433.9,11508.4,11400.86,11503.61
2020.09.16,00:00,11502.54,11505.39,11458.17,11499.6
2020.09.16,04:00,11499.81,11547.35,11468.53,11500.26
2020.09.16,08:00,11500.27,11502.7,11350.08,11397.59
2020.09.16,12:00,11398.37,11443.29,11241.65,11249.11
2020.09.16,16:00,11248.27,11301.09,11237.21,11280.61
2020.09.16,20:00,11280.31,11284.3,11080.64,11129.86
2020.09.17,00:00,11129.84,11162.9,11014.56,11078.03
2020.09.17,04:00,11081.25,11186.8,11036.12,11047.34
2020.09.17,08:00,11047.77,11162.68,10916.75,11019.02
2020.09.17,12:00,11019.12,11086.16,10928.58,11080.69
2020.09.17,16:00,11079.7,11129.79,11069.33,11082.71
2020.09.17,20:00,11080.7,11127.9,11035.18,11090.0
2020.09.18,00:00,11088.89,11162.41,11078.25,11101.86
2020.09.18,04:00,11101.87,11167.7,11087.38,11143.28
2020.09.18,08:00,11143.32,11174.32,10908.74,10969.72
2020.09.18,12:00,10969.76,10991.58,10763.77,10935.35
2020.09.18,16:00,10932.57,10957.09,10924.34,10950.25
2020.09.20,16:00,10939.58,10985.79,10872.76,10951.85
2020.09.20,20:00,10949.53,11010.08,10915.64,10928.66
2020.09.21,00:00,10928.88,10942.69,10820.76,10849.06
2020.09.21,04:00,10850.1,10852.4,10728.88,10815.56
2020.09.21,08:00,10815.68,10861.07,10678.92,10821.3
2020.09.21,12:00,10821.32,10985.0,10772.56,10982.77
2020.09.21,16:00,10982.79,11033.78,10973.02,11029.44
2020.09.21,20:00,11029.69,11064.4,10957.52,10982.25
2020.09.22,00:00,10981.93,10994.29,10914.96,10973.59
2020.09.22,04:00,10974.23,11099.97,10969.58,11017.55
2020.09.22,08:00,11017.56,11091.44,10938.27,11033.32
2020.09.22,12:00,11033.26,11207.0,11018.88,11181.55
2020.09.22,16:00,11181.52,11189.11,11110.52,11136.08
2020.09.22,20:00,11136.28,11141.92,11091.76,11122.61
2020.09.23,00:00,11122.23,11184.1,11101.42,11171.52
2020.09.23,04:00,11172.91,11237.3,11141.06,11146.83
2020.09.23,08:00,11146.04,11176.82,11000.52,11005.75
2020.09.23,12:00,11005.23,11062.29,10804.97,10839.26
2020.09.23,16:00,10839.05,10854.99,10743.31,10767.3
2020.09.23,20:00,10767.31,10864.37,10755.83,10826.5
2020.09.24,00:00,10825.02,10850.07,10733.4,10835.05
2020.09.24,04:00,10835.02,10842.75,10764.73,10775.6
2020.09.24,08:00,10775.53,10980.09,10679.52,10972.43
2020.09.24,12:00,10972.71,11030.5,10825.72,10894.51
2020.09.24,16:00,10895.23,10974.07,10888.34,10966.73
2020.09.24,20:00,10966.86,10991.78,10938.01,10949.46
2020.09.25,00:00,10949.82,10972.91,10881.32,10893.08
2020.09.25,04:00,10893.1,10922.35,10829.71,10907.03
2020.09.25,08:00,10905.8,11048.34,10847.49,10983.01
2020.09.25,12:00,10983.22,11181.0,10982.24,11150.62
2020.09.25,16:00,11150.36,11160.3,11140.65,11150.72
2020.09.27,16:00,11177.1,11194.68,11163.78,11173.07
2020.09.27,20:00,11173.09,11205.39,11155.07,11192.25
2020.09.28,00:00,11192.3,11253.0,11187.34,11251.72
2020.09.28,04:00,11251.65,11357.79,11237.32,11356.13
2020.09.28,08:00,11356.2,11379.38,11250.74,11280.07
2020.09.28,12:00,11280.59,11371.7,11242.02,11365.69
2020.09.28,16:00,11366.52,11432.52,11365.67,11428.7
2020.09.28,20:00,11428.7,11452.9,11407.67,11421.08
2020.09.29,00:00,11421.17,11459.09,11354.53,11384.47
2020.09.29,04:00,11384.5,11402.1,11344.15,11362.43
2020.09.29,08:00,11362.47,11396.91,11300.41,11335.64
2020.09.29,12:00,11335.66,11376.33,11303.99,11320.01
2020.09.29,16:00,11319.51,11360.5,11319.51,11350.15
2020.09.29,20:00,11350.39,11436.85,11267.47,11273.35
2020.09.30,00:00,11272.97,11295.2,11177.65,11222.89
2020.09.30,04:00,11222.83,11307.84,11196.44,11270.85
2020.09.30,08:00,11270.96,11511.19,11256.84,11500.38
2020.09.30,12:00,11500.39,11536.44,11347.08,11406.71
2020.09.30,16:00,11405.88,11452.42,11357.53,11451.64
2020.09.30,20:00,11451.64,11486.11,11418.79,11470.23
2020.10.01,00:00,11470.32,11518.99,11451.61,11500.4
2020.10.01,04:00,11499.12,11583.37,11471.52,11577.26
2020.10.01,08:00,11577.65,11603.3,11484.05,11540.61
2020.10.01,12:00,11540.62,11608.1,11506.41,11581.09
2020.10.01,16:00,11580.89,11612.39,11562.66,11580.21
2020.10.01,20:00,11579.17,11597.8,11524.63,11563.72
2020.10.02,00:00,11563.72,11576.1,11310.77,11392.13
2020.10.02,04:00,11391.59,11413.19,11289.53,11297.16
2020.10.02,08:00,11295.61,11481.61,11278.27,11284.74
2020.10.02,12:00,11285.57,11364.8,11218.38,11260.6
2020.10.02,16:00,11258.62,11277.62,11237.55,11248.62
2020.10.04,16:00,11323.04,11350.47,11294.71,11345.48
2020.10.04,20:00,11345.96,11379.38,11336.92,11337.61
2020.10.05,00:00,11338.3,11362.16,11281.91,11314.1
2020.10.05,04:00,11314.29,11375.42,11311.94,11337.4
2020.10.05,08:00,11337.46,11453.39,11315.46,11442.8
2020.10.05,12:00,11442.61,11510.38,11403.22,11502.87
2020.10.05,16:00,11503.64,11503.69,11429.98,11445.61
2020.10.05,20:00,11446.7,11479.51,11433.01,11462.31
2020.10.06,00:00,11462.26,11498.8,11443.24,11448.25
2020.10.06,04:00,11447.44,11465.82,11415.76,11451.22
2020.10.06,08:00,11451.25,11511.29,11370.15,11392.79
2020.10.06,12:00,11392.96,11536.96,11252.22,11290.62
2020.10.06,16:00,11291.46,11303.47,11222.12,11267.66
2020.10.06,20:00,11267.76,11311.81,11255.21,11298.45
2020.10.07,00:00,11298.43,11369.55,11291.51,11361.48
2020.10.07,04:00,11361.54,11374.89,11318.53,11370.41
2020.10.07,08:00,11368.7,11459.25,11363.95,11443.43
2020.10.07,12:00,11443.43,11520.51,11409.57,11495.39
2020.10.07,16:00,11495.84,11518.2,11474.24,11514.78
2020.10.07,20:00,11515.3,11534.99,11487.94,11518.71
2020.10.08,00:00,11518.86,11585.99,11508.63,11566.31
2020.10.08,04:00,11566.69,11575.0,11539.23,11566.41
2020.10.08,08:00,11566.74,11592.29,11502.84,11539.19
2020.10.08,12:00,11539.6,11578.09,11516.36,11550.69
2020.10.08,16:00,11550.37,11596.26,11541.92,11592.78
2020.10.08,20:00,11592.61,11615.15,11576.97,11608.69
2020.10.09,00:00,11608.78,11610.51,11565.48,11579.79
2020.10.09,04:00,11579.8,11603.7,11566.69,11596.87
2020.10.09,08:00,11596.9,11698.5,11587.33,11689.59
2020.10.09,12:00,11689.48,11726.01,11673.87,11723.24
2020.10.09,16:00,11724.2,11738.9,11717.33,11738.34
2020.10.11,16:00,11715.2,11767.09,11704.68,11754.35
2020.10.11,20:00,11754.48,11786.4,11728.73,11780.38
2020.10.12,00:00,11780.38,11810.78,11777.31,11808.39
2020.10.12,04:00,11808.33,11937.67,11803.17,11933.59
2020.10.12,08:00,11932.41,12047.76,11879.36,12024.39
2020.10.12,12:00,12024.37,12205.79,12022.75,12085.29
2020.10.12,16:00,12084.46,12128.42,12069.96,12115.51
2020.10.12,20:00,12115.77,12120.09,12041.25,12068.56
2020.10.13,00:00,12068.99,12130.5,12029.8,12060.07
2020.10.13,04:00,12060.31,12255.32,12060.04,12200.8
2020.10.13,08:00,12200.8,12222.8,12039.59,12140.97
2020.10.13,12:00,12140.24,12153.5,12026.61,12080.93
2020.10.13,16:00,12080.75,12128.1,12075.53,12120.93
2020.10.13,20:00,12120.33,12176.28,12105.82,12164.57
2020.10.14,00:00,12164.7,12183.19,12125.75,12162.23
2020.10.14,04:00,12162.25,12171.8,12071.09,12126.98
2020.10.14,08:00,12126.92,12159.59,11972.21,11978.99
2020.10.14,12:00,11979.24,12043.08,11909.94,11986.11
2020.10.14,16:00,11986.0,11991.55,11939.22,11969.26
2020.10.14,20:00,11969.27,11976.24,11875.8,11886.0
2020.10.15,00:00,11885.79,11928.09,11845.72,11866.45
2020.10.15,04:00,11866.27,11866.27,11745.72,11810.3
2020.10.15,08:00,11810.31,11888.78,11756.05,11828.28
2020.10.15,12:00,11828.26,11926.78,11781.04,11899.52
2020.10.15,16:00,11899.43,11940.6,11881.84,11923.9
2020.10.15,20:00,11923.44,11948.03,11834.03,11866.01
2020.10.16,00:00,11866.02,11906.81,11844.9,11903.36
2020.10.16,04:00,11903.01,11953.41,11879.46,11935.53
2020.10.16,08:00,11935.53,12032.3,11887.22,11940.53
2020.10.16,12:00,11940.41,11973.82,11825.33,11836.04
2020.10.16,16:00,11837.09,11846.11,11804.29,11809.4
2020.10.18,16:00,11843.87,11899.41,11831.86,11884.16
2020.10.18,20:00,11884.35,11931.29,11875.16,11897.32
2020.10.19,00:00,11897.73,11949.92,11888.07,11922.99
2020.10.19,04:00,11922.78,11959.61,11903.71,11930.16
2020.10.19,08:00,11930.29,11961.62,11767.12,11795.21
2020.10.19,12:00,11795.49,11819.26,11605.47,11642.46
2020.10.19,16:00,11641.8,11732.89,11641.8,11725.94
2020.10.19,20:00,11725.43,11757.41,11678.56,11726.9
2020.10.20,00:00,11726.86,11753.1,11693.6,11742.1
2020.10.20,04:00,11741.92,11764.0,11722.73,11733.87
2020.10.20,08:00,11733.92,11748.48,11610.89,11694.48
2020.10.20,12:00,11693.84,11803.58,11647.82,11674.89
2020.10.20,16:00,11674.81,11727.29,11633.25,11714.49
2020.10.20,20:00,11714.49,11753.9,11706.53,11739.38
2020.10.21,00:00,11739.41,11751.79,11655.53,11678.72
2020.10.21,04:00,11679.65,11701.91,11595.22,11640.1
2020.10.21,08:00,11639.849,11789.58,11636.35,11673.81
2020.10.21,12:00,11673.809,11762.599,11643.709,11661.88
2020.10.21,16:00,11662.69,11716.62,11602.73,11635.55
2020.10.21,20:00,11635.39,11648.1,11606.03,11619.89
2020.10.22,00:00,11619.89,11661.42,11613.539,11652.21
2020.10.22,04:00,11652.129,11696.269,11644.35,11687.34
2020.10.22,08:00,11687.57,11734.7,11522.329,11591.989
2020.10.22,12:00,11592.609,11695.699,11556.329,11664.869
2020.10.22,16:00,11665.669,11692.489,11642.589,11674.939
2020.10.22,20:00,11674.949,11688.899,11634.029,11681.019
2020.10.23,00:00,11681.059,11687.109,11612.839,11679.089
2020.10.23,04:00,11679.189,11692.219,11644.329,11681.609
2020.10.23,08:00,11681.649,11702.099,11564.079,11596.859
2020.10.23,12:00,11596.609,11692.809,11574.819,11691.989
2020.10.23,16:00,11691.709,11691.709,11672.499,11673.859
2020.10.25,16:00,11647.219,11650.499,11584.399,11637.419
2020.10.25,20:00,11638.469,11647.999,11616.619,11625.089
2020.10.26,00:00,11624.999,11634.999,11555.129,11572.389
2020.10.26,04:00,11572.339,11603.779,11563.939,11572.989
2020.10.26,08:00,11572.989,11707.719,11421.379,11429.549
2020.10.26,12:00,11429.589,11528.099,11357.069,11515.039
2020.10.26,16:00,11511.789,11544.509,11492.449,11538.599
2020.10.26,20:00,11538.759,11540.139,11500.079,11527.819
2020.10.27,00:00,11527.999,11560.709,11515.559,11541.489
2020.10.27,04:00,11541.469,11578.929,11521.209,11549.639
2020.10.27,08:00,11549.779,11620.618,11501.409,11586.239
2020.10.27,12:00,11586.809,11634.888,11552.819,11605.779
2020.10.27,16:00,11563.119,11569.159,11518.629,11539.239
2020.10.27,20:00,11539.278,11559.189,11535.849,11551.669
2020.10.28,00:00,11552.108,11577.989,11450.579,11494.239
2020.10.28,04:00,11494.259,11500.658,11393.619,11407.699
2020.10.28,08:00,11407.178,11434.809,11203.239,11215.299
2020.10.28,12:00,11215.559,11285.089,11136.348,11176.299
2020.10.28,16:00,11198.399,11228.699,11177.308,11222.539
2020.10.28,20:00,11222.508,11263.589,11221.039,11258.609
2020.10.29,00:00,11258.598,11306.198,11222.818,11260.279
2020.10.29,04:00,11260.318,11297.278,11155.749,11210.909
2020.10.29,08:00,11208.608,11346.789,11182.169,11329.959
2020.10.29,12:00,11329.928,11468.769,11319.269,11332.849
2020.10.29,16:00,11222.589,11247.569,11168.299,11173.409
2020.10.29,20:00,11173.348,11224.889,11171.208,11200.329
2020.10.30,00:00,11200.398,11206.589,11050.028,11124.629
2020.10.30,04:00,11125.098,11267.789,11116.118,11252.078
2020.10.30,08:00,11252.109,11292.099,10996.629,11038.569
2020.10.30,12:00,11038.548,11099.789,10959.209,11085.379
2020.11.01,16:00,11040.529,11081.838,10995.879,11017.109
2020.11.01,20:00,11017.078,11089.048,11008.329,11066.389
2020.11.02,00:00,11066.569,11145.768,11057.238,11143.829
2020.11.02,04:00,11141.538,11224.089,11134.138,11141.339
2020.11.02,08:00,11141.618,11225.519,11064.549,11089.319
2020.11.02,12:00,11089.909,11103.919,10956.019,11080.408
2020.11.02,16:00,11082.389,11129.329,11074.219,11127.309
2020.11.02,20:00,11127.359,11137.819,11078.878,11081.809
2020.11.03,00:00,11082.078,11178.589,11082.069,11169.359
2020.11.03,04:00,11169.408,11193.359,11119.629,11139.289
2020.11.03,08:00,11139.008,11360.219,11115.049,11306.719
2020.11.03,12:00,11306.898,11346.589,11228.029,11269.889
2020.11.03,16:00,11268.868,11354.269,11225.209,11247.649
2020.11.03,20:00,11247.109,11777.359,11244.728,11553.799
2020.11.04,00:00,11552.889,11621.159,11314.749,11556.109
2020.11.04,04:00,11556.079,11663.999,11461.349,11660.909
2020.11.04,08:00,11660.398,11818.608,11569.038,11808.079
2020.11.04,12:00,11808.049,11847.799,11736.189,11768.629
2020.11.04,16:00,11768.688,11841.798,11761.069,11840.659
2020.11.04,20:00,11840.749,11992.399,11777.618,11942.719
2020.11.05,00:00,11942.098,12052.868,11910.358,12036.069
2020.11.05,04:00,12036.008,12124.288,12017.359,12084.019
2020.11.05,08:00,12084.078,12114.299,11979.599,12026.569
2020.11.05,12:00,12027.069,12118.079,11982.218,12072.699
2020.11.05,16:00,12074.179,12115.898,12023.599,12024.919
2020.11.05,20:00,12024.948,12044.959,11915.058,11930.369
2020.11.06,00:00,11930.408,12031.369,11927.508,11957.719
2020.11.06,04:00,11957.408,11993.799,11873.429,11941.869
2020.11.06,08:00,11941.828,12075.939,11887.949,12053.579
2020.11.06,12:00,12053.568,12112.539,12030.939,12084.339
2020.11.06,16:00,12084.339,12101.329,12078.779,12091.449
2020.11.08,16:00,12162.659,12315.079,12125.599,12292.839
2020.11.08,20:00,12292.848,12411.299,12292.848,12397.349
2020.11.09,00:00,12397.598,12407.289,12293.039,12333.399
2020.11.09,04:00,12333.799,12385.909,11943.519,12119.579
2020.11.09,08:00,12119.728,12290.139,12047.589,12122.748
2020.11.09,12:00,12122.389,12153.659,11821.329,11834.319
2020.11.09,16:00,11834.279,11907.798,11797.289,11838.639
2020.11.09,20:00,11838.309,11900.249,11691.369,11736.399
2020.11.10,00:00,11736.598,11878.188,11724.159,11788.279
2020.11.10,04:00,11787.829,11796.389,11560.549,11626.539
2020.11.10,08:00,11626.617,11757.109,11511.299,11667.229
2020.11.10,12:00,11667.319,11751.597,11581.769,11627.939
2020.11.10,16:00,11627.299,11660.609,11587.129,11623.709
2020.11.10,20:00,11623.729,11704.957,11594.199,11671.979
2020.11.11,00:00,11671.769,11765.899,11583.289,11751.629
2020.11.11,04:00,11752.069,11780.689,11713.619,11767.109
2020.11.11,08:00,11767.237,11872.217,11711.929,11871.649
2020.11.11,12:00,11871.939,11907.107,11836.159,11890.429
2020.11.11,16:00,11890.497,11919.617,11870.519,11876.609
2020.11.11,20:00,11876.589,11891.387,11789.259,11813.499
2020.11.12,00:00,11813.529,11881.687,11812.599,11858.079
2020.11.12,04:00,11858.999,11972.309,11851.669,11900.469
2020.11.12,08:00,11900.619,11982.659,11863.489,11900.949
2020.11.12,12:00,11900.967,11922.009,11782.109,11829.939
2020.11.12,16:00,11829.977,11870.799,11828.079,11832.059
2020.11.12,20:00,11831.719,11873.599,11808.549,11866.889
2020.11.13,00:00,11866.977,11921.999,11846.609,11900.539
2020.11.13,04:00,11900.607,11940.019,11889.319,11895.599
2020.11.13,08:00,11895.477,11928.099,11806.459,11878.989
2020.11.13,12:00,11879.229,11956.989,11852.109,11937.069
2020.11.13,16:00,11937.519,11952.807,11927.759,11950.319
2020.11.15,16:00,11966.307,12067.377,11964.499,12042.079
2020.11.15,20:00,12042.297,12063.807,12016.469,12049.009
2020.11.16,00:00,12048.997,12061.807,11982.059,11996.779
2020.11.16,04:00,11997.199,12021.397,11856.779,11924.409
2020.11.16,08:00,11924.597,12037.259,11886.809,11999.209
2020.11.16,12:00,11999.799,12020.119,11936.009,12019.019
2020.11.16,16:00,12018.429,12095.609,12017.009,12050.489
2020.11.16,20:00,12050.459,12059.809,12008.109,12012.299
2020.11.17,00:00,12012.587,12051.289,11995.509,12038.219
2020.11.17,04:00,12040.849,12062.279,12007.299,12032.827
2020.11.17,08:00,12032.989,12046.407,11966.789,12005.269
2020.11.17,12:00,12005.217,12048.689,11960.949,11982.779
2020.11.17,16:00,11982.767,11991.599,11941.949,11952.699
2020.11.17,20:00,11953.099,11981.189,11934.689,11974.529
2020.11.18,00:00,11974.567,12010.599,11918.909,11985.149
2020.11.18,04:00,11985.127,12024.067,11980.889,11996.969
2020.11.18,08:00,11996.977,11999.999,11913.609,11999.739
2020.11.18,12:00,12000.049,12029.619,11892.879,11894.209
2020.11.18,16:00,11895.099,11911.889,11857.539,11868.229
2020.11.18,20:00,11868.399,11888.409,11833.039,11858.309
2020.11.19,00:00,11858.267,11903.257,11809.359,11810.109
2020.11.19,04:00,11810.559,11886.099,11806.129,11880.219
2020.11.19,08:00,11880.389,11963.799,11844.099,11947.289
2020.11.19,12:00,11947.149,12001.879,11913.589,11985.559
2020.11.19,16:00,11984.809,11995.189,11923.739,11950.449
2020.11.19,20:00,11950.549,12013.409,11943.519,12004.517
2020.11.20,00:00,12004.479,12007.119,11962.269,11986.229
2020.11.20,04:00,11986.799,12018.897,11969.419,12005.577
2020.11.20,08:00,12005.409,12016.617,11946.749,11977.237
2020.11.20,12:00,11977.029,12000.299,11903.549,11905.477
2020.11.20,16:00,11905.409,11914.019,11874.849,11886.899
2020.11.22,16:00,11910.819,11949.197,11901.299,11947.899
2020.11.22,20:00,11947.867,11956.089,11935.209,11948.319
2020.11.23,00:00,11948.347,11977.799,11932.319,11954.389
2020.11.23,04:00,11954.469,11968.287,11935.329,11953.089
2020.11.23,08:00,11953.017,12002.739,11811.519,11849.959
2020.11.23,12:00,11849.947,11945.989,11829.219,11904.739
2020.11.23,16:00,11904.939,11968.479,11900.949,11952.109
2020.11.23,20:00,11952.309,11979.717,11939.519,11972.059
2020.11.24,00:00,11972.457,11977.797,11934.009,11939.989
2020.11.24,04:00,11939.669,11954.499,11927.699,11939.469
2020.11.24,08:00,11939.687,12039.899,11874.589,12020.969
2020.11.24,12:00,12020.967,12097.979,12009.729,12075.569
2020.11.24,16:00,12075.739,12157.059,12072.719,12143.309
2020.11.24,20:00,12142.889,12171.989,12128.019,12130.659
2020.11.25,00:00,12130.789,12132.599,12099.619,12104.589
2020.11.25,04:00,12104.609,12122.789,12090.389,12097.229
2020.11.25,08:00,12098.109,12145.389,12078.719,12100.089
2020.11.25,12:00,12101.099,12174.639,12092.609,12153.599
2020.11.25,16:00,12154.189,12185.389,12148.579,12177.879
2020.11.25,20:00,12177.867,12212.109,12176.299,12192.899
2020.11.26,00:00,12192.817,12221.187,12181.109,12186.869
2020.11.26,04:00,12187.109,12202.989,12172.339,12194.389
2020.11.26,08:00,12194.619,12214.529,12179.319,12188.089
2020.11.26,12:00,12188.297,12189.087,12127.309,12153.819
2020.11.26,16:00,12157.249,12172.807,12141.559,12160.839
2020.11.26,20:00,12161.019,12174.689,12136.339,12169.859
2020.11.27,00:00,12169.857,12202.499,12165.639,12199.199
2020.11.27,04:00,12199.817,12205.719,12182.589,12201.049
2020.11.27,08:00,12201.589,12307.789,12197.599,12253.019
2020.11.27,12:00,12253.389,12274.849,12232.799,12272.029
2020.11.29,16:00,12295.899,12335.329,12272.699,12281.299
2020.11.29,20:00,12281.319,12292.289,12239.529,12247.799
2020.11.30,16:00,12345.079,12361.589,12340.029,12360.899
2020.11.30,20:00,12361.069,12396.299,12359.839,12369.339
2020.12.01,00:00,12369.349,12395.299,12345.729,12357.529
2020.12.01,04:00,12357.549,12394.299,12352.649,12389.819
2020.12.01,08:00,12389.879,12451.789,12330.769,12448.129
2020.12.01,12:00,12448.147,12512.109,12420.639,12451.859
2020.12.01,16:00,12450.309,12471.499,12432.769,12436.109
2020.12.01,20:00,12436.037,12440.609,12405.219,12437.579
2020.12.02,00:00,12437.669,12456.989,12407.549,12446.159
2020.12.02,04:00,12446.189,12449.099,12391.979,12407.549
2020.12.02,08:00,12407.189,12459.619,12314.369,12458.549
2020.12.02,12:00,12458.309,12472.489,12412.359,12457.549
2020.12.02,16:00,12457.789,12485.209,12455.999,12464.529
2020.12.02,20:00,12464.689,12496.089,12454.819,12465.829
2020.12.03,00:00,12466.339,12487.989,12461.739,12471.099
2020.12.03,04:00,12471.127,12491.799,12456.579,12487.289
2020.12.03,08:00,12487.309,12539.489,12448.349,12509.259
2020.12.03,12:00,12509.179,12521.199,12442.519,12470.869
2020.12.03,16:00,12471.299,12493.907,12459.619,12491.019
2020.12.03,20:00,12490.769,12495.999,12476.129,12490.149
2020.12.04,00:00,12490.219,12517.799,12489.819,12506.609
2020.12.04,04:00,12506.707,12512.709,12485.349,12490.229
2020.12.04,08:00,12490.549,12528.599,12446.859,12510.619
2020.12.04,12:00,12510.789,12530.737,12491.089,12527.229
2020.12.04,16:00,12526.899,12533.899,12505.819,12506.069
2020.12.06,16:00,12505.759,12566.199,12505.759,12544.369
2020.12.06,20:00,12544.799,12550.499,12507.259,12515.739
2020.12.07,00:00,12515.727,12528.589,12472.719,12487.109
2020.12.07,04:00,12487.249,12523.579,12478.559,12517.899
2020.12.07,08:00,12517.837,12611.039,12515.039,12591.539
2020.12.07,12:00,12591.259,12599.189,12546.667,12596.059
2020.12.07,16:00,12596.569,12601.789,12558.109,12573.129
2020.12.07,20:00,12573.207,12581.609,12553.029,12565.499
2020.12.08,00:00,12565.789,12590.297,12558.099,12585.739
2020.12.08,04:00,12585.739,12597.599,12526.659,12551.789
2020.12.08,08:00,12552.099,12586.899,12501.769,12586.017
2020.12.08,12:00,12585.219,12652.897,12578.889,12636.679
2020.12.08,16:00,12636.677,12672.589,12634.569,12655.919
2020.12.08,20:00,12656.079,12658.899,12633.019,12647.789
2020.12.09,00:00,12647.797,12651.359,12626.259,12631.299
2020.12.09,04:00,12632.029,12641.297,12614.279,12622.379
2020.12.09,08:00,12622.419,12640.897,12565.719,12590.569
2020.12.09,12:00,12590.819,12591.159,12307.139,12361.287
2020.12.09,16:00,12360.249,12373.089,12336.049,12361.369
2020.12.09,20:00,12361.339,12364.199,12315.949,12341.909
2020.12.10,00:00,12342.007,12354.087,12303.289,12344.339
2020.12.10,04:00,12344.769,12376.097,12283.039,12296.959
2020.12.10,08:00,12297.007,12449.489,12218.907,12382.649
2020.12.10,12:00,12382.887,12430.799,12353.049,12398.017
2020.12.10,16:00,12398.589,12413.669,12375.137,12394.429
2020.12.10,20:00,12394.437,12402.487,12358.207,12374.719
2020.12.11,00:00,12374.809,12386.487,12312.069,12331.499
2020.12.11,04:00,12331.477,12349.179,12263.559,12315.939
2020.12.11,08:00,12315.967,12359.509,12257.239,12279.687
2020.12.11,12:00,12279.999,12379.889,12235.249,12376.589
2020.12.11,16:00,12376.609,12380.619,12354.049,12367.339
2020.12.13,16:00,12409.039,12439.389,12401.749,12412.169
2020.12.13,20:00,12412.169,12423.389,12411.019,12418.249
2020.12.14,00:00,12418.609,12434.599,12386.019,12410.669
2020.12.14,04:00,12410.339,12451.659,12404.739,12449.609
2020.12.14,08:00,12449.887,12545.107,12404.079,12533.759
2020.12.14,12:00,12533.839,12537.489,12446.539,12455.829
2020.12.14,16:00,12457.799,12482.509,12450.409,12474.689
2020.12.14,20:00,12474.519,12480.509,12416.739,12436.399
2020.12.15,00:00,12436.337,12509.419,12430.379,12508.059
2020.12.15,04:00,12508.219,12538.999,12501.409,12536.779
2020.12.15,08:00,12536.869,12579.279,12465.519,12496.749
2020.12.15,12:00,12496.807,12595.369,12494.319,12594.409
2020.12.15,16:00,12594.869,12605.919,12577.169,12589.909
2020.12.15,20:00,12589.349,12622.259,12582.179,12607.319
2020.12.16,00:00,12607.357,12645.129,12599.349,12638.389
2020.12.16,04:00,12638.679,12641.619,12611.019,12614.279
2020.12.16,08:00,12613.759,12654.369,12569.559,12651.289
2020.12.16,12:00,12651.389,12701.999,12607.829,12669.169
2020.12.16,16:00,12669.759,12687.889,12665.039,12677.609
2020.12.16,20:00,12677.389,12707.179,12668.599,12702.119
2020.12.17,00:00,12702.099,12744.499,12695.879,12732.249
2020.12.17,04:00,12732.599,12745.149,12720.729,12729.569
2020.12.17,08:00,12729.649,12759.719,12681.099,12710.829
2020.12.17,12:00,12710.839,12752.119,12696.907,12747.559
2020.12.17,16:00,12747.569,12763.879,12728.639,12729.509
2020.12.17,20:00,12729.689,12735.209,12712.589,12721.299
2020.12.18,00:00,12721.739,12750.399,12702.709,12748.529
2020.12.18,04:00,12748.309,12773.889,12730.699,12746.299
2020.12.18,08:00,12746.539,12784.899,12659.849,12692.049
2020.12.18,12:00,12692.099,12723.599,12609.549,12701.099
2020.12.18,16:00,12701.099,12744.709,12698.259,12738.049
2020.12.20,16:00,12759.257,12780.179,12723.059,12738.859
2020.12.20,20:00,12738.857,12755.219,12728.169,12747.789
2020.12.21,00:00,12747.879,12773.799,12693.749,12724.619
2020.12.21,04:00,12724.749,12724.819,12462.129,12577.019
2020.12.21,08:00,12577.049,12648.209,12464.089,12584.539
2020.12.21,12:00,12584.609,12705.689,12584.609,12687.129
2020.12.21,16:00,12687.859,12717.499,12669.739,12687.939
2020.12.21,20:00,12687.967,12729.499,12686.009,12689.909
2020.12.22,00:00,12689.609,12717.849,12641.329,12710.979
2020.12.22,04:00,12710.959,12758.089,12706.949,12748.799
2020.12.22,08:00,12748.957,12761.499,12600.069,12661.389
2020.12.22,12:00,12661.489,12723.649,12658.859,12719.219
2020.12.22,16:00,12719.279,12727.877,12634.269,12658.379
2020.12.22,20:00,12658.779,12709.289,12649.629,12696.999
2020.12.23,00:00,12696.747,12742.819,12690.849,12732.899
2020.12.23,04:00,12733.309,12743.089,12711.459,12720.189
2020.12.23,08:00,12719.979,12734.749,12654.929,12703.349
2020.12.23,12:00,12703.669,12737.989,12649.409,12656.709
2020.12.23,16:00,12655.899,12672.419,12629.439,12654.269
2020.12.23,20:00,12654.319,12681.979,12636.449,12674.389
2020.12.24,00:00,12674.239,12681.239,12660.679,12669.699
2020.12.24,04:00,12669.509,12678.899,12663.379,12668.759
2020.12.24,08:00,12668.519,12729.679,12661.319,12684.299
2020.12.24,12:00,12683.519,12713.789,12671.099,12706.769
2020.12.27,16:00,12670.419,12755.099,12662.829,12740.999
2020.12.27,20:00,12741.849,12789.769,12739.229,12775.749
2020.12.28,00:00,12775.879,12801.499,12771.439,12786.759
2020.12.28,04:00,12786.779,12809.989,12769.739,12808.229
2020.12.28,08:00,12808.427,12831.289,12745.909,12824.009
2020.12.28,12:00,12824.329,12861.449,12814.319,12840.319
2020.12.28,16:00,12839.649,12868.479,12832.809,12863.649
2020.12.28,20:00,12863.617,12872.989,12861.439,12871.109
2020.12.29,00:00,12871.087,12903.619,12870.479,12897.339
2020.12.29,04:00,12897.299,12898.409,12879.699,12892.089
2020.12.29,08:00,12892.197,12924.299,12817.129,12867.419
2020.12.29,12:00,12867.009,12870.099,12813.479,12850.509
2020.12.29,16:00,12851.849,12867.379,12835.219,12838.009
2020.12.29,20:00,12837.809,12888.709,12831.739,12886.379
2020.12.30,00:00,12886.459,12899.199,12877.949,12887.639
2020.12.30,04:00,12887.717,12897.499,12876.749,12893.019
2020.12.30,08:00,12893.007,12913.789,12825.119,12873.629
2020.12.30,12:00,12873.759,12876.989,12827.169,12849.379
2020.12.30,16:00,12848.319,12858.989,12837.859,12854.409
2020.12.30,20:00,12854.279,12862.899,12837.139,12845.239
2020.12.31,00:00,12845.247,12858.507,12839.439,12846.819
2020.12.31,04:00,12846.979,12867.399,12840.769,12857.109
2020.12.31,08:00,12856.689,12861.709,12801.129,12806.509
2020.12.31,12:00,12806.679,12899.659,12803.319,12876.249
2020.12.31,16:00,12874.319,12898.149,12873.719,12883.209
2021.01.03,16:00,12896.319,12906.189,12827.339,12836.699
2021.01.03,20:00,12835.379,12879.409,12835.379,12876.239
2021.01.04,00:00,12876.439,12954.689,12859.929,12934.319
2021.01.04,04:00,12933.519,12961.599,12932.709,12954.399
2021.01.04,08:00,12953.739,12955.599,12642.449,12643.189
2021.01.04,12:00,12643.199,12717.019,12529.889,12701.829
2021.01.04,16:00,12700.729,12706.989,12667.909,12700.949
2021.01.04,20:00,12701.199,12734.489,12669.519,12683.809
2021.01.05,00:00,12683.429,12722.789,12647.969,12701.989
2021.01.05,04:00,12699.399,12732.489,12660.339,12688.959
2021.01.05,08:00,12688.937,12790.219,12618.819,12739.859
2021.01.05,12:00,12739.809,12811.977,12712.079,12799.639
2021.01.05,16:00,12800.689,12852.019,12772.049,12785.929
2021.01.05,20:00,12788.599,12800.107,12585.949,12620.519
2021.01.06,00:00,12620.579,12674.569,12499.819,12526.609
2021.01.06,04:00,12526.569,12639.689,12510.119,12597.509
2021.01.06,08:00,12597.859,12798.109,12561.919,12763.559
2021.01.06,12:00,12764.389,12807.749,12606.329,12630.399
2021.01.06,16:00,12630.919,12708.619,12601.069,12707.889
2021.01.06,20:00,12708.029,12750.889,12706.149,12709.109
2021.01.07,00:00,12709.149,12771.169,12669.669,12697.159
2021.01.07,04:00,12697.337,12734.299,12671.899,12723.799
2021.01.07,08:00,12724.309,12930.299,12714.059,12901.559
2021.01.07,12:00,12901.819,12968.689,12878.429,12935.589
2021.01.07,16:00,12935.589,12965.719,12927.819,12961.099
2021.01.07,20:00,12961.017,12986.369,12948.829,12966.289
2021.01.08,00:00,12966.259,13001.099,12964.849,12981.069
2021.01.08,04:00,12980.409,13013.019,12956.719,13000.779
2021.01.08,08:00,13000.839,13067.439,12963.769,13042.229
2021.01.08,12:00,13042.479,13112.499,12936.979,13100.059
2021.01.08,16:00,13100.909,13127.089,13096.509,13123.139
2021.01.10,16:00,13091.499,13112.599,13060.009,13075.989
2021.01.10,20:00,13075.987,13092.699,13029.879,13036.209
2021.01.11,00:00,13036.197,13081.517,13032.669,13056.189
2021.01.11,04:00,13056.397,13064.889,13011.619,13038.559
2021.01.11,08:00,13038.537,13038.537,12901.689,12994.849
2021.01.11,12:00,12994.959,13024.389,12883.509,12908.629
2021.01.11,16:00,12908.689,12955.009,12903.219,12948.859
2021.01.11,20:00,12948.917,12954.189,12897.109,12911.359
2021.01.12,00:00,12911.327,12958.999,12906.219,12940.509
2021.01.12,04:00,12940.869,12969.209,12939.769,12953.249
2021.01.12,08:00,12952.849,12958.779,12855.219,12880.889
2021.01.12,12:00,12880.829,12921.139,12778.859,12893.939
2021.01.12,16:00,12894.779,12912.709,12883.209,12901.869
2021.01.12,20:00,12901.847,12944.887,12897.809,12934.159
2021.01.13,00:00,12934.239,12941.689,12916.329,12925.369
2021.01.13,04:00,12925.219,12938.409,12843.989,12853.899
2021.01.13,08:00,12853.839,13000.689,12831.329,12976.959
2021.01.13,12:00,12976.927,13010.499,12946.149,12975.719
2021.01.13,16:00,12975.889,13008.019,12970.949,13003.279
2021.01.13,20:00,13003.499,13020.999,12940.509,12962.929
2021.01.14,00:00,12962.939,12988.319,12941.759,12979.439
2021.01.14,04:00,12979.399,12987.989,12929.499,12980.159
2021.01.14,08:00,12980.399,13036.199,12970.439,12986.409
2021.01.14,12:00,12985.609,12993.499,12888.039,12904.549
2021.01.14,16:00,12904.517,12933.889,12893.809,12905.369
2021.01.14,20:00,12905.139,12922.109,12876.529,12886.169
2021.01.15,00:00,12886.157,12902.299,12836.429,12897.049
2021.01.15,04:00,12897.069,12905.689,12857.519,12901.079
2021.01.15,08:00,12901.069,12937.689,12750.589,12846.709
2021.01.15,12:00,12846.989,12894.899,12800.109,12806.189
2021.01.15,16:00,12807.879,12807.879,12774.109,12779.629
2021.01.17,16:00,12783.129,12801.909,12733.559,12781.339
2021.01.17,20:00,12781.387,12785.649,12752.339,12773.209
2021.01.18,00:00,12773.147,12797.109,12764.099,12790.869
2021.01.18,04:00,12791.009,12822.719,12781.669,12803.419
2021.01.18,08:00,12803.579,12822.189,12791.489,12815.989
2021.01.18,12:00,12816.069,12822.009,12806.589,12818.589
2021.01.18,16:00,12819.469,12880.049,12818.509,12873.469
2021.01.18,20:00,12873.667,12954.559,12871.419,12939.709
2021.01.19,00:00,12939.807,12945.519,12911.359,12917.409
2021.01.19,04:00,12917.509,12940.889,12899.949,12912.819
2021.01.19,08:00,12912.837,12937.399,12857.779,12908.519
2021.01.19,12:00,12908.577,13013.159,12904.689,12992.359
2021.01.19,16:00,12992.589,13060.897,12972.829,13046.129
2021.01.19,20:00,13046.109,13057.099,13025.149,13037.579
2021.01.20,00:00,13037.517,13095.689,13031.589,13074.889
2021.01.20,04:00,13074.617,13113.869,13061.849,13113.399
2021.01.20,08:00,13113.669,13261.149,13110.129,13255.199
2021.01.20,12:00,13255.179,13333.989,13248.709,13293.849
2021.01.20,16:00,13293.889,13357.429,13284.239,13354.349
2021.01.20,20:00,13355.489,13397.869,13350.539,13385.359
2021.01.21,00:00,13385.239,13392.387,13341.209,13356.319
2021.01.21,04:00,13355.989,13368.789,13343.219,13357.429
2021.01.21,08:00,13357.499,13399.599,13290.509,13376.009
2021.01.21,12:00,13376.027,13431.299,13323.989,13405.389
2021.01.21,16:00,13405.317,13409.999,13373.119,13379.909
2021.01.21,20:00,13379.919,13383.599,13339.739,13361.159
2021.01.22,00:00,13361.267,13366.799,13331.719,13352.219
2021.01.22,04:00,13352.279,13353.679,13307.309,13326.899
2021.01.22,08:00,13326.717,13399.299,13312.009,13377.759
2021.01.22,12:00,13378.099,13405.409,13350.639,13364.029
2021.01.22,16:00,13364.899,13374.779,13353.229,13367.599
2021.01.24,16:00,13380.819,13449.299,13380.189,13445.149
2021.01.24,20:00,13445.227,13471.999,13437.559,13466.129
2021.01.25,00:00,13466.379,13487.049,13460.599,13483.869
2021.01.25,04:00,13483.877,13516.039,13478.169,13484.139
2021.01.25,08:00,13484.347,13563.409,13199.039,13408.089
2021.01.25,12:00,13408.709,13489.897,13322.409,13484.229
2021.01.25,16:00,13484.269,13493.379,13451.779,13454.709
2021.01.25,20:00,13455.207,13459.389,13390.319,13397.149
2021.01.26,00:00,13397.259,13456.299,13392.609,13450.829
2021.01.26,04:00,13451.179,13497.499,13429.929,13475.199
2021.01.26,08:00,13475.359,13542.689,13437.669,13468.359
2021.01.26,12:00,13468.689,13522.999,13466.949,13495.209
2021.01.26,16:00,13495.119,13609.137,13493.159,13564.819
2021.01.26,20:00,13564.729,13577.999,13544.419,13557.229
2021.01.27,00:00,13557.207,13581.589,13537.339,13547.469
2021.01.27,04:00,13547.499,13575.389,13366.789,13366.909
2021.01.27,08:00,13366.809,13411.769,13181.449,13227.689
2021.01.27,12:00,13227.659,13340.409,13031.359,13130.327
2021.01.27,16:00,13129.409,13168.499,12895.719,13023.239
2021.01.27,20:00,13022.919,13136.499,13018.149,13025.649
2021.01.28,00:00,13025.849,13072.979,12929.769,12945.609
2021.01.28,04:00,12946.099,13078.939,12915.819,13030.899
2021.01.28,08:00,13031.099,13326.229,12981.769,13317.129
2021.01.28,12:00,13317.349,13403.199,13183.869,13196.939
2021.01.28,16:00,13196.199,13207.709,13120.659,13133.369
2021.01.28,20:00,13132.849,13167.357,12971.449,13017.639
2021.01.29,00:00,13017.509,13081.329,12941.329,13026.839
2021.01.29,04:00,13027.089,13106.989,12948.109,13052.179
2021.01.29,08:00,13052.307,13172.959,12974.119,13042.079
2021.01.29,12:00,13042.289,13056.799,12843.069,12919.567
2021.01.29,16:00,12921.619,12954.839,12873.919,12895.889
2021.01.31,16:00,12855.569,12870.557,12736.889,12837.609
2021.01.31,20:00,12837.709,12965.289,12824.849,12962.859
2021.02.01,00:00,12962.699,13055.889,12941.389,13041.199
2021.02.01,04:00,13038.839,13092.887,13029.649,13054.349
2021.02.01,08:00,13054.619,13207.599,12980.349,13185.559
2021.02.01,12:00,13185.889,13281.219,13185.889,13244.149
2021.02.01,16:00,13243.049,13284.709,13220.389,13262.629
2021.02.01,20:00,13262.879,13380.189,13262.469,13332.249
2021.02.02,00:00,13332.709,13372.689,13310.159,13343.249
2021.02.02,04:00,13343.669,13386.909,13335.199,13346.179
2021.02.02,08:00,13346.669,13469.589,13338.629,13467.239
2021.02.02,12:00,13467.409,13504.299,13437.209,13455.289
2021.02.02,16:00,13455.887,13540.489,13416.329,13534.779
2021.02.02,20:00,13534.959,13535.589,13497.649,13524.349
2021.02.03,00:00,13524.337,13590.819,13520.489,13556.679
2021.02.03,04:00,13556.689,13562.219,13520.869,13536.339
2021.02.03,08:00,13536.499,13555.197,13399.209,13481.489
2021.02.03,12:00,13481.969,13507.339,13400.099,13400.099
2021.02.03,16:00,13400.879,13461.889,13399.879,13426.879
2021.02.03,20:00,13426.897,13456.519,13367.769,13373.189
2021.02.04,00:00,13371.849,13466.579,13355.329,13454.309
2021.02.04,04:00,13454.349,13462.899,13428.719,13457.739
2021.02.04,08:00,13457.779,13490.819,13402.709,13467.309
2021.02.04,12:00,13467.269,13562.019,13466.239,13561.519
2021.02.04,16:00,13561.849,13579.089,13543.609,13548.859
2021.02.04,20:00,13548.639,13601.119,13536.129,13589.189
2021.02.05,00:00,13589.227,13626.099,13585.519,13598.509
2021.02.05,04:00,13597.709,13612.299,13574.659,13601.499
2021.02.05,08:00,13601.279,13615.889,13528.539,13570.109
2021.02.05,12:00,13570.209,13643.689,13564.859,13602.309
2021.02.05,16:00,13602.149,13616.799,13594.047,13610.619
2021.02.07,16:00,13631.189,13668.179,13609.529,13659.859
2021.02.07,20:00,13659.907,13690.617,13657.109,13676.699
2021.02.08,00:00,13676.779,13687.407,13638.109,13648.899
2021.02.08,04:00,13648.819,13666.589,13632.779,13651.029
2021.02.08,08:00,13651.539,13697.689,13603.059,13637.409
2021.02.08,12:00,13638.109,13694.089,13623.289,13693.109
2021.02.08,16:00,13693.237,13702.989,13663.609,13676.469
2021.02.08,20:00,13676.989,13689.589,13664.649,13683.349
2021.02.09,00:00,13684.129,13694.899,13668.859,13678.879
2021.02.09,04:00,13678.989,13684.719,13657.639,13673.949
2021.02.09,08:00,13674.427,13742.299,13640.389,13698.877
2021.02.09,12:00,13698.359,13718.099,13669.329,13689.429
2021.02.09,16:00,13689.477,13709.319,13685.779,13692.449
2021.02.09,20:00,13692.659,13757.769,13689.839,13744.939
2021.02.10,00:00,13745.389,13775.409,13740.289,13762.349
2021.02.10,04:00,13762.419,13763.389,13724.119,13731.339
2021.02.10,08:00,13731.519,13768.917,13525.117,13621.669
2021.02.10,12:00,13621.657,13701.989,13590.687,13657.039
2021.02.10,16:00,13656.139,13675.819,13618.769,13622.359
2021.02.10,20:00,13622.397,13675.107,13620.359,13666.639
2021.02.11,00:00,13666.829,13703.089,13647.219,13697.819
2021.02.11,04:00,13697.787,13724.337,13693.359,13714.329
2021.02.11,08:00,13714.589,13749.597,13688.529,13727.509
2021.02.11,12:00,13727.519,13740.999,13630.579,13732.669
2021.02.11,16:00,13732.707,13746.689,13702.709,13728.269
2021.02.11,20:00,13728.307,13736.689,13707.039,13714.039
2021.02.12,00:00,13714.017,13722.999,13667.739,13688.569
2021.02.12,04:00,13688.577,13723.399,13687.719,13716.569
2021.02.12,08:00,13716.689,13758.187,13651.719,13747.949
2021.02.12,12:00,13747.969,13815.369,13717.199,13808.619
2021.02.12,16:00,13809.559,13820.599,13805.039,13820.289
2021.02.14,16:00,13831.747,13867.599,13814.609,13862.599
2021.02.14,20:00,13862.397,13869.879,13850.299,13854.059
2021.02.15,00:00,13853.719,13855.609,13836.809,13847.269
2021.02.15,04:00,13847.579,13853.679,13841.039,13842.739
2021.02.15,08:00,13842.779,13869.599,13842.159,13864.689
2021.02.15,12:00,13864.687,13883.609,13862.219,13877.359
2021.02.15,16:00,13874.299,13888.797,13861.409,13882.649
2021.02.15,20:00,13882.707,13904.899,13877.619,13902.069
2021.02.16,00:00,13902.219,13904.889,13852.629,13868.909
2021.02.16,04:00,13869.087,13885.499,13850.559,13880.859
2021.02.16,08:00,13881.219,13884.499,13750.009,13756.109
2021.02.16,12:00,13756.297,13807.199,13722.039,13768.597
2021.02.16,16:00,13767.809,13776.087,13706.469,13718.279
2021.02.16,20:00,13718.609,13772.887,13695.529,13756.009
2021.02.17,00:00,13756.389,13786.299,13730.439,13779.869
2021.02.17,04:00,13779.909,13781.117,13733.729,13749.729
2021.02.17,08:00,13749.717,13752.269,13549.299,13604.269
2021.02.17,12:00,13604.359,13714.209,13597.249,13704.267
2021.02.17,16:00,13704.299,13724.787,13686.059,13717.219
2021.02.17,20:00,13717.307,13719.839,13614.779,13629.389
2021.02.18,00:00,13629.357,13656.769,13609.089,13655.789
2021.02.18,04:00,13656.299,13656.889,13573.229,13603.659
2021.02.18,08:00,13604.839,13605.789,13472.519,13535.789
2021.02.18,12:00,13535.817,13672.809,13499.707,13642.537
2021.02.18,16:00,13642.559,13658.397,13608.649,13624.719
2021.02.18,20:00,13625.107,13644.199,13553.049,13581.699
2021.02.19,00:00,13581.717,13658.697,13581.319,13654.389
2021.02.19,04:00,13654.609,13716.987,13644.689,13708.889
2021.02.19,08:00,13708.989,13731.099,13633.229,13667.239
2021.02.19,12:00,13667.359,13673.809,13538.759,13580.259
2021.02.19,16:00,13581.619,13588.209,13566.259,13572.689
2021.02.21,16:00,13600.309,13620.667,13550.689,13608.119
2021.02.21,20:00,13608.389,13631.069,13531.109,13543.399
2021.02.22,00:00,13543.179,13548.899,13366.859,13383.889
2021.02.22,04:00,13383.689,13436.117,13367.549,13393.829
2021.02.22,08:00,13393.859,13448.809,13287.799,13327.789
2021.02.22,12:00,13327.799,13391.097,13223.029,13231.557
2021.02.22,16:00,13231.529,13259.389,13197.739,13211.039
2021.02.22,20:00,13211.269,13331.909,13209.229,13331.169
2021.02.23,00:00,13331.289,13338.839,13210.639,13215.899
2021.02.23,04:00,13216.099,13216.397,12950.709,13033.549
2021.02.23,08:00,13033.517,13123.289,12762.099,12980.519
2021.02.23,12:00,12977.779,13260.909,12889.569,13192.589
2021.02.23,16:00,13193.009,13202.789,13139.729,13169.859
2021.02.23,20:00,13169.539,13264.919,13126.829,13161.519
2021.02.24,00:00,13161.529,13186.299,13031.379,13183.369
2021.02.24,04:00,13183.349,13298.297,13164.549,13283.409
2021.02.24,08:00,13283.299,13292.199,12962.599,13190.629
2021.02.24,12:00,13191.137,13315.519,13178.509,13301.699
2021.02.24,16:00,13301.709,13344.799,13291.309,13320.249
2021.02.24,20:00,13320.549,13343.339,13282.139,13334.399
2021.02.25,00:00,13334.699,13359.399,13229.549,13254.299
2021.02.25,04:00,13255.579,13274.389,13151.819,13181.919
2021.02.25,08:00,13182.529,13296.299,12991.299,12997.027
2021.02.25,12:00,12996.589,13026.789,12771.279,12831.639
2021.02.25,16:00,12830.759,12886.787,12709.139,12779.579
2021.02.25,20:00,12779.649,12872.529,12729.389,12747.819
2021.02.26,00:00,12748.169,12920.799,12670.199,12896.979
2021.02.26,04:00,12896.949,12903.597,12724.269,12846.289
2021.02.26,08:00,12846.269,13037.757,12759.229,13019.689
2021.02.26,12:00,13020.009,13096.109,12899.909,12900.889
2021.02.26,16:00,12899.829,12928.129,12859.659,12893.739
2021.02.28,16:00,12974.889,13054.297,12949.229,13052.399
2021.02.28,20:00,13052.329,13087.709,13030.619,13042.749
2021.03.01,00:00,13043.267,13135.189,13043.089,13114.859
2021.03.01,04:00,13115.219,13127.809,13047.589,13068.837
2021.03.01,08:00,13068.809,13233.289,13037.319,13224.629
2021.03.01,12:00,13224.699,13290.387,13181.607,13278.999
2021.03.01,16:00,13278.689,13330.499,13260.277,13322.939
2021.03.01,20:00,13322.957,13325.199,13234.257,13241.739
2021.03.02,00:00,13241.809,13268.299,13169.149,13175.919
2021.03.02,04:00,13176.309,13277.789,13165.019,13277.069
2021.03.02,08:00,13277.097,13306.287,13104.939,13144.859
2021.03.02,12:00,13144.889,13218.197,13054.239,13063.649
2021.03.02,16:00,13064.139,13131.809,13054.459,13120.709
2021.03.02,20:00,13120.727,13148.309,13071.139,13142.399
2021.03.03,00:00,13142.357,13195.199,13129.679,13161.659
2021.03.03,04:00,13161.789,13186.907,13107.739,13121.109
2021.03.03,08:00,13121.037,13129.057,12829.059,12899.549
2021.03.03,12:00,12899.557,12913.869,12683.799,12687.149
2021.03.03,16:00,12687.169,12704.389,12588.739,12647.809
2021.03.03,20:00,12647.969,12670.097,12516.699,12575.539
2021.03.04,00:00,12575.789,12713.259,12569.019,12655.267
2021.03.04,04:00,12655.299,12685.699,12559.379,12661.489
2021.03.04,08:00,12661.539,12802.369,12514.899,12746.209
2021.03.04,12:00,12746.307,12788.349,12311.859,12475.819
2021.03.04,16:00,12474.519,12499.499,12339.719,12341.109
2021.03.04,20:00,12341.099,12455.349,12310.209,12401.339
2021.03.05,00:00,12401.377,12477.899,12355.969,12416.619
2021.03.05,04:00,12415.669,12510.989,12373.499,12498.519
2021.03.05,08:00,12498.709,12636.189,12213.369,12364.509
2021.03.05,12:00,12364.527,12700.699,12320.329,12665.859
2021.03.05,16:00,12665.849,12673.509,12654.479,12659.919
2021.03.07,16:00,12720.099,12762.819,12604.479,12657.259
2021.03.07,20:00,12656.589,12683.099,12516.579,12546.429
2021.03.08,00:00,12546.379,12568.397,12407.609,12460.959
2021.03.08,04:00,12461.019,12521.797,12378.939,12486.759
2021.03.08,08:00,12487.359,12719.229,12467.069,12512.799
2021.03.08,12:00,12512.719,12593.189,12289.789,12305.649
2021.03.08,16:00,12305.719,12390.389,12298.759,12369.339
2021.03.08,20:00,12369.597,12466.197,12329.739,12459.849
2021.03.09,00:00,12459.949,12527.639,12370.469,12519.239
2021.03.09,04:00,12519.797,12615.269,12515.499,12544.669
2021.03.09,08:00,12544.719,12772.387,12544.719,12748.929
2021.03.09,12:00,12749.889,12868.797,12737.459,12789.389
2021.03.09,16:00,12789.789,12827.787,12770.259,12785.049
2021.03.09,20:00,12785.067,12803.197,12724.379,12774.439
2021.03.10,00:00,12774.417,12806.609,12721.079,12794.949
2021.03.10,04:00,12794.997,12818.499,12704.309,12771.949
2021.03.10,08:00,12772.979,12993.089,12727.899,12840.039
2021.03.10,12:00,12840.749,12847.309,12722.249,12753.659
2021.03.10,16:00,12753.657,12798.897,12724.559,12735.179
2021.03.10,20:00,12735.137,12850.907,12730.169,12839.989
2021.03.11,00:00,12839.927,12973.199,12824.419,12971.479
2021.03.11,04:00,12972.019,13013.389,12944.039,12992.399
2021.03.11,08:00,12992.597,13087.599,12913.959,13069.699
2021.03.11,12:00,13069.949,13120.399,13041.089,13047.409
2021.03.11,16:00,13048.409,13093.499,13040.629,13083.409
2021.03.11,20:00,13083.687,13093.589,12995.409,13065.959
2021.03.12,00:00,13065.967,13067.499,12824.859,12831.419
2021.03.12,04:00,12831.597,12896.689,12784.959,12892.389
2021.03.12,08:00,12892.177,12904.949,12768.659,12863.689
2021.03.12,12:00,12864.559,12944.899,12846.309,12938.749
2021.03.12,16:00,12939.189,12948.197,12933.969,12936.997
2021.03.14,16:00,12952.809,12977.529,12924.659,12974.949
2021.03.14,20:00,12975.179,13008.789,12926.759,12952.649
2021.03.15,00:00,12952.677,12966.189,12873.019,12961.739
2021.03.15,04:00,12961.747,12997.197,12911.269,12929.729
2021.03.15,08:00,12929.747,12997.539,12882.049,12961.999
2021.03.15,12:00,12961.939,13100.199,12944.729,13084.049
2021.03.15,16:00,13085.527,13087.499,13057.769,13084.109
2021.03.15,20:00,13084.449,13137.099,13080.439,13132.789
2021.03.16,00:00,13132.787,13177.409,13101.399,13116.289
2021.03.16,04:00,13116.497,13167.787,13108.539,13149.119
2021.03.16,08:00,13149.107,13297.569,13141.479,13221.979
2021.03.16,12:00,13222.269,13252.699,13087.869,13164.719
2021.03.16,16:00,13167.357,13183.109,13109.749,13144.829
2021.03.16,20:00,13144.869,13152.609,13116.019,13129.759
2021.03.17,00:00,13129.847,13150.597,13114.279,13133.009
2021.03.17,04:00,13133.577,13136.499,12977.509,13010.759
2021.03.17,08:00,13010.717,13083.297,12945.369,12973.079
2021.03.17,12:00,12973.039,13281.287,12961.929,13199.009
2021.03.17,16:00,13198.979,13268.767,13188.309,13266.109
2021.03.17,20:00,13266.539,13276.287,13175.509,13203.479
2021.03.18,00:00,13203.437,13238.089,13016.519,13023.579
2021.03.18,04:00,13023.597,13070.497,12960.769,12980.569
2021.03.18,08:00,12980.587,13032.319,12914.509,12917.999
2021.03.18,12:00,12918.237,12996.139,12780.637,12834.219
2021.03.18,16:00,12823.419,12838.297,12790.889,12825.399
2021.03.18,20:00,12825.759,12835.787,12768.259,12811.999
2021.03.19,00:00,12811.947,12913.987,12729.849,12893.559
2021.03.19,04:00,12893.557,12906.819,12833.119,12858.319
2021.03.19,08:00,12858.327,12901.589,12699.249,12895.479
2021.03.19,12:00,12895.479,12908.499,12841.469,12847.399
2021.03.21,16:00,12837.949,12885.999,12805.229,12868.099
2021.03.21,20:00,12867.949,12949.569,12836.219,12933.009
2021.03.22,00:00,12933.007,12945.989,12886.919,12924.429
2021.03.22,04:00,12924.687,12979.297,12906.989,12952.329
2021.03.22,08:00,12952.399,13167.707,12943.819,13161.209
2021.03.22,12:00,13161.869,13163.899,13077.709,13089.769
2021.03.22,16:00,13078.689,13115.989,13061.439,13069.269
2021.03.22,20:00,13069.277,13082.489,13024.299,13028.149
2021.03.23,00:00,13028.199,13068.199,13013.539,13063.479
2021.03.23,04:00,13064.049,13125.989,13026.469,13117.719
2021.03.23,08:00,13118.019,13183.319,13062.499,13131.699
2021.03.23,12:00,13131.677,13160.499,12991.119,13041.109
2021.03.23,16:00,13053.609,13069.309,13027.469,13058.219
2021.03.23,20:00,13058.219,13084.489,13032.099,13059.039
2021.03.24,00:00,13059.289,13150.487,13031.709,13140.599
2021.03.24,04:00,13140.789,13155.519,13093.009,13093.609
2021.03.24,08:00,13093.567,13096.617,12923.069,12946.219
2021.03.24,12:00,12946.619,12962.619,12796.229,12813.899
2021.03.24,16:00,12808.697,12837.387,12792.529,12828.249
2021.03.24,20:00,12828.189,12843.799,12763.069,12819.689
2021.03.25,00:00,12819.519,12870.397,12801.059,12846.799
2021.03.25,04:00,12847.059,12866.109,12716.559,12729.529
2021.03.25,08:00,12729.527,12848.509,12621.429,12763.399
2021.03.25,12:00,12763.167,12833.119,12666.789,12804.699
2021.03.25,16:00,12799.759,12830.199,12772.539,12805.079
2021.03.25,20:00,12804.749,12850.489,12791.009,12846.459
2021.03.26,00:00,12846.549,12890.897,12815.049,12817.709
2021.03.26,04:00,12817.719,12838.289,12687.199,12754.209
2021.03.26,08:00,12754.219,12875.499,12748.809,12839.709
2021.03.26,12:00,12839.699,13002.709,12712.939,12973.797
2021.03.28,16:00,12984.809,12984.809,12943.119,12957.729
2021.03.28,20:00,12933.529,12936.289,12861.589,12906.229
2021.03.29,00:00,12906.287,12932.099,12820.699,12913.169
2021.03.29,04:00,12913.409,12982.499,12865.289,12964.617
2021.03.29,08:00,12964.609,12991.707,12832.799,12912.699
2021.03.29,12:00,12912.669,13016.599,12869.589,12968.539
2021.03.29,16:00,12969.559,12996.469,12967.679,12990.919
2021.03.29,20:00,12991.149,12991.189,12918.509,12952.409
2021.03.30,00:00,12952.327,12954.199,12873.659,12893.119
2021.03.30,04:00,12893.127,12915.719,12851.789,12861.609
2021.03.30,08:00,12861.829,12933.189,12790.819,12876.019
2021.03.30,12:00,12875.709,12931.019,12842.439,12915.199
2021.03.30,16:00,12915.157,12916.069,12872.639,12909.199
2021.03.30,20:00,12909.269,12938.719,12889.139,12901.819
2021.03.31,00:00,12901.897,12913.089,12874.439,12908.489
2021.03.31,04:00,12908.719,12983.479,12897.919,12965.509
2021.03.31,08:00,12965.687,13138.199,12962.249,13133.119
2021.03.31,12:00,13133.329,13168.799,13082.349,13099.789
2021.03.31,16:00,13099.557,13132.989,13092.759,13132.239
2021.03.31,20:00,13132.247,13149.599,13115.209,13133.369
2021.04.01,00:00,13133.407,13233.117,13129.779,13227.559
2021.04.01,04:00,13228.259,13246.797,13202.809,13230.519
2021.04.01,08:00,13231.069,13333.309,13231.069,13285.649
2021.04.01,12:00,13286.189,13330.319,13270.709,13325.119
2021.04.01,16:00,13325.117,13359.287,13324.679,13355.139
2021.04.01,20:00,13355.297,13381.799,13350.959,13369.289
2021.04.02,00:00,13369.487,13379.199,13353.279,13373.809
2021.04.02,04:00,13373.757,13378.499,13354.579,13369.309
2021.04.02,08:00,13369.459,13399.699,13354.179,13356.619
2021.04.04,16:00,13339.509,13364.097,13312.889,13359.779
2021.04.04,20:00,13359.987,13359.987,13326.219,13334.809
2021.04.05,00:00,13334.987,13342.899,13319.759,13329.989
2021.04.05,04:00,13330.097,13392.587,13329.759,13391.509
2021.04.05,08:00,13392.189,13566.789,13375.819,13549.369
2021.04.05,12:00,13550.249,13625.609,13550.249,13592.977
2021.04.05,16:00,13592.059,13630.207,13584.189,13624.249
2021.04.05,20:00,13624.239,13629.689,13574.839,13582.969
2021.04.06,00:00,13583.409,13603.499,13532.459,13547.479
2021.04.06,04:00,13547.449,13584.899,13533.089,13582.917
2021.04.06,08:00,13582.889,13662.659,13548.139,13660.329
2021.04.06,12:00,13660.339,13661.697,13553.859,13579.149
2021.04.06,16:00,13579.809,13604.057,13578.349,13601.339
2021.04.06,20:00,13601.367,13604.589,13556.559,13568.589
2021.04.07,00:00,13568.617,13614.799,13560.649,13606.509
2021.04.07,04:00,13606.519,13607.007,13565.849,13569.909
2021.04.07,08:00,13569.919,13638.389,13521.349,13606.817
2021.04.07,12:00,13606.569,13648.959,13568.949,13613.439
2021.04.07,16:00,13613.477,13660.699,13611.589,13645.449
2021.04.07,20:00,13645.619,13714.499,13636.359,13707.629
2021.04.08,00:00,13708.459,13742.799,13707.109,13710.499
2021.04.08,04:00,13710.497,13750.519,13691.129,13727.079
2021.04.08,08:00,13727.149,13763.009,13699.919,13741.139
2021.04.08,12:00,13741.399,13761.089,13722.509,13761.089
2021.04.08,16:00,13760.509,13810.399,13756.619,13810.019
2021.04.08,20:00,13810.409,13848.889,13790.779,13805.119
2021.04.09,00:00,13805.057,13807.689,13715.219,13750.199
2021.04.09,04:00,13750.117,13762.789,13716.709,13734.879
2021.04.09,08:00,13736.049,13781.409,13657.129,13776.739
2021.04.09,12:00,13777.027,13849.147,13762.219,13836.849
2021.04.09,16:00,13837.839,13847.699,13813.759,13819.437
2021.04.11,16:00,13822.737,13840.797,13783.799,13787.809
2021.04.11,20:00,13787.727,13826.789,13777.169,13805.829
2021.04.12,00:00,13806.347,13828.997,13783.909,13818.449
2021.04.12,04:00,13818.739,13834.999,13785.759,13799.149
2021.04.12,08:00,13799.119,13819.699,13741.939,13792.769
2021.04.12,12:00,13792.829,13839.819,13773.249,13822.457
2021.04.12,16:00,13822.479,13842.809,13820.319,13827.599
2021.04.12,20:00,13827.567,13839.299,13811.289,13813.779
2021.04.13,00:00,13813.787,13823.909,13782.859,13821.549
2021.04.13,04:00,13821.839,13830.999,13785.339,13810.459
2021.04.13,08:00,13810.469,13959.699,13807.989,13914.319
2021.04.13,12:00,13914.297,14002.609,13906.659,13984.609
2021.04.13,16:00,13984.259,13988.709,13970.539,13974.299
2021.04.13,20:00,13974.249,13993.307,13966.349,13977.759
2021.04.14,00:00,13977.819,13998.499,13968.589,13981.109
2021.04.14,04:00,13981.269,14036.489,13979.469,14032.959
2021.04.14,08:00,14032.977,14033.019,13864.639,13916.719
2021.04.14,12:00,13916.817,13927.489,13781.599,13817.977
2021.04.14,16:00,13816.239,13844.099,13810.909,13819.059
2021.04.14,20:00,13819.347,13843.309,13796.959,13816.909
2021.04.15,00:00,13816.947,13903.399,13815.509,13886.219
2021.04.15,04:00,13886.237,13921.879,13872.289,13921.879
2021.04.15,08:00,13921.847,14020.999,13916.769,13969.589
2021.04.15,12:00,13969.479,14040.649,13951.989,14024.249
2021.04.15,16:00,14023.249,14028.199,13995.169,14016.419
2021.04.15,20:00,14016.447,14018.799,13960.079,13976.619
2021.04.16,00:00,13976.699,13999.287,13971.499,13977.747
2021.04.16,04:00,13977.619,14036.789,13976.579,14034.659
2021.04.16,08:00,14034.619,14064.759,13960.609,14013.417
2021.04.16,12:00,14013.299,14046.997,14003.109,14038.259
2021.04.16,16:00,14039.047,14039.699,14020.459,14025.249
2021.04.18,16:00,13988.989,14011.389,13983.529,13996.269
2021.04.18,20:00,13997.289,14057.789,13983.079,14048.709
2021.04.19,00:00,14049.189,14055.197,14032.949,14047.309
2021.04.19,04:00,14047.907,14051.007,13982.669,13988.679
2021.04.19,08:00,13989.569,14019.709,13861.719,13885.719
2021.04.19,12:00,13885.757,13911.619,13827.919,13909.029
2021.04.19,16:00,13910.929,13927.297,13898.139,13923.489
2021.04.19,20:00,13923.467,13937.167,13910.069,13921.609
2021.04.20,00:00,13921.639,13934.797,13893.079,13920.109
2021.04.20,04:00,13920.299,13939.389,13821.049,13865.559
2021.04.20,08:00,13865.507,13936.287,13726.119,13774.509
2021.04.20,12:00,13774.577,13823.697,13740.739,13806.707
2021.04.20,16:00,13804.669,13813.699,13736.789,13751.489
2021.04.20,20:00,13751.487,13766.287,13715.699,13742.079
2021.04.21,00:00,13742.067,13782.699,13730.919,13771.109
2021.04.21,04:00,13771.017,13793.389,13752.659,13768.419
2021.04.21,08:00,13768.789,13887.789,13710.289,13883.789
2021.04.21,12:00,13883.859,13937.879,13844.219,13930.569
2021.04.21,16:00,13930.617,13930.617,13888.609,13894.169
2021.04.21,20:00,13894.127,13924.709,13889.089,13913.229
2021.04.22,00:00,13913.227,13947.197,13902.859,13929.799
2021.04.22,04:00,13929.767,13939.109,13894.039,13901.309
2021.04.22,08:00,13901.207,13954.789,13867.109,13917.799
2021.04.22,12:00,13917.727,13952.789,13713.109,13760.629
2021.04.22,16:00,13761.679,13782.579,13744.709,13769.539
2021.04.22,20:00,13770.019,13796.167,13761.489,13787.279
2021.04.23,00:00,13787.207,13800.987,13748.719,13797.109
2021.04.23,04:00,13797.049,13798.999,13773.109,13783.049
2021.04.23,08:00,13783.097,13947.677,13773.179,13934.589
2021.04.23,12:00,13935.019,13989.957,13930.849,13934.969
2021.04.23,16:00,13934.967,13935.689,13918.649,13923.989
2021.04.25,16:00,13924.357,13935.419,13915.529,13917.979
2021.04.25,20:00,13918.427,13952.187,13914.019,13939.909
2021.04.26,00:00,13939.907,13944.589,13910.399,13915.019
2021.04.26,04:00,13915.047,13922.899,13873.869,13904.199
2021.04.26,08:00,13904.207,13998.599,13897.509,13980.339
2021.04.26,12:00,13980.529,14036.199,13963.829,14024.949
2021.04.26,16:00,14026.057,14046.879,14003.389,14036.709
2021.04.26,20:00,14036.669,14036.669,14024.109,14030.199
2021.04.27,00:00,14030.377,14057.989,14028.209,14043.389
2021.04.27,04:00,14043.399,14048.599,14017.029,14041.519
2021.04.27,08:00,14041.539,14049.089,13926.027,13977.619
2021.04.27,12:00,13977.989,13996.909,13952.729,13962.849
2021.04.27,16:00,13961.819,13997.389,13954.819,13973.817
2021.04.27,20:00,13973.639,13990.389,13965.169,13983.789
2021.04.28,00:00,13983.859,13988.209,13916.429,13937.899
2021.04.28,04:00,13937.989,13961.489,13930.169,13937.809
2021.04.28,08:00,13937.757,13992.889,13897.699,13903.987
2021.04.28,12:00,13903.309,13995.389,13891.689,13908.879
2021.04.28,16:00,13909.499,13984.849,13908.509,13984.157
2021.04.28,20:00,13984.019,14042.209,13981.359,14029.449
2021.04.29,00:00,14029.427,14036.197,14004.619,14023.209
2021.04.29,04:00,14023.599,14059.387,14023.159,14042.709
2021.04.29,08:00,14042.717,14076.199,13861.389,13874.469
2021.04.29,12:00,13874.609,13993.189,13831.679,13967.979
2021.04.29,16:00,13969.419,13990.989,13919.719,13926.669
2021.04.29,20:00,13926.807,13932.599,13897.229,13908.649
2021.04.30,00:00,13908.667,13934.497,13877.179,13916.709
2021.04.30,04:00,13916.677,13926.409,13844.779,13880.549
2021.04.30,08:00,13880.577,13969.089,13831.149,13918.079
2021.04.30,12:00,13918.057,13931.099,13837.899,13873.659
2021.04.30,16:00,13874.259,13887.389,13870.699,13879.769
2021.05.02,16:00,13890.087,13899.899,13882.837,13891.399
2021.05.02,20:00,13891.219,13914.299,13879.649,13888.119
2021.05.03,00:00,13888.299,13925.299,13867.349,13907.549
2021.05.03,04:00,13907.649,13912.399,13856.229,13900.739
2021.05.03,08:00,13900.707,13959.589,13785.459,13822.889
2021.05.03,12:00,13823.187,13830.797,13781.439,13798.999
2021.05.03,16:00,13799.907,13806.099,13771.729,13778.029
2021.05.03,20:00,13778.057,13784.687,13731.989,13749.589
2021.05.04,00:00,13749.447,13786.189,13734.589,13750.909
2021.05.04,04:00,13751.489,13773.489,13659.799,13697.569
2021.05.04,08:00,13697.569,13705.779,13390.559,13411.579
2021.05.04,12:00,13411.529,13555.479,13403.569,13555.419
2021.05.04,16:00,13554.909,13564.849,13519.409,13536.489
2021.05.04,20:00,13536.467,13594.809,13534.409,13585.489
2021.05.05,00:00,13585.659,13591.197,13538.799,13579.439
2021.05.05,04:00,13579.729,13642.089,13579.729,13630.119
2021.05.05,08:00,13629.979,13677.719,13541.949,13638.689
2021.05.05,12:00,13638.699,13643.889,13475.489,13507.879
2021.05.05,16:00,13506.929,13514.329,13481.609,13510.109
2021.05.05,20:00,13510.159,13539.109,13462.549,13483.389
2021.05.06,00:00,13483.887,13580.157,13471.569,13547.109
2021.05.06,04:00,13547.009,13567.617,13500.629,13515.959
2021.05.06,08:00,13518.439,13575.089,13400.659,13557.069
2021.05.06,12:00,13557.389,13613.717,13477.849,13608.789
2021.05.06,16:00,13608.529,13629.099,13604.389,13619.529
2021.05.06,20:00,13619.787,13668.019,13610.869,13638.619
2021.05.07,00:00,13638.919,13653.199,13596.089,13610.909
2021.05.07,04:00,13610.827,13656.589,13605.899,13638.939
2021.05.07,08:00,13638.989,13822.469,13625.459,13794.589
2021.05.07,12:00,13794.597,13796.289,13667.029,13713.509
2021.05.07,16:00,13713.479,13728.677,13712.019,13724.509
2021.05.09,16:00,13722.857,13751.099,13718.829,13745.699
2021.05.09,20:00,13745.647,13757.399,13728.879,13731.839
2021.05.10,00:00,13731.979,13740.387,13644.939,13672.509
2021.05.10,04:00,13672.497,13694.899,13648.189,13653.819
2021.05.10,08:00,13653.529,13686.799,13462.909,13524.529
2021.05.10,12:00,13525.089,13549.789,13359.359,13361.039
2021.05.10,16:00,13362.199,13374.399,13312.599,13339.509
2021.05.10,20:00,13339.637,13349.897,13175.759,13238.209
2021.05.11,00:00,13238.349,13281.307,13146.709,13200.537
2021.05.11,04:00,13200.309,13216.497,13123.129,13125.899
2021.05.11,08:00,13125.877,13333.789,13071.129,13315.109
2021.05.11,12:00,13315.299,13384.059,13255.909,13351.899
2021.05.11,16:00,13353.089,13360.899,13313.999,13344.909
2021.05.11,20:00,13344.997,13358.899,13229.699,13241.159
2021.05.12,00:00,13241.207,13344.617,13192.089,13323.629
2021.05.12,04:00,13323.677,13339.119,13257.809,13281.849
2021.05.12,08:00,13281.907,13311.569,13016.209,13021.899
2021.05.12,12:00,13021.857,13097.299,12968.019,13006.889
2021.05.12,16:00,13006.837,13030.679,12983.669,13023.149
2021.05.12,20:00,13023.217,13075.397,12997.209,13058.169
2021.05.13,00:00,13058.159,13069.489,12950.449,12969.069
2021.05.13,04:00,12969.037,13089.599,12922.019,13059.139
2021.05.13,08:00,13060.619,13228.597,13042.119,13085.069
2021.05.13,12:00,13084.997,13175.059,13002.439,13103.389
2021.05.13,16:00,13104.029,13122.597,13072.099,13115.529
2021.05.13,20:00,13115.569,13204.259,13108.409,13183.729
2021.05.14,00:00,13183.999,13222.899,13167.029,13183.389
2021.05.14,04:00,13183.549,13263.687,13179.199,13236.719
2021.05.14,08:00,13236.849,13351.599,13206.239,13336.179
2021.05.14,12:00,13336.197,13430.709,13331.289,13389.589
2021.05.14,16:00,13389.369,13405.997,13381.569,13398.289
2021.05.16,16:00,13385.819,13451.789,13381.349,13397.339
2021.05.16,20:00,13397.299,13401.999,13344.517,13353.159
2021.05.17,00:00,13353.899,13401.707,13336.139,13347.039
2021.05.17,04:00,13348.349,13372.589,13311.179,13312.099
2021.05.17,08:00,13312.027,13347.557,13237.039,13246.789
2021.05.17,12:00,13246.739,13314.619,13191.269,13314.149
2021.05.17,16:00,13314.127,13336.999,13294.869,13334.447
2021.05.17,20:00,13334.409,13367.299,13332.439,13357.609
2021.05.18,00:00,13357.649,13436.669,13340.119,13418.379
2021.05.18,04:00,13418.719,13423.187,13373.819,13380.009
2021.05.18,08:00,13379.549,13404.319,13308.869,13337.249
2021.05.18,12:00,13337.227,13383.669,13212.019,13221.299
2021.05.18,16:00,13221.487,13231.779,13172.059,13174.219
2021.05.18,20:00,13174.449,13221.187,13142.609,13169.679
2021.05.19,00:00,13169.909,13177.989,13064.929,13075.179
2021.05.19,04:00,13075.359,13091.519,12999.909,13010.909
2021.05.19,08:00,13010.907,13155.087,12959.349,13138.549
2021.05.19,12:00,13138.419,13247.869,13109.469,13239.079
2021.05.19,16:00,13236.669,13243.859,13182.189,13189.899
2021.05.19,20:00,13190.919,13243.089,13184.209,13217.889
2021.05.20,00:00,13217.887,13262.057,13191.949,13244.699
2021.05.20,04:00,13244.627,13247.499,13155.639,13235.299
2021.05.20,08:00,13235.849,13506.799,13227.819,13491.489
2021.05.20,12:00,13491.989,13525.699,13447.309,13490.599
2021.05.20,16:00,13491.449,13522.909,13482.419,13521.789
2021.05.20,20:00,13522.027,13548.797,13494.259,13503.519
2021.05.21,00:00,13503.597,13540.997,13499.079,13525.199
2021.05.21,04:00,13524.917,13550.299,13505.059,13542.539
2021.05.21,08:00,13542.889,13572.409,13420.049,13425.607
2021.05.21,12:00,13425.269,13467.117,13400.269,13413.777
2021.05.21,16:00,13413.109,13425.127,13408.879,13415.109
2021.05.23,16:00,13385.279,13398.099,13360.639,13370.179
2021.05.23,20:00,13371.289,13446.899,13364.919,13423.289
2021.05.24,00:00,13423.207,13486.889,13399.539,13482.629
2021.05.24,04:00,13482.759,13501.789,13462.119,13498.849
2021.05.24,08:00,13498.907,13659.989,13497.519,13651.769
2021.05.24,12:00,13652.529,13687.299,13630.679,13639.669
2021.05.24,16:00,13640.489,13669.999,13633.639,13657.299
2021.05.24,20:00,13657.047,13678.799,13632.609,13669.869
2021.05.25,00:00,13669.817,13738.589,13665.779,13718.849
2021.05.25,04:00,13719.419,13726.117,13676.279,13712.639
2021.05.25,08:00,13712.897,13733.309,13610.229,13646.799
2021.05.25,12:00,13646.629,13665.899,13619.419,13660.299
2021.05.25,16:00,13659.409,13703.797,13654.419,13697.019
2021.05.25,20:00,13697.199,13721.899,13691.809,13707.539
2021.05.26,00:00,13707.587,13720.409,13673.579,13699.069
2021.05.26,04:00,13699.047,13730.209,13686.039,13713.639
2021.05.26,08:00,13713.909,13726.189,13659.179,13716.889
2021.05.26,12:00,13716.897,13727.899,13679.319,13705.499
2021.05.26,16:00,13705.447,13718.499,13696.319,13709.717
2021.05.26,20:00,13709.599,13714.999,13662.939,13679.919
2021.05.27,00:00,13679.907,13689.019,13623.749,13635.259
2021.05.27,04:00,13635.277,13670.787,13622.309,13668.779
2021.05.27,08:00,13668.879,13724.589,13624.229,13712.269
2021.05.27,12:00,13712.277,13717.199,13651.319,13656.239
2021.05.27,16:00,13656.269,13711.219,13654.539,13705.759
2021.05.27,20:00,13706.219,13718.719,13687.739,13703.689
2021.05.28,00:00,13703.809,13704.699,13665.609,13688.409
2021.05.28,04:00,13688.399,13728.889,13688.269,13716.439
2021.05.28,08:00,13716.457,13753.797,13682.919,13752.779
2021.05.28,12:00,13753.069,13766.897,13686.949,13696.219
2021.05.28,16:00,13696.207,13702.999,13694.009,13697.179
2021.05.30,16:00,13703.937,13722.037,13699.609,13714.719
2021.05.30,20:00,13715.769,13720.599,13693.129,13700.499
2021.05.31,20:00,13689.109,13701.887,13675.289,13690.069
2021.06.01,00:00,13690.119,13720.389,13686.239,13719.469
2021.06.01,04:00,13719.457,13759.169,13713.419,13743.009
2021.06.01,08:00,13742.927,13776.507,13596.929,13663.299
2021.06.01,12:00,13663.399,13697.297,13640.279,13653.667
2021.06.01,16:00,13653.589,13659.999,13624.299,13636.689
2021.06.01,20:00,13636.697,13659.907,13627.729,13644.649
2021.06.02,00:00,13644.887,13662.717,13618.619,13632.409
2021.06.02,04:00,13632.409,13659.699,13620.639,13655.419
2021.06.02,08:00,13655.597,13714.967,13650.639,13698.869
2021.06.02,12:00,13698.839,13701.469,13605.709,13677.109
2021.06.02,16:00,13677.137,13689.299,13672.949,13687.109
2021.06.02,20:00,13687.139,13707.177,13681.299,13688.289
2021.06.03,00:00,13688.319,13697.389,13648.309,13654.389
2021.06.03,04:00,13654.799,13669.099,13519.299,13533.809
2021.06.03,08:00,13533.839,13613.649,13463.799,13553.609
2021.06.03,12:00,13553.677,13597.509,13522.039,13530.539
2021.06.03,16:00,13530.539,13542.987,13502.509,13504.789
2021.06.03,20:00,13505.087,13534.299,13469.109,13530.709
2021.06.04,00:00,13530.767,13545.579,13494.029,13527.399
2021.06.04,04:00,13527.137,13558.499,13502.769,13558.497
2021.06.04,08:00,13557.819,13767.699,13528.209,13756.189
2021.06.04,12:00,13755.927,13782.999,13746.439,13767.019
2021.06.04,16:00,13766.129,13768.287,13755.579,13758.569
2021.06.06,16:00,13776.319,13781.077,13764.659,13765.709
2021.06.06,20:00,13765.709,13766.597,13731.609,13744.699
2021.06.07,00:00,13744.799,13749.407,13708.849,13727.409
2021.06.07,04:00,13727.357,13757.799,13690.029,13750.819
2021.06.07,08:00,13750.889,13767.569,13712.229,13742.009
2021.06.07,12:00,13742.399,13810.037,13734.309,13804.257
2021.06.07,16:00,13803.489,13835.009,13802.759,13823.239
2021.06.07,20:00,13823.439,13865.999,13821.079,13835.149
2021.06.08,00:00,13835.229,13840.699,13792.929,13802.199
2021.06.08,04:00,13802.299,13878.277,13786.309,13875.499
2021.06.08,08:00,13876.189,13918.497,13741.609,13782.469
2021.06.08,12:00,13782.729,13838.199,13777.479,13809.167
2021.06.08,16:00,13809.039,13823.299,13803.619,13816.639
2021.06.08,20:00,13817.269,13832.689,13806.119,13820.019
2021.06.09,00:00,13820.339,13844.389,13808.159,13819.759
2021.06.09,04:00,13819.897,13863.299,13816.079,13856.699
2021.06.09,08:00,13857.229,13903.989,13816.649,13829.299
2021.06.09,12:00,13829.247,13875.297,13808.089,13816.477
2021.06.09,16:00,13816.079,13823.289,13810.419,13814.039
2021.06.09,20:00,13814.119,13838.299,13812.529,13832.149
2021.06.10,00:00,13832.199,13834.689,13773.529,13800.159
2021.06.10,04:00,13800.217,13801.899,13744.749,13774.649
2021.06.10,08:00,13775.109,13964.519,13725.629,13919.599
2021.06.10,12:00,13919.549,13963.697,13912.379,13960.429
2021.06.10,16:00,13960.469,13977.309,13957.569,13965.449
2021.06.10,20:00,13967.499,13985.609,13962.439,13976.289
2021.06.11,00:00,13976.237,13979.097,13951.079,13952.249
2021.06.11,04:00,13952.307,13997.497,13947.009,13975.939
2021.06.11,08:00,13976.229,13985.999,13932.809,13958.149
2021.06.11,12:00,13958.107,13996.387,13946.199,13994.089
2021.06.11,16:00,13994.999,13995.879,13988.859,13992.469
2021.06.13,16:00,13996.359,14022.079,13996.139,14015.599
2021.06.13,20:00,14015.587,14025.587,14005.429,14015.889
2021.06.14,00:00,14015.859,14033.959,14006.319,14014.669
2021.06.14,04:00,14014.509,14049.097,14008.829,14034.859
2021.06.14,08:00,14034.867,14044.097,13964.609,14039.459
2021.06.14,12:00,14039.919,14130.259,14035.739,14130.259
2021.06.14,16:00,14130.277,14132.799,14109.219,14112.699
2021.06.14,20:00,14112.569,14160.789,14111.819,14140.619
2021.06.15,00:00,14140.619,14159.199,14130.599,14147.599
2021.06.15,04:00,14147.787,14150.817,14126.669,14144.619
2021.06.15,08:00,14144.597,14150.889,14034.619,14062.769
2021.06.15,12:00,14062.819,14071.849,14008.179,14034.509
2021.06.15,16:00,14034.407,14048.009,14026.759,14037.129
2021.06.15,20:00,14037.309,14045.899,14029.209,14041.499
2021.06.16,00:00,14041.699,14054.499,14034.129,14042.959
2021.06.16,04:00,14042.957,14052.689,14029.619,14036.179
2021.06.16,08:00,14036.519,14102.399,14024.699,14031.239
2021.06.16,12:00,14031.207,14045.097,13836.219,13982.639
2021.06.16,16:00,13982.667,13988.527,13889.709,13891.569
2021.06.16,20:00,13891.589,13914.999,13846.649,13908.709
2021.06.17,00:00,13908.757,13930.009,13887.429,13894.189
2021.06.17,04:00,13894.259,13938.689,13873.569,13907.659
2021.06.17,08:00,13907.889,14199.017,13890.149,14149.129
2021.06.17,12:00,14149.129,14206.799,14068.169,14163.119
2021.06.17,16:00,14163.419,14195.899,14159.429,14182.129
2021.06.17,20:00,14181.909,14208.109,14169.409,14196.859
2021.06.18,00:00,14197.089,14210.409,14175.119,14181.809
2021.06.18,04:00,14182.029,14195.199,14140.849,14162.599
2021.06.18,08:00,14162.869,14163.419,14020.519,14062.087
2021.06.18,12:00,14062.099,14119.219,14034.269,14052.139
2021.06.18,16:00,14051.309,14059.189,14030.189,14051.739
2021.06.20,16:00,14031.919,14054.987,14027.019,14046.199
2021.06.20,20:00,14046.197,14054.359,13991.649,14010.099
2021.06.21,00:00,14010.037,14120.499,13999.809,14101.839
2021.06.21,04:00,14102.087,14134.189,14069.749,14084.339
2021.06.21,08:00,14084.589,14141.099,13967.699,14122.519
2021.06.21,12:00,14123.049,14152.299,14105.519,14136.569
2021.06.21,16:00,14136.799,14156.299,14134.859,14142.019
2021.06.21,20:00,14142.399,14161.237,14138.649,14144.389
2021.06.22,00:00,14144.407,14159.819,14074.249,14083.699
2021.06.22,04:00,14083.657,14185.399,14080.189,14178.559
2021.06.22,08:00,14178.649,14226.117,14116.049,14210.089
2021.06.22,12:00,14210.299,14290.159,14210.219,14270.029
2021.06.22,16:00,14270.007,14288.999,14265.829,14282.769
2021.06.22,20:00,14282.859,14311.399,14278.159,14303.089
2021.06.23,00:00,14303.087,14323.709,14270.729,14279.279
2021.06.23,04:00,14279.247,14290.799,14249.539,14273.379
2021.06.23,08:00,14273.319,14326.617,14261.769,14296.699
2021.06.23,12:00,14296.599,14304.889,14243.229,14274.909
2021.06.23,16:00,14274.957,14296.719,14273.449,14296.479
2021.06.23,20:00,14296.889,14318.019,14295.099,14315.209
2021.06.24,00:00,14315.207,14323.519,14305.449,14317.799
2021.06.24,04:00,14318.007,14368.757,14316.419,14356.649
2021.06.24,08:00,14356.799,14421.889,14347.059,14405.689
2021.06.24,12:00,14405.869,14431.907,14337.839,14364.369
2021.06.24,16:00,14364.317,14374.599,14353.909,14356.139
2021.06.24,20:00,14356.107,14383.209,14341.469,14382.869
2021.06.25,00:00,14382.837,14384.509,14353.559,14368.379
2021.06.25,04:00,14368.559,14398.999,14365.459,14370.629
2021.06.25,08:00,14370.859,14403.117,14323.519,14365.369
2021.06.25,12:00,14365.417,14368.189,14327.689,14349.399
2021.06.25,16:00,14349.137,14354.797,14331.889,14334.019
2021.06.27,16:00,14347.019,14374.699,14346.827,14363.029
2021.06.27,20:00,14363.209,14364.609,14342.059,14359.419
2021.06.28,00:00,14360.019,14395.597,14357.329,14384.409
2021.06.28,04:00,14384.327,14397.799,14363.669,14391.559
2021.06.28,08:00,14391.809,14495.809,14383.829,14480.129
2021.06.28,12:00,14480.127,14527.489,14465.569,14520.337
2021.06.28,16:00,14520.239,14520.239,14494.029,14498.239
2021.06.28,20:00,14498.409,14499.199,14477.559,14487.309
2021.06.29,00:00,14487.339,14506.987,14478.327,14492.879
2021.06.29,04:00,14493.097,14519.099,14475.409,14496.819
2021.06.29,08:00,14496.739,14543.689,14477.909,14534.889
2021.06.29,12:00,14534.817,14575.899,14525.939,14573.079
2021.06.29,16:00,14573.619,14598.399,14573.619,14595.959
2021.06.29,20:00,14595.997,14606.687,14580.949,14588.809
2021.06.30,00:00,14588.817,14598.799,14574.689,14590.559
2021.06.30,04:00,14590.979,14591.599,14535.709,14568.979
2021.06.30,08:00,14568.997,14584.409,14529.319,14563.549
2021.06.30,12:00,14564.079,14577.499,14525.889,14553.059
2021.06.30,16:00,14551.069,14569.599,14550.089,14567.719
2021.06.30,20:00,14567.727,14583.287,14561.019,14565.879
2021.07.01,00:00,14565.969,14612.089,14550.909,14596.699
2021.07.01,04:00,14597.089,14598.089,14505.319,14551.749
2021.07.01,08:00,14551.717,14577.919,14480.129,14526.959
2021.07.01,12:00,14526.917,14562.989,14497.759,14558.789
2021.07.01,16:00,14558.607,14559.489,14539.309,14540.559
2021.07.01,20:00,14540.547,14554.289,14526.119,14531.219
2021.07.02,00:00,14531.237,14597.409,14520.769,14580.649
2021.07.02,04:00,14581.039,14607.599,14562.829,14603.619
2021.07.02,08:00,14603.887,14683.109,14589.609,14674.479
2021.07.02,12:00,14674.789,14736.097,14662.109,14722.879
2021.07.02,16:00,14722.849,14722.849,14714.269,14718.819
2021.07.04,16:00,14710.309,14728.089,14710.119,14721.209
2021.07.04,20:00,14721.127,14724.989,14702.729,14708.779
2021.07.05,00:00,14708.907,14714.389,14681.189,14691.759
2021.07.05,04:00,14691.767,14716.407,14689.529,14705.389
2021.07.05,08:00,14705.799,14719.309,14699.779,14701.269
2021.07.05,12:00,14701.359,14704.387,14696.379,14700.149
2021.07.05,16:00,14702.107,14722.597,14701.637,14719.789
2021.07.05,20:00,14719.787,14728.879,14686.579,14690.359
2021.07.06,00:00,14690.609,14710.499,14676.579,14704.169
2021.07.06,04:00,14704.387,14748.899,14696.119,14738.299
2021.07.06,08:00,14738.267,14796.187,14710.879,14729.719
2021.07.06,12:00,14729.687,14791.599,14634.529,14784.219
2021.07.06,16:00,14784.519,14785.687,14764.519,14771.809
2021.07.06,20:00,14772.299,14804.657,14761.359,14796.709
2021.07.07,00:00,14796.767,14849.367,14779.519,14847.759
2021.07.07,04:00,14847.757,14874.117,14831.129,14866.099
2021.07.07,08:00,14866.029,14891.997,14736.419,14822.479
2021.07.07,12:00,14822.739,14836.947,14780.859,14812.989
2021.07.07,16:00,14811.909,14823.089,14803.769,14818.859
2021.07.07,20:00,14818.867,14830.299,14781.009,14794.769
2021.07.08,00:00,14794.829,14802.589,14672.109,14705.019
2021.07.08,04:00,14704.917,14705.419,14579.309,14594.399
2021.07.08,08:00,14594.539,14696.007,14550.879,14689.499
2021.07.08,12:00,14689.569,14764.499,14668.909,14733.329
2021.07.08,16:00,14732.469,14734.269,14696.879,14699.759
2021.07.08,20:00,14699.799,14724.589,14649.269,14683.259
2021.07.09,00:00,14683.309,14751.189,14670.999,14721.469
2021.07.09,04:00,14721.649,14748.999,14676.429,14733.969
2021.07.09,08:00,14734.489,14822.489,14677.639,14809.319
2021.07.09,12:00,14809.559,14839.399,14804.619,14816.259
2021.07.09,16:00,14817.399,14819.799,14810.609,14819.229
2021.07.11,16:00,14836.577,14849.387,14829.039,14835.779
2021.07.11,20:00,14835.777,14838.307,14800.979,14806.019
2021.07.12,00:00,14806.119,14839.399,14791.919,14796.759
2021.07.12,04:00,14796.639,14859.197,14795.709,14851.499
2021.07.12,08:00,14851.459,14896.089,14810.429,14851.529
2021.07.12,12:00,14851.579,14882.611,14833.059,14878.799
2021.07.12,16:00,14878.819,14893.599,14877.719,14889.489
2021.07.12,20:00,14889.507,14894.189,14878.729,14890.809
2021.07.13,00:00,14891.387,14892.699,14859.919,14874.807
2021.07.13,04:00,14874.849,14936.999,14873.059,14922.689
2021.07.13,08:00,14923.289,15003.187,14804.019,14997.829
2021.07.13,12:00,14997.897,14999.199,14841.129,14874.269
2021.07.13,16:00,14874.287,14883.709,14848.279,14850.969
2021.07.13,20:00,14851.039,14893.199,14850.209,14881.069
2021.07.14,00:00,14881.047,14901.007,14847.679,14875.609
2021.07.14,04:00,14876.259,14945.557,14862.219,14940.109
2021.07.14,08:00,14940.569,15002.787,14868.959,14872.089
2021.07.14,12:00,14871.827,14953.697,14869.729,14903.739
2021.07.14,16:00,14903.757,14915.699,14898.349,14910.189
2021.07.14,20:00,14909.927,14922.899,14880.799,14918.229
2021.07.15,00:00,14918.349,14939.507,14903.099,14929.819
2021.07.15,04:00,14929.737,14968.589,14870.589,14897.249
2021.07.15,08:00,14898.269,14913.279,14761.489,14784.129
2021.07.15,12:00,14784.379,14807.599,14716.839,14797.259
2021.07.15,16:00,14797.317,14800.797,14759.219,14761.769
2021.07.15,20:00,14761.889,14788.889,14741.119,14780.679
2021.07.16,00:00,14780.707,14818.699,14765.629,14812.589
2021.07.16,04:00,14812.547,14831.107,14781.749,14819.839
2021.07.16,08:00,14819.857,14875.869,14703.499,14734.289
2021.07.16,12:00,14734.077,14790.589,14665.679,14681.189
2021.07.16,16:00,14680.999,14687.509,14671.959,14674.799
2021.07.18,16:00,14681.027,14689.499,14619.659,14650.439
2021.07.18,20:00,14650.487,14668.497,14620.289,14653.269
2021.07.19,00:00,14653.237,14673.389,14634.049,14654.009
2021.07.19,04:00,14654.109,14672.307,14531.799,14556.719
2021.07.19,08:00,14557.009,14581.199,14453.399,14542.059
2021.07.19,12:00,14542.019,14560.699,14452.549,14557.879
2021.07.19,16:00,14559.799,14601.399,14545.807,14595.139
2021.07.19,20:00,14595.397,14648.499,14590.119,14599.879
2021.07.20,00:00,14599.907,14646.879,14587.859,14602.019
2021.07.20,04:00,14602.049,14631.289,14587.099,14612.239
2021.07.20,08:00,14612.237,14713.789,14522.069,14711.289
2021.07.20,12:00,14711.909,14790.619,14709.129,14727.109
2021.07.20,16:00,14727.077,14758.309,14696.549,14750.769
2021.07.20,20:00,14750.727,14752.069,14696.339,14706.839
2021.07.21,00:00,14706.817,14746.889,14694.729,14736.659
2021.07.21,04:00,14736.847,14773.097,14675.669,14688.599
2021.07.21,08:00,14688.577,14797.409,14681.889,14792.209
2021.07.21,12:00,14792.287,14842.409,14746.079,14839.139
2021.07.21,16:00,14839.197,14855.307,14831.369,14846.149
2021.07.21,20:00,14846.187,14865.489,14840.709,14851.999
2021.07.22,00:00,14851.807,14888.207,14843.309,14879.299
2021.07.22,04:00,14878.799,14878.799,14848.179,14859.719
2021.07.22,08:00,14859.739,14934.799,14839.139,14916.799
2021.07.22,12:00,14916.909,14942.169,14862.459,14940.579
2021.07.22,16:00,14941.059,14994.399,14939.689,14981.219
2021.07.22,20:00,14981.457,15007.389,14974.829,14982.649
2021.07.23,00:00,14982.679,15003.797,14975.339,15001.829
2021.07.23,04:00,15002.239,15025.489,14984.319,14993.199
2021.07.23,08:00,14993.489,15089.959,14945.329,15078.959
2021.07.23,12:00,15079.519,15126.599,15068.309,15108.179
2021.07.23,16:00,15108.229,15109.059,15096.689,15104.899
2021.07.25,16:00,15103.287,15134.389,15101.859,15130.309
2021.07.25,20:00,15130.287,15131.619,15083.029,15093.569
2021.07.26,00:00,15094.419,15114.599,15082.139,15088.529
2021.07.26,04:00,15089.209,15104.769,15047.209,15091.989
2021.07.26,08:00,15092.099,15137.099,15049.639,15135.429
2021.07.26,12:00,15135.889,15141.699,15092.059,15125.119
2021.07.26,16:00,15125.137,15136.089,15117.869,15119.157
2021.07.26,20:00,15119.199,15124.399,15097.339,15105.949
2021.07.27,00:00,15105.967,15111.507,15059.609,15084.489
2021.07.27,04:00,15084.729,15138.489,15073.699,15124.399
2021.07.27,08:00,15124.709,15134.269,14829.499,14866.769
2021.07.27,12:00,14866.997,14963.487,14785.059,14962.507
2021.07.27,16:00,14960.849,14978.469,14874.429,14930.919
2021.07.27,20:00,14931.017,14968.099,14916.629,14933.089
2021.07.28,00:00,14933.087,14953.389,14903.009,14943.879
2021.07.28,04:00,14943.919,15008.799,14941.319,14996.817
2021.07.28,08:00,14996.609,15084.687,14912.599,15020.809
2021.07.28,12:00,15021.019,15051.099,14933.477,15017.919
2021.07.28,16:00,15016.299,15024.407,14985.279,14998.229
2021.07.28,20:00,14998.217,15002.719,14954.179,14974.129
2021.07.29,00:00,14974.179,15033.589,14971.519,15019.529
2021.07.29,04:00,15019.607,15020.589,14969.849,15005.779
2021.07.29,08:00,15006.109,15093.789,14992.639,15061.719
2021.07.29,12:00,15061.697,15089.489,15040.659,15047.107
2021.07.29,16:00,15046.189,15056.399,14871.339,14880.059
2021.07.29,20:00,14880.099,14891.219,14830.129,14852.049
2021.07.30,00:00,14852.647,14862.389,14820.939,14851.629
2021.07.30,04:00,14852.067,14912.399,14845.319,14880.949
2021.07.30,08:00,14881.199,14989.889,14855.409,14944.939
2021.07.30,12:00,14944.927,14988.799,14935.829,14965.949
2021.07.30,16:00,14965.799,14981.947,14965.029,14978.987
2021.08.01,16:00,14979.977,15020.657,14978.977,15010.957
2021.08.01,20:00,15010.877,15044.099,15002.507,15036.569
2021.08.02,00:00,15036.559,15065.199,15033.939,15047.869
2021.08.02,04:00,15047.879,15054.597,15006.469,15038.119
2021.08.02,08:00,15038.209,15062.989,14946.329,15012.897
2021.08.02,12:00,15012.889,15026.299,14944.599,14965.779
2021.08.02,16:00,14966.407,14983.939,14963.609,14972.279
2021.08.02,20:00,14972.329,14998.987,14952.939,14976.909
2021.08.03,00:00,14976.959,15004.199,14974.729,14994.819
2021.08.03,04:00,14994.999,15000.189,14969.019,14987.789
2021.08.03,08:00,14987.797,15028.967,14861.419,15022.629
2021.08.03,12:00,15022.979,15062.089,14992.069,15057.747
2021.08.03,16:00,15057.619,15062.049,15038.939,15042.179
2021.08.03,20:00,15042.397,15059.609,15032.759,15053.679
2021.08.04,00:00,15053.667,15083.389,15053.439,15061.609
2021.08.04,04:00,15061.577,15074.399,15044.429,15048.109
2021.08.04,08:00,15048.119,15081.559,15009.479,15070.519
2021.08.04,12:00,15070.787,15121.889,15059.199,15081.757
2021.08.04,16:00,15081.699,15098.817,15079.639,15094.239
2021.08.04,20:00,15094.257,15113.517,15093.409,15099.889
2021.08.05,00:00,15099.897,15107.987,15080.219,15104.379
2021.08.05,04:00,15104.497,15127.697,15095.869,15122.509
2021.08.05,08:00,15122.429,15178.899,15084.959,15159.219
2021.08.05,12:00,15159.269,15183.199,15146.759,15178.817
2021.08.05,16:00,15178.769,15178.769,15166.649,15168.819
2021.08.05,20:00,15168.897,15177.987,15165.699,15176.689
2021.08.06,00:00,15176.737,15177.087,15151.699,15155.749
2021.08.06,04:00,15155.729,15167.909,15149.789,15157.599
2021.08.06,08:00,15157.609,15160.397,15060.579,15115.707
2021.08.06,12:00,15115.499,15122.197,15085.649,15108.569
2021.08.06,16:00,15108.589,15108.589,15099.509,15104.069
2021.08.08,16:00,15105.149,15105.397,15011.759,15030.219
2021.08.08,20:00,15030.289,15057.389,15021.249,15052.139
2021.08.09,00:00,15052.609,15097.797,15051.179,15086.849
2021.08.09,04:00,15086.857,15133.537,15085.049,15123.309
2021.08.09,08:00,15123.589,15148.909,15078.659,15130.899
2021.08.09,12:00,15130.629,15156.509,15114.259,15133.809
2021.08.09,16:00,15133.777,15144.199,15123.189,15128.389
2021.08.09,20:00,15128.327,15135.787,15102.839,15115.159
2021.08.10,00:00,15115.269,15150.499,15112.239,15149.129
2021.08.10,04:00,15149.209,15160.399,15137.649,15154.139
2021.08.10,08:00,15154.117,15167.999,15007.059,15058.069
2021.08.10,12:00,15058.189,15098.499,15032.819,15057.619
2021.08.10,16:00,15058.627,15059.589,15043.789,15046.199
2021.08.10,20:00,15046.539,15059.789,15034.219,15052.079
2021.08.11,00:00,15052.169,15062.589,15009.159,15020.059
2021.08.11,04:00,15020.309,15036.999,14988.129,15027.009
2021.08.11,08:00,15027.129,15130.309,14971.349,14991.029
2021.08.11,12:00,14991.087,15040.119,14985.789,15030.349
2021.08.11,16:00,15030.397,15031.087,14996.639,15001.669
2021.08.11,20:00,15001.637,15017.099,14997.999,15015.539
2021.08.12,00:00,15015.527,15016.187,14989.079,15001.819
2021.08.12,04:00,15002.299,15041.189,14995.049,15029.029
2021.08.12,08:00,15029.799,15082.259,14948.409,15067.189
2021.08.12,12:00,15067.387,15099.139,15042.349,15085.869
2021.08.12,16:00,15085.867,15087.999,15073.619,15075.779
2021.08.12,20:00,15075.919,15086.719,15069.469,15079.839
2021.08.13,00:00,15079.847,15103.999,15072.279,15099.409
2021.08.13,04:00,15099.427,15102.889,15065.819,15068.659
2021.08.13,08:00,15068.657,15150.449,15063.259,15109.999
2021.08.13,12:00,15109.749,15134.889,15099.709,15134.207
2021.08.13,16:00,15133.809,15136.899,15128.519,15132.769
2021.08.15,16:00,15121.699,15128.289,15111.339,15119.259
2021.08.15,20:00,15119.277,15120.717,15099.219,15113.019
2021.08.16,00:00,15113.077,15124.559,15094.029,15114.119
2021.08.16,04:00,15114.227,15120.687,15066.329,15081.399
2021.08.16,08:00,15081.279,15118.289,14923.739,14995.819
2021.08.16,12:00,14995.777,15142.599,14990.539,15141.099
2021.08.16,16:00,15141.029,15145.087,15127.479,15135.169
2021.08.16,20:00,15135.199,15137.209,15112.939,15115.639
2021.08.17,00:00,15115.897,15120.619,15063.339,15079.079
2021.08.17,04:00,15079.027,15096.399,15071.919,15084.389
2021.08.17,08:00,15084.387,15084.399,14947.139,14949.269
2021.08.17,12:00,14949.247,15010.919,14906.409,15010.307
2021.08.17,16:00,15009.349,15012.709,14961.359,14962.749
2021.08.17,20:00,14962.599,15024.489,14957.329,15018.799
2021.08.18,00:00,15019.189,15028.557,14988.739,14992.247
2021.08.18,04:00,14992.139,15033.899,14984.619,15008.799
2021.08.18,08:00,15009.259,15042.589,14961.249,14982.209
2021.08.18,12:00,14982.889,15032.799,14846.179,14859.909
2021.08.18,16:00,14860.049,14863.567,14837.159,14847.529
2021.08.18,20:00,14847.547,14876.189,14835.239,14849.689
2021.08.19,00:00,14849.639,14851.797,14735.919,14754.019
2021.08.19,04:00,14754.037,14800.679,14712.409,14744.459
2021.08.19,08:00,14745.197,14991.609,14735.419,14983.319
2021.08.19,12:00,14983.189,15002.189,14859.759,14931.109
2021.08.19,16:00,14930.619,14950.299,14910.269,14917.319
2021.08.19,20:00,14917.287,14957.299,14909.349,14922.569
2021.08.20,00:00,14922.669,14927.089,14852.529,14871.619
2021.08.20,04:00,14871.879,14914.289,14862.019,14901.609
2021.08.20,08:00,14901.527,15099.289,14899.219,15017.717
2021.08.20,12:00,15017.679,15101.389,15010.739,15085.529
2021.08.20,16:00,15084.629,15094.919,15080.039,15093.109
2021.08.22,16:00,15091.889,15120.619,15089.149,15107.259
2021.08.22,20:00,15107.389,15150.589,15103.819,15146.569
2021.08.23,00:00,15146.899,15153.329,15121.009,15127.819
2021.08.23,04:00,15127.109,15140.789,15121.699,15131.269
2021.08.23,08:00,15131.719,15315.889,15117.019,15313.139
2021.08.23,12:00,15312.719,15339.679,15301.129,15309.649
2021.08.23,16:00,15309.639,15333.787,15306.139,15331.109
2021.08.23,20:00,15331.699,15336.899,15323.329,15326.049
2021.08.24,00:00,15326.077,15385.497,15323.809,15378.269
2021.08.24,04:00,15378.297,15382.399,15330.719,15333.179
2021.08.24,08:00,15333.549,15383.489,15310.769,15363.317
2021.08.24,12:00,15363.379,15375.789,15333.639,15360.199
2021.08.24,16:00,15360.147,15366.609,15353.559,15359.859
2021.08.24,20:00,15359.829,15370.849,15349.119,15351.659
2021.08.25,00:00,15351.707,15381.519,15349.019,15376.079
2021.08.25,04:00,15375.989,15391.187,15335.649,15353.569
2021.08.25,08:00,15353.597,15399.589,15338.369,15358.619
2021.08.25,12:00,15358.739,15388.799,15343.889,15367.869
2021.08.25,16:00,15368.199,15372.587,15364.739,15365.819
2021.08.25,20:00,15366.069,15366.789,15322.559,15330.589
2021.08.26,00:00,15330.547,15345.789,15299.829,15341.009
2021.08.26,04:00,15341.829,15359.397,15321.739,15345.099
2021.08.26,08:00,15345.679,15369.899,15260.819,15324.859
2021.08.26,12:00,15325.389,15356.499,15271.259,15280.579
2021.08.26,16:00,15280.209,15295.799,15268.789,15282.389
2021.08.26,20:00,15282.499,15332.799,15269.879,15326.569
2021.08.27,00:00,15326.787,15341.389,15318.629,15331.749
2021.08.27,04:00,15332.139,15336.297,15313.349,15317.839
2021.08.27,08:00,15318.109,15431.897,15287.029,15416.229
2021.08.27,12:00,15416.379,15446.099,15405.829,15428.719
2021.08.27,16:00,15428.729,15435.179,15418.149,15425.269
2021.08.29,16:00,15432.317,15456.599,15427.009,15453.379
2021.08.29,20:00,15453.567,15457.089,15421.129,15441.319
2021.08.30,00:00,15441.459,15447.189,15432.329,15443.579
2021.08.30,04:00,15443.529,15456.099,15440.819,15445.589
2021.08.30,08:00,15445.507,15600.709,15438.939,15595.319
2021.08.30,12:00,15595.377,15621.709,15570.129,15601.869
2021.08.30,16:00,15601.919,15613.609,15598.679,15600.779
2021.08.30,20:00,15601.029,15614.889,15592.039,15611.819
2021.08.31,00:00,15611.817,15679.617,15609.579,15656.489
2021.08.31,04:00,15656.599,15667.109,15574.859,15599.609
2021.08.31,08:00,15599.399,15616.877,15522.419,15584.049
2021.08.31,12:00,15584.137,15607.099,15566.889,15587.769
2021.08.31,16:00,15588.639,15604.199,15584.639,15598.589
2021.08.31,20:00,15598.687,15620.089,15580.099,15613.829
2021.09.01,00:00,15613.919,15649.879,15611.869,15626.329
2021.09.01,04:00,15626.617,15630.689,15588.009,15628.899
2021.09.01,08:00,15628.709,15699.989,15622.529,15676.339
2021.09.01,12:00,15676.887,15688.399,15603.839,15612.519
2021.09.01,16:00,15612.537,15624.559,15607.009,15617.449
2021.09.01,20:00,15617.427,15630.009,15599.239,15610.819
2021.09.02,00:00,15610.727,15633.489,15602.519,15633.489
2021.09.02,04:00,15633.049,15656.099,15632.419,15648.339
2021.09.02,08:00,15648.489,15681.109,15616.049,15630.169
2021.09.02,12:00,15630.029,15633.097,15552.099,15603.869
2021.09.02,16:00,15604.069,15605.589,15584.009,15595.899
2021.09.02,20:00,15595.149,15629.799,15594.909,15619.229
2021.09.03,00:00,15619.239,15625.299,15605.409,15621.819
2021.09.03,04:00,15621.817,15628.399,15607.709,15619.229
2021.09.03,08:00,15619.369,15675.049,15550.789,15631.019
2021.09.03,12:00,15631.279,15669.089,15627.719,15652.639
2021.09.03,16:00,15651.849,15653.169,15644.769,15652.319
2021.09.05,16:00,15657.839,15662.089,15647.539,15648.539
2021.09.05,20:00,15648.699,15661.589,15640.849,15658.679
2021.09.06,00:00,15658.629,15707.089,15656.029,15697.009
2021.09.06,04:00,15697.027,15698.287,15684.529,15690.109
2021.09.06,08:00,15690.209,15706.907,15685.829,15696.899
2021.09.06,12:00,15696.667,15703.289,15692.899,15699.849
2021.09.06,16:00,15697.689,15698.387,15685.579,15687.239
2021.09.06,20:00,15687.227,15694.687,15668.519,15675.299
2021.09.07,00:00,15675.139,15692.159,15671.259,15681.799
2021.09.07,04:00,15681.537,15681.537,15620.019,15649.609
2021.09.07,08:00,15650.339,15676.907,15606.689,15668.129
2021.09.07,12:00,15668.149,15701.307,15666.699,15672.909
2021.09.07,16:00,15673.329,15675.289,15656.129,15660.879
2021.09.07,20:00,15660.917,15689.699,15660.719,15675.529
2021.09.08,00:00,15675.649,15683.789,15604.529,15625.339
2021.09.08,04:00,15625.319,15677.799,15610.239,15667.849
2021.09.08,08:00,15668.289,15676.319,15528.509,15541.809
2021.09.08,12:00,15542.239,15625.297,15524.169,15622.849
2021.09.08,16:00,15622.349,15622.349,15590.929,15598.319
2021.09.08,20:00,15598.699,15607.409,15570.159,15583.269
2021.09.09,00:00,15583.389,15590.149,15545.399,15584.329
2021.09.09,04:00,15583.839,15626.189,15569.989,15621.799
2021.09.09,08:00,15622.229,15675.199,15604.109,15628.889
2021.09.09,12:00,15628.819,15638.769,15555.349,15562.339
2021.09.09,16:00,15563.487,15566.989,15545.709,15561.829
2021.09.09,20:00,15562.139,15582.399,15554.819,15580.129
2021.09.10,00:00,15580.199,15608.099,15578.129,15605.699
2021.09.10,04:00,15605.667,15631.399,15604.139,15627.189
2021.09.10,08:00,15627.207,15666.999,15529.769,15544.739
2021.09.10,12:00,15545.157,15608.297,15433.729,15444.869
2021.09.10,16:00,15444.817,15458.299,15444.767,15454.319
2021.09.12,16:00,15449.619,15494.799,15446.589,15491.239
2021.09.12,20:00,15491.549,15495.397,15439.519,15449.229
2021.09.13,00:00,15449.297,15494.897,15412.369,15482.759
2021.09.13,04:00,15482.819,15525.987,15482.099,15518.669
2021.09.13,08:00,15518.809,15565.219,15350.969,15372.499
2021.09.13,12:00,15372.789,15449.297,15348.569,15436.719
2021.09.13,16:00,15436.797,15457.589,15434.969,15447.929
2021.09.13,20:00,15447.947,15465.489,15436.469,15455.849
2021.09.14,00:00,15456.009,15461.907,15393.919,15419.339
2021.09.14,04:00,15419.387,15445.619,15398.039,15404.919
2021.09.14,08:00,15405.619,15527.129,15389.949,15480.099
2021.09.14,12:00,15479.957,15492.119,15348.979,15388.909
2021.09.14,16:00,15388.109,15411.799,15385.079,15411.449
2021.09.14,20:00,15411.009,15419.699,15374.009,15403.239
2021.09.15,00:00,15403.237,15427.689,15391.717,15418.449
2021.09.15,04:00,15418.299,15436.739,15397.009,15409.119
2021.09.15,08:00,15409.459,15437.789,15313.189,15364.809
2021.09.15,12:00,15364.919,15519.989,15358.109,15503.769
2021.09.15,16:00,15502.859,15514.339,15498.737,15506.609
2021.09.15,20:00,15506.607,15524.349,15485.259,15485.409
2021.09.16,00:00,15485.689,15504.889,15470.419,15496.639
2021.09.16,04:00,15496.699,15500.389,15451.719,15456.189
2021.09.16,08:00,15456.009,15477.897,15368.319,15413.109
2021.09.16,12:00,15413.759,15540.349,15408.009,15519.117
2021.09.16,16:00,15518.619,15519.359,15480.789,15488.529
2021.09.16,20:00,15488.829,15526.099,15472.329,15519.379
2021.09.17,00:00,15519.589,15535.619,15501.679,15516.329
2021.09.17,04:00,15516.397,15516.397,15466.819,15482.619
2021.09.17,08:00,15482.677,15520.389,15304.209,15325.639
2021.09.17,12:00,15324.899,15377.819,15290.739,15333.609
2021.09.17,16:00,15333.689,15337.199,15310.339,15313.209
2021.09.19,16:00,15303.959,15338.999,15301.229,15336.419
2021.09.19,20:00,15335.979,15349.007,15216.449,15249.359
2021.09.20,00:00,15249.469,15274.089,15190.229,15211.859
2021.09.20,04:00,15212.499,15215.709,15098.229,15108.309
2021.09.20,08:00,15105.749,15162.889,14965.019,14967.529
2021.09.20,12:00,14967.547,15023.899,14818.019,15015.619
2021.09.20,16:00,15015.659,15039.709,14980.109,15036.759
2021.09.20,20:00,15036.349,15096.119,15020.189,15090.319
2021.09.21,00:00,15090.849,15155.889,15058.049,15155.359
2021.09.21,04:00,15154.859,15170.989,15110.759,15129.719
2021.09.21,08:00,15129.739,15142.389,14987.799,15100.907
2021.09.21,12:00,15100.769,15129.819,15011.919,15029.339
2021.09.21,16:00,15028.579,15034.629,14980.239,14981.679
2021.09.21,20:00,14981.909,15079.109,14940.209,15033.869
2021.09.22,00:00,15033.809,15106.917,15030.629,15059.639
2021.09.22,04:00,15058.619,15097.189,15056.319,15075.829
2021.09.22,08:00,15076.019,15211.559,15025.719,15185.349
2021.09.22,12:00,15185.059,15235.397,15099.629,15170.827
2021.09.22,16:00,15171.179,15205.699,15165.159,15199.459
2021.09.22,20:00,15200.399,15225.087,15187.039,15192.719
2021.09.23,00:00,15192.617,15267.299,15186.009,15264.489
2021.09.23,04:00,15265.517,15313.789,15237.869,15248.639
2021.09.23,08:00,15248.677,15347.119,15183.559,15324.239
2021.09.23,12:00,15324.239,15356.507,15287.899,15309.597
2021.09.23,16:00,15309.269,15326.289,15305.529,15313.839
2021.09.23,20:00,15314.589,15342.519,15287.479,15303.539
2021.09.24,00:00,15303.759,15305.787,15225.509,15238.469
2021.09.24,04:00,15238.709,15260.317,15206.939,15211.819
2021.09.24,08:00,15211.807,15273.089,15186.469,15268.759
2021.09.24,12:00,15268.747,15348.517,15259.049,15330.599
2021.09.24,16:00,15330.597,15336.497,15325.819,15330.949
2021.09.26,16:00,15335.407,15343.397,15314.659,15331.209
2021.09.26,20:00,15332.209,15410.617,15328.099,15381.789
2021.09.27,00:00,15381.839,15412.377,15347.839,15348.249
2021.09.27,04:00,15348.499,15354.089,15230.539,15245.039
2021.09.27,08:00,15245.029,15245.029,15098.539,15165.659
2021.09.27,12:00,15165.687,15242.799,15135.019,15208.387
2021.09.27,16:00,15207.399,15207.589,15166.549,15179.649
2021.09.27,20:00,15179.999,15203.299,15144.109,15160.129
2021.09.28,00:00,15160.197,15202.889,15000.679,15016.099
2021.09.28,04:00,15013.219,15041.989,14935.829,14994.579
2021.09.28,08:00,14995.109,15040.809,14775.549,14818.259
2021.09.28,12:00,14818.289,14887.799,14754.527,14776.859
2021.09.28,16:00,14785.839,14814.919,14762.249,14813.889
2021.09.28,20:00,14813.709,14869.399,14785.669,14850.359
2021.09.29,00:00,14850.389,14937.419,14832.149,14919.789
2021.09.29,04:00,14921.099,14931.499,14854.299,14883.029
2021.09.29,08:00,14882.489,14919.009,14770.689,14810.299
2021.09.29,12:00,14810.709,14865.389,14725.039,14755.009
2021.09.29,16:00,14754.789,14811.299,14750.029,14799.029
2021.09.29,20:00,14798.389,14854.079,14792.829,14846.219
2021.09.30,00:00,14846.289,14893.559,14825.849,14867.029
2021.09.30,04:00,14866.549,14884.099,14795.149,14816.819
2021.09.30,08:00,14817.159,14889.809,14729.569,14762.349
2021.09.30,12:00,14762.599,14840.209,14684.379,14688.569
2021.09.30,16:00,14687.379,14735.989,14685.809,14726.999
2021.09.30,20:00,14726.179,14742.829,14585.579,14612.809
2021.10.01,00:00,14612.639,14655.759,14563.869,14633.649
2021.10.01,04:00,14633.869,14746.659,14590.849,14727.399
2021.10.01,08:00,14728.829,14754.389,14549.739,14701.649
2021.10.01,12:00,14702.549,14830.289,14658.049,14783.219
2021.10.01,16:00,14783.349,14798.819,14774.849,14778.579
2021.10.03,16:00,14792.869,14844.399,14783.689,14824.349
2021.10.03,20:00,14824.559,14828.059,14706.539,14711.579
2021.10.04,00:00,14711.599,14760.599,14643.339,14681.619
2021.10.04,04:00,14680.849,14728.189,14669.519,14697.369
2021.10.04,08:00,14697.349,14745.489,14396.529,14457.909
2021.10.04,12:00,14457.009,14508.759,14380.819,14480.719
2021.10.04,16:00,14480.759,14521.109,14480.709,14497.289
2021.10.04,20:00,14496.679,14529.889,14422.159,14526.359
2021.10.05,00:00,14526.279,14549.599,14464.129,14479.779
2021.10.05,04:00,14480.079,14560.587,14477.299,14532.219
2021.10.05,08:00,14532.269,14723.539,14507.029,14711.319
2021.10.05,12:00,14711.519,14766.299,14664.219,14670.219
2021.10.05,16:00,14670.629,14685.407,14645.049,14648.829
2021.10.05,20:00,14649.159,14679.119,14566.709,14601.609
2021.10.06,00:00,14601.849,14610.299,14484.259,14498.709
2021.10.06,04:00,14499.399,14512.899,14434.369,14499.289
2021.10.06,08:00,14499.169,14698.039,14482.109,14670.469
2021.10.06,12:00,14670.479,14775.809,14578.929,14765.589
2021.10.06,16:00,14764.539,14839.389,14759.329,14819.369
2021.10.06,20:00,14819.407,14897.599,14808.359,14873.419
2021.10.07,00:00,14873.567,14914.599,14842.899,14905.579
2021.10.07,04:00,14905.549,14960.797,14888.889,14949.049
2021.10.07,08:00,14949.019,15009.289,14870.099,15007.989
2021.10.07,12:00,15007.969,15010.519,14878.129,14895.739
2021.10.07,16:00,14895.789,14934.799,14891.259,14933.239
2021.10.07,20:00,14933.229,14943.979,14884.759,14895.699
2021.10.08,00:00,14895.629,14922.119,14844.429,14872.309
2021.10.08,04:00,14872.229,14914.459,14847.939,14910.489
2021.10.08,08:00,14910.227,15003.809,14821.029,14835.539
2021.10.08,12:00,14836.219,14882.489,14802.849,14822.729
2021.10.08,16:00,14823.159,14826.189,14804.339,14814.089
2021.10.10,16:00,14827.709,14839.589,14715.139,14727.269
2021.10.10,20:00,14727.389,14788.619,14717.069,14760.209
2021.10.11,00:00,14760.389,14810.069,14731.139,14751.769
2021.10.11,04:00,14751.899,14777.399,14696.769,14705.679
2021.10.11,08:00,14705.989,14908.599,14692.209,14874.829
2021.10.11,12:00,14874.827,14878.189,14709.419,14712.209
2021.10.11,16:00,14712.219,14714.409,14675.809,14696.519
2021.10.11,20:00,14696.059,14706.099,14607.879,14631.879
2021.10.12,00:00,14632.009,14677.389,14598.309,14665.499
2021.10.12,04:00,14665.427,14769.987,14656.819,14742.759
2021.10.12,08:00,14742.737,14794.479,14645.969,14716.249
2021.10.12,12:00,14717.129,14744.369,14634.049,14662.809
2021.10.12,16:00,14662.799,14665.589,14602.819,14616.589
2021.10.12,20:00,14616.409,14656.599,14610.019,14629.669
2021.10.13,00:00,14630.179,14688.689,14603.119,14685.599
2021.10.13,04:00,14685.639,14756.089,14672.719,14724.029
2021.10.13,08:00,14724.569,14791.289,14660.169,14736.939
2021.10.13,12:00,14737.259,14805.819,14707.509,14777.289
2021.10.13,16:00,14777.059,14819.289,14768.939,14814.039
2021.10.13,20:00,14814.027,14845.999,14811.919,14831.029
2021.10.14,00:00,14831.189,14889.239,14826.299,14882.999
2021.10.14,04:00,14883.419,14925.119,14879.099,14918.219
2021.10.14,08:00,14918.599,15028.899,14901.989,15028.269
2021.10.14,12:00,15028.317,15058.379,15021.939,15045.417
2021.10.14,16:00,15046.999,15085.999,15044.189,15079.719
2021.10.14,20:00,15079.917,15106.309,15029.849,15094.139
2021.10.15,00:00,15094.297,15120.819,15045.209,15071.159
2021.10.15,04:00,15071.107,15106.189,15067.339,15097.339
2021.10.15,08:00,15097.477,15134.019,15056.189,15075.919
2021.10.15,12:00,15076.079,15150.889,15075.499,15147.949
2021.10.15,16:00,15148.809,15152.219,15145.059,15150.099
2021.10.17,16:00,15166.389,15174.509,15088.659,15093.809
2021.10.17,20:00,15093.799,15136.289,15092.639,15104.637
2021.10.18,00:00,15104.609,15106.699,15051.039,15071.119
2021.10.18,04:00,15071.299,15133.799,15057.619,15111.649
2021.10.18,08:00,15111.919,15230.389,15061.559,15220.939
2021.10.18,12:00,15221.199,15307.399,15216.279,15298.809
2021.10.18,16:00,15298.769,15310.299,15282.709,15304.139
2021.10.18,20:00,15304.469,15328.479,15287.609,15304.049
2021.10.19,00:00,15304.087,15344.789,15293.139,15324.009
2021.10.19,04:00,15322.539,15379.689,15316.619,15369.149
2021.10.19,08:00,15369.199,15399.289,15315.569,15395.979
2021.10.19,12:00,15396.419,15416.789,15375.849,15414.079
2021.10.19,16:00,15413.109,15441.599,15404.019,15421.499
2021.10.19,20:00,15421.279,15426.179,15378.709,15399.689
2021.10.20,00:00,15399.639,15424.109,15380.539,15390.339
2021.10.20,04:00,15390.379,15425.499,15387.609,15401.399
2021.10.20,08:00,15401.809,15458.809,15393.859,15432.069
2021.10.20,12:00,15432.009,15433.369,15332.009,15395.299
2021.10.20,16:00,15395.279,15400.899,15346.419,15346.639
2021.10.20,20:00,15346.639,15378.109,15338.509,15348.169
2021.10.21,00:00,15348.267,15370.589,15312.549,15354.759
2021.10.21,04:00,15354.729,15372.989,15326.079,15328.539
2021.10.21,08:00,15329.409,15460.119,15324.889,15429.529
2021.10.21,12:00,15429.549,15495.419,15410.709,15486.219
2021.10.21,16:00,15486.139,15493.919,15385.109,15402.389
2021.10.21,20:00,15402.157,15429.889,15399.119,15418.529
2021.10.22,00:00,15418.519,15443.199,15401.519,15430.409
2021.10.22,04:00,15430.389,15470.199,15414.509,15461.409
2021.10.22,08:00,15461.009,15474.889,15285.619,15327.599
2021.10.22,12:00,15327.079,15395.299,15309.709,15355.329
2021.10.22,16:00,15355.879,15359.749,15341.639,15349.729
2021.10.24,16:00,15338.769,15349.799,15309.469,15318.429
2021.10.24,20:00,15318.537,15370.109,15317.779,15365.459
2021.10.25,00:00,15366.189,15397.689,15358.609,15382.699
2021.10.25,04:00,15383.269,15405.607,15367.289,15402.579
2021.10.25,08:00,15402.949,15452.149,15336.699,15447.709
2021.10.25,12:00,15447.679,15552.799,15445.629,15513.589
2021.10.25,16:00,15512.627,15552.519,15463.129,15549.829
2021.10.25,20:00,15549.989,15593.799,15549.349,15578.219
2021.10.26,00:00,15578.167,15615.099,15577.019,15612.139
2021.10.26,04:00,15612.289,15622.879,15586.009,15597.819
2021.10.26,08:00,15597.539,15711.399,15587.349,15601.499
2021.10.26,12:00,15601.237,15612.169,15514.169,15553.639
2021.10.26,16:00,15553.699,15580.299,15528.139,15569.609
2021.10.26,20:00,15569.619,15576.809,15530.429,15547.209
2021.10.27,00:00,15547.469,15602.199,15546.479,15584.479
2021.10.27,04:00,15584.609,15596.889,15517.119,15523.129
2021.10.27,08:00,15523.699,15674.009,15523.159,15664.999
2021.10.27,12:00,15665.469,15727.789,15593.217,15595.949
2021.10.27,16:00,15596.259,15640.019,15595.319,15636.059
2021.10.27,20:00,15635.759,15639.269,15606.079,15625.199
2021.10.28,00:00,15624.819,15647.509,15601.677,15644.709
2021.10.28,04:00,15644.609,15698.299,15629.709,15678.777
2021.10.28,08:00,15678.679,15767.289,15646.279,15736.589
2021.10.28,12:00,15736.079,15785.699,15700.809,15773.359
2021.10.28,16:00,15775.469,15789.589,15677.729,15683.369
2021.10.28,20:00,15683.469,15690.619,15655.719,15681.289
2021.10.29,00:00,15681.239,15682.299,15629.809,15664.919
2021.10.29,04:00,15665.119,15665.119,15606.919,15645.489
2021.10.29,08:00,15645.799,15759.799,15620.449,15749.539
2021.10.29,12:00,15749.419,15856.929,15745.619,15852.349
2021.10.29,16:00,15850.679,15860.089,15844.329,15859.859
2021.10.31,16:00,15897.179,15918.599,15864.809,15907.959
2021.10.31,20:00,15907.699,15908.099,15877.459,15886.059
2021.11.01,00:00,15885.669,15913.389,15868.009,15911.979
2021.11.01,04:00,15912.159,15924.199,15867.889,15876.849
2021.11.01,08:00,15876.799,15879.099,15779.339,15870.989
2021.11.01,12:00,15870.987,15910.759,15801.519,15891.489
2021.11.01,16:00,15901.589,15904.999,15878.539,15888.589
2021.11.01,20:00,15888.539,15898.499,15860.779,15880.409
2021.11.02,00:00,15880.497,15907.799,15872.569,15873.819
2021.11.02,04:00,15873.919,15895.009,15862.909,15879.269
2021.11.02,08:00,15879.227,15991.499,15877.879,15964.729
2021.11.02,12:00,15964.769,15989.789,15917.219,15969.169
2021.11.02,16:00,15963.019,15966.819,15948.349,15964.379
2021.11.02,20:00,15964.549,15986.797,15963.859,15970.399
2021.11.03,00:00,15970.339,15988.099,15961.519,15979.719
2021.11.03,04:00,15979.829,15999.287,15972.609,15988.319
2021.11.03,08:00,15988.367,16008.409,15947.569,15987.129
2021.11.03,12:00,15987.517,16156.799,15969.399,16139.499
2021.11.03,16:00,16139.219,16195.599,16139.219,16183.229
2021.11.03,20:00,16183.307,16183.397,16161.589,16170.729
2021.11.04,00:00,16170.729,16224.599,16166.649,16196.619
2021.11.04,04:00,16196.907,16214.409,16180.219,16193.749
2021.11.04,08:00,16194.047,16343.899,16166.819,16315.919
2021.11.04,12:00,16316.217,16387.299,16295.369,16341.819
2021.11.04,16:00,16340.689,16360.629,16321.849,16335.529
2021.11.04,20:00,16335.727,16355.089,16325.249,16350.259
2021.11.05,00:00,16350.389,16362.689,16311.559,16358.799
2021.11.05,04:00,16359.159,16433.099,16339.319,16389.889
2021.11.05,08:00,16389.867,16458.599,16375.789,16389.539
2021.11.05,12:00,16390.209,16396.089,16300.649,16349.619
2021.11.07,16:00,16291.619,16341.649,16276.629,16304.209
2021.11.07,20:00,16304.679,16320.797,16279.629,16293.679
2021.11.08,00:00,16293.759,16344.197,16291.339,16340.719
2021.11.08,04:00,16340.777,16369.587,16333.629,16349.689
2021.11.08,08:00,16350.079,16401.809,16311.049,16342.039
2021.11.08,12:00,16342.057,16390.779,16314.379,16337.849
2021.11.08,16:00,16337.887,16337.887,16291.889,16295.149
2021.11.08,20:00,16295.197,16317.799,16290.119,16307.859
2021.11.09,00:00,16307.619,16349.669,16307.619,16346.719
2021.11.09,04:00,16346.707,16380.109,16342.279,16350.169
2021.11.09,08:00,16350.149,16400.099,16199.159,16242.759
2021.11.09,12:00,16242.747,16250.989,16166.869,16222.289
2021.11.09,16:00,16222.939,16225.699,16180.249,16182.039
2021.11.09,20:00,16182.107,16190.797,16137.119,16162.809
2021.11.10,00:00,16162.797,16247.097,16160.859,16205.209
2021.11.10,04:00,16206.329,16217.059,16116.679,16137.419
2021.11.10,08:00,16137.407,16224.749,16047.319,16159.339
2021.11.10,12:00,16159.579,16167.819,15904.069,15983.709
2021.11.10,16:00,15983.617,16032.379,15964.049,16024.579
2021.11.10,20:00,16024.229,16049.069,15984.629,16002.639
2021.11.11,00:00,16002.619,16045.169,15995.069,16030.869
2021.11.11,04:00,16030.719,16099.999,16030.659,16091.499
2021.11.11,08:00,16090.139,16117.769,16044.099,16081.909
2021.11.11,12:00,16081.999,16086.709,16013.269,16030.779
2021.11.11,16:00,16030.389,16099.109,16026.579,16083.749
2021.11.11,20:00,16084.099,16096.999,16051.719,16060.509
2021.11.12,00:00,16060.189,16083.589,16037.789,16074.569
2021.11.12,04:00,16074.679,16078.889,16042.569,16060.509
2021.11.12,08:00,16060.269,16206.809,16008.589,16198.289
2021.11.12,12:00,16198.669,16219.399,16163.709,16196.359
2021.11.12,16:00,16196.609,16208.769,16195.849,16201.819
2021.11.14,16:00,16217.229,16245.299,16215.829,16236.989
2021.11.14,20:00,16237.149,16239.709,16211.689,16219.119
2021.11.15,00:00,16219.217,16239.899,16216.769,16239.119
2021.11.15,04:00,16239.579,16243.099,16213.879,16236.999
2021.11.15,08:00,16236.109,16280.999,16098.829,16132.399
2021.11.15,12:00,16132.219,16200.179,16088.599,16193.209
2021.11.15,16:00,16193.219,16204.089,16182.629,16197.629
2021.11.15,20:00,16197.687,16229.579,16189.809,16194.549
2021.11.16,00:00,16194.749,16209.599,16170.549,16174.149
2021.11.16,04:00,16173.889,16208.099,16155.529,16189.719
2021.11.16,08:00,16190.109,16313.389,16149.739,16292.649
2021.11.16,12:00,16292.627,16327.909,16282.529,16309.259
2021.11.16,16:00,16309.227,16310.899,16292.619,16306.159
2021.11.16,20:00,16305.889,16312.389,16273.719,16294.209
2021.11.17,00:00,16294.227,16332.609,16284.019,16321.109
2021.11.17,04:00,16321.829,16329.819,16304.019,16316.549
2021.11.17,08:00,16316.789,16394.399,16271.169,16392.889
2021.11.17,12:00,16392.809,16400.289,16290.619,16316.889
2021.11.17,16:00,16316.619,16339.399,16286.389,16333.309
2021.11.17,20:00,16333.529,16348.919,16330.339,16348.069
2021.11.18,00:00,16348.119,16387.619,16343.599,16384.509
2021.11.18,04:00,16384.489,16411.289,16382.059,16394.299
2021.11.18,08:00,16394.319,16481.599,16306.529,16457.109
2021.11.18,12:00,16457.499,16505.279,16409.779,16483.599
2021.11.18,16:00,16484.369,16506.889,16480.899,16504.759
2021.11.18,20:00,16504.787,16591.489,16496.509,16573.499
2021.11.19,00:00,16573.307,16576.889,16547.519,16560.109
2021.11.19,04:00,16559.899,16575.769,16510.089,16551.589
2021.11.19,08:00,16552.719,16627.509,16519.019,16604.809
2021.11.19,12:00,16604.979,16629.207,16535.639,16573.689
2021.11.19,16:00,16573.509,16580.969,16569.809,16576.819
2021.11.21,16:00,16602.589,16619.089,16582.929,16613.949
2021.11.21,20:00,16613.927,16632.309,16611.927,16611.929
2021.11.22,00:00,16611.947,16634.789,16606.429,16626.529
2021.11.22,04:00,16627.009,16648.987,16625.949,16634.949
2021.11.22,08:00,16635.719,16768.799,16455.659,16506.019
2021.11.22,12:00,16506.109,16598.629,16377.039,16382.819
2021.11.22,16:00,16383.649,16412.889,16364.629,16403.489
2021.11.22,20:00,16403.339,16407.589,16318.139,16358.109
2021.11.23,00:00,16358.299,16360.777,16273.659,16314.229
2021.11.23,04:00,16314.179,16373.029,16296.319,16331.799
2021.11.23,08:00,16331.919,16418.309,16142.199,16211.019
2021.11.23,12:00,16211.109,16319.709,16119.719,16307.799
2021.11.23,16:00,16307.339,16311.889,16272.629,16297.779
2021.11.23,20:00,16297.939,16311.889,16266.579,16276.079
2021.11.24,00:00,16276.479,16355.489,16274.569,16290.819
2021.11.24,04:00,16290.939,16316.719,16226.719,16241.489
2021.11.24,08:00,16241.279,16339.289,16103.399,16308.929
2021.11.24,12:00,16308.639,16369.889,16252.799,16365.729
2021.11.24,16:00,16363.709,16377.299,16349.259,16375.019
2021.11.24,20:00,16374.919,16397.799,16363.409,16394.069
2021.11.25,00:00,16394.299,16436.219,16392.239,16434.299
2021.11.25,04:00,16434.589,16436.039,16377.029,16392.589
2021.11.25,08:00,16392.709,16419.309,16371.299,16408.009
2021.11.25,12:00,16408.199,16416.399,16401.179,16407.139
2021.11.25,16:00,16405.659,16414.499,16321.439,16334.779
2021.11.25,20:00,16334.959,16339.279,16256.509,16288.219
2021.11.26,00:00,16287.609,16307.959,16148.769,16215.719
2021.11.26,04:00,16218.199,16257.309,16123.949,16199.269
2021.11.26,08:00,16199.439,16308.569,16028.229,16077.609
2021.11.26,12:00,16077.629,16137.229,15988.609,16042.169
2021.11.28,16:00,16042.529,16224.309,16042.529,16205.099
2021.11.28,20:00,16204.759,16250.099,16192.899,16220.329
2021.11.29,00:00,16220.569,16251.669,16178.639,16198.689
2021.11.29,04:00,16198.707,16227.399,16166.109,16203.327
2021.11.29,08:00,16203.189,16359.279,16182.259,16355.519
2021.11.29,12:00,16355.999,16440.197,16350.259,16394.639
2021.11.29,16:00,16393.619,16442.119,16386.899,16434.669
2021.11.29,20:00,16434.739,16439.789,16386.139,16404.689
2021.11.30,00:00,16404.697,16406.789,16240.259,16328.069
2021.11.30,04:00,16328.299,16336.399,16267.289,16316.189
2021.11.30,08:00,16316.119,16457.819,16079.549,16122.859
2021.11.30,12:00,16122.877,16224.889,16069.269,16146.649
2021.11.30,16:00,16146.309,16263.699,16146.309,16197.309
2021.11.30,20:00,16197.367,16377.119,16183.649,16369.589
2021.12.01,00:00,16369.557,16401.899,16300.919,16335.509
2021.12.01,04:00,16335.549,16397.587,16330.469,16377.509
2021.12.01,08:00,16377.467,16430.097,16270.919,16339.619
2021.12.01,12:00,16340.119,16377.669,15861.229,15876.269
2021.12.01,16:00,15875.639,15962.719,15829.859,15926.869
2021.12.01,20:00,15927.109,15987.409,15912.089,15946.079
2021.12.02,00:00,15946.229,15988.909,15904.729,15949.719
2021.12.02,04:00,15949.799,15992.719,15801.719,15860.889
2021.12.02,08:00,15860.209,16027.189,15762.549,15957.909
2021.12.02,12:00,15958.269,16065.299,15922.089,15993.419
2021.12.02,16:00,15991.329,16025.599,15908.539,15939.287
2021.12.02,20:00,15939.209,15980.389,15860.549,15970.139
2021.12.03,00:00,15970.119,16015.419,15924.699,15955.989
2021.12.03,04:00,15955.787,16023.299,15911.329,16017.149
2021.12.03,08:00,16017.339,16119.209,15578.519,15585.549
2021.12.03,12:00,15586.359,15723.799,15537.559,15715.299
2021.12.03,16:00,15715.269,15741.219,15675.389,15685.699
2021.12.05,16:00,15714.549,15750.399,15671.149,15717.539
2021.12.05,20:00,15714.839,15745.909,15701.049,15734.129
2021.12.06,00:00,15734.399,15779.369,15690.099,15754.319
2021.12.06,04:00,15754.809,15806.899,15590.359,15653.099
2021.12.06,08:00,15653.699,15785.419,15558.879,15715.809
2021.12.06,12:00,15715.897,15896.119,15703.519,15846.809
2021.12.06,16:00,15844.599,15859.917,15824.999,15843.519
2021.12.06,20:00,15843.429,15899.809,15842.739,15889.859
2021.12.07,00:00,15889.969,16096.119,15883.839,16090.699
2021.12.07,04:00,16092.089,16167.589,16087.409,16130.899
2021.12.07,08:00,16130.829,16316.089,16099.239,16295.249
2021.12.07,12:00,16296.069,16345.509,16243.769,16323.429
2021.12.07,16:00,16322.549,16387.599,16312.749,16387.319
2021.12.07,20:00,16387.417,16417.789,16352.589,16396.459
2021.12.08,00:00,16396.419,16410.829,16362.709,16409.099
2021.12.08,04:00,16409.079,16434.809,16339.339,16363.459
2021.12.08,08:00,16364.759,16366.987,16253.839,16326.509
2021.12.08,12:00,16325.899,16398.789,16289.039,16389.589
2021.12.08,16:00,16389.829,16394.719,16372.209,16379.659
2021.12.08,20:00,16379.719,16419.999,16357.699,16361.299
2021.12.09,00:00,16361.309,16399.089,16357.199,16375.349
2021.12.09,04:00,16375.289,16379.249,16303.639,16337.379
2021.12.09,08:00,16336.649,16415.269,16256.189,16290.289
2021.12.09,12:00,16289.129,16311.299,16140.109,16149.679
2021.12.09,16:00,16148.709,16183.789,16120.609,16160.729
2021.12.09,20:00,16160.877,16190.069,16143.099,16160.819
2021.12.10,00:00,16160.839,16201.537,16141.279,16200.299
2021.12.10,04:00,16200.299,16226.489,16170.869,16184.389
2021.12.10,08:00,16184.337,16326.099,16134.309,16248.869
2021.12.10,12:00,16249.129,16335.909,16206.629,16327.109
2021.12.10,16:00,16327.049,16327.049,16310.119,16319.219
2021.12.12,16:00,16358.126,16384.799,16348.566,16384.199
2021.12.12,20:00,16384.509,16403.999,16380.549,16390.039
2021.12.13,00:00,16390.169,16391.389,16342.859,16360.769
2021.12.13,04:00,16361.039,16409.779,16359.519,16387.589
2021.12.13,08:00,16387.319,16395.317,16112.679,16137.499
2021.12.13,12:00,16137.439,16208.969,16073.449,16090.207
2021.12.13,16:00,16088.579,16106.199,16064.709,16104.939
2021.12.13,20:00,16104.967,16109.899,16073.499,16099.089
2021.12.14,00:00,16099.089,16131.289,16088.179,16105.679
2021.12.14,04:00,16106.509,16119.609,15958.639,15999.369
2021.12.14,08:00,15999.439,16017.509,15755.609,15781.169
2021.12.14,12:00,15782.109,15970.569,15734.099,15931.179
2021.12.14,16:00,15930.729,15949.489,15912.819,15936.359
2021.12.14,20:00,15936.357,15938.999,15896.869,15932.839
2021.12.15,00:00,15932.867,15964.819,15906.119,15935.669
2021.12.15,04:00,15934.869,15939.999,15852.239,15903.859
2021.12.15,08:00,15904.099,15970.559,15767.039,15777.859
2021.12.15,12:00,15776.869,16300.469,15743.829,16284.949
2021.12.15,16:00,16284.969,16338.119,16271.179,16308.219
2021.12.15,20:00,16308.309,16330.789,16278.229,16328.329
2021.12.16,00:00,16328.589,16431.889,16323.039,16406.209
2021.12.16,04:00,16405.159,16457.419,16367.819,16389.039
2021.12.16,08:00,16389.129,16393.389,15974.819,15981.587
2021.12.16,12:00,15982.457,16001.169,15796.319,15866.899
2021.12.16,16:00,15865.629,15889.379,15814.349,15867.169
2021.12.16,20:00,15866.089,15899.419,15768.399,15834.789
2021.12.17,00:00,15834.929,15875.089,15777.119,15802.577
2021.12.17,04:00,15802.469,15808.459,15663.989,15696.419
2021.12.17,08:00,15695.979,15960.799,15655.339,15821.279
2021.12.17,12:00,15820.269,15923.777,15747.739,15786.269
2021.12.17,16:00,15786.269,15830.609,15783.589,15826.089
2021.12.19,16:00,15813.189,15856.589,15671.769,15733.649
2021.12.19,20:00,15733.799,15737.589,15595.029,15634.839
2021.12.20,00:00,15634.877,15637.029,15525.249,15548.879
2021.12.20,04:00,15548.389,15622.789,15508.919,15569.549
2021.12.20,08:00,15570.399,15664.919,15499.659,15578.539
2021.12.20,12:00,15578.749,15658.319,15514.779,15635.059
2021.12.20,16:00,15634.139,15732.529,15618.299,15713.149
2021.12.20,20:00,15713.759,15779.909,15680.369,15770.279
2021.12.21,00:00,15771.089,15831.379,15738.779,15769.109
2021.12.21,04:00,15768.099,15824.289,15721.059,15817.709
2021.12.21,08:00,15818.209,15818.589,15611.859,15787.049
2021.12.21,12:00,15786.569,15993.199,15777.619,15979.379
2021.12.21,16:00,15978.579,15987.279,15946.249,15948.819
2021.12.21,20:00,15948.609,15972.289,15926.609,15939.229
2021.12.22,00:00,15939.219,15981.569,15888.139,15913.209
2021.12.22,04:00,15913.769,15990.199,15908.729,15961.739
2021.12.22,08:00,15962.669,16142.379,15914.839,16137.019
2021.12.22,12:00,16137.219,16186.299,16047.149,16177.189
2021.12.22,16:00,16176.869,16202.609,16167.359,16179.819
2021.12.22,20:00,16179.897,16192.599,16170.889,16181.259
2021.12.23,00:00,16181.297,16197.819,16153.819,16181.779
2021.12.23,04:00,16180.499,16221.889,16175.789,16220.749
2021.12.23,08:00,16220.099,16328.399,16178.639,16326.759
2021.12.23,12:00,16326.979,16361.039,16297.779,16300.619
2021.12.23,16:00,16299.619,16309.989,16291.229,16306.569
2021.12.26,16:00,16320.029,16366.659,16319.609,16344.589
2021.12.26,20:00,16344.109,16353.797,16326.829,16339.679
2021.12.27,00:00,16339.789,16344.289,16308.919,16335.829
2021.12.27,04:00,16335.529,16383.099,16325.049,16371.769
2021.12.27,08:00,16372.349,16540.399,16349.039,16515.089
2021.12.27,12:00,16515.819,16566.507,16512.909,16563.529
2021.12.27,16:00,16562.689,16575.599,16541.589,16554.529
2021.12.27,20:00,16554.517,16561.099,16535.989,16554.049
2021.12.28,00:00,16554.067,16611.199,16544.829,16608.819
2021.12.28,04:00,16608.709,16660.789,16602.829,16644.999
2021.12.28,08:00,16645.119,16649.799,16495.829,16557.049
2021.12.28,12:00,16557.339,16562.789,16456.899,16498.439
2021.12.28,16:00,16498.869,16549.419,16496.029,16546.659
2021.12.28,20:00,16546.829,16554.699,16501.119,16544.509
2021.12.29,00:00,16544.649,16566.699,16531.469,16546.399
2021.12.29,04:00,16545.919,16562.199,16502.119,16504.089
2021.12.29,08:00,16504.359,16552.187,16391.429,16435.789
2021.12.29,12:00,16436.039,16526.639,16417.089,16492.199
2021.12.29,16:00,16491.089,16497.489,16443.159,16460.909
2021.12.29,20:00,16460.999,16493.009,16455.919,16486.679
2021.12.30,00:00,16486.979,16519.109,16470.819,16518.399
2021.12.30,04:00,16518.389,16542.989,16510.249,16523.829
2021.12.30,08:00,16524.779,16569.149,16451.629,16548.569
2021.12.30,12:00,16548.539,16563.499,16415.899,16432.909
2021.12.30,16:00,16432.869,16448.267,16354.559,16380.219
2021.12.30,20:00,16380.399,16426.589,16380.349,16412.289
2021.12.31,00:00,16411.749,16434.999,16405.099,16422.389
2021.12.31,04:00,16421.759,16429.999,16373.559,16420.739
2021.12.31,08:00,16420.849,16467.889,16358.329,16376.709
2021.12.31,12:00,16377.089,16401.199,16318.259,16330.027
2021.12.31,16:00,16328.899,16359.409,16328.817,16340.649
2022.01.02,16:00,16361.619,16422.089,16361.619,16417.789
2022.01.02,20:00,16417.399,16428.709,16394.749,16411.349
2022.01.03,00:00,16411.679,16414.687,16384.389,16389.159
2022.01.03,04:00,16389.589,16453.799,16389.339,16432.369
2022.01.03,08:00,16431.609,16486.619,16294.319,16397.729
2022.01.03,12:00,16396.879,16504.389,16380.109,16495.799
2022.01.03,16:00,16495.717,16512.049,16480.249,16495.919
2022.01.03,20:00,16495.789,16530.289,16487.389,16526.339
2022.01.04,00:00,16526.749,16544.799,16488.279,16492.599
2022.01.04,04:00,16492.639,16567.199,16489.349,16519.069
2022.01.04,08:00,16518.649,16535.589,16169.019,16210.679
2022.01.04,12:00,16210.629,16330.649,16147.319,16279.759
2022.01.04,16:00,16280.089,16282.019,16229.049,16238.389
2022.01.04,20:00,16238.197,16260.409,16204.119,16211.319
2022.01.05,00:00,16211.307,16238.389,16178.399,16228.899
2022.01.05,04:00,16228.739,16265.589,16201.509,16216.999
2022.01.05,08:00,16216.817,16254.349,16111.129,16140.519
2022.01.05,12:00,16140.769,16158.289,15766.517,15773.289
2022.01.05,16:00,15771.309,15809.299,15718.839,15788.399
2022.01.05,20:00,15788.329,15819.239,15629.679,15647.009
2022.01.06,00:00,15647.599,15787.709,15641.829,15760.019
2022.01.06,04:00,15760.339,15774.489,15667.339,15686.239
2022.01.06,08:00,15686.317,15902.079,15606.389,15840.889
2022.01.06,12:00,15840.889,15892.349,15724.429,15766.789
2022.01.06,16:00,15764.919,15852.099,15759.419,15850.029
2022.01.06,20:00,15850.199,15858.099,15780.309,15793.039
2022.01.07,00:00,15793.109,15806.579,15672.609,15693.329
2022.01.07,04:00,15692.329,15830.899,15688.329,15779.699
2022.01.07,08:00,15779.649,15834.289,15522.469,15657.089
2022.01.07,12:00,15656.869,15682.089,15568.179,15597.099
2022.01.07,16:00,15595.879,15615.489,15591.679,15595.869
2022.01.09,16:00,15602.669,15621.389,15527.999,15594.689
2022.01.09,20:00,15594.709,15655.389,15555.819,15651.629
2022.01.10,00:00,15651.607,15679.299,15530.619,15580.349
2022.01.10,04:00,15580.859,15616.679,15379.239,15380.589
2022.01.10,08:00,15380.319,15429.189,15161.049,15308.599
2022.01.10,12:00,15308.559,15627.719,15212.089,15618.289
2022.01.10,16:00,15616.139,15651.799,15604.099,15642.139
2022.01.10,20:00,15642.879,15649.689,15584.179,15609.299
2022.01.11,00:00,15609.129,15655.199,15574.879,15621.379
2022.01.11,04:00,15621.519,15744.079,15619.139,15657.899
2022.01.11,08:00,15658.399,15838.899,15487.219,15828.539
2022.01.11,12:00,15829.099,15846.999,15739.609,15842.099
2022.01.11,16:00,15841.089,15854.409,15821.169,15840.399
2022.01.11,20:00,15840.117,15845.909,15814.319,15841.269
2022.01.12,00:00,15841.709,15906.299,15771.109,15784.099
2022.01.12,04:00,15784.299,15894.199,15780.669,15868.709
2022.01.12,08:00,15870.349,16018.579,15806.879,15909.699
2022.01.12,12:00,15909.649,15962.299,15865.849,15903.849
2022.01.12,16:00,15904.169,15929.599,15885.569,15889.229
2022.01.12,20:00,15889.379,15904.209,15828.659,15855.829
2022.01.13,00:00,15856.149,15925.859,15839.629,15896.789
2022.01.13,04:00,15896.169,15931.399,15872.809,15911.809
2022.01.13,08:00,15911.789,15988.679,15738.859,15811.909
2022.01.13,12:00,15811.239,15811.239,15469.779,15511.079
2022.01.13,16:00,15512.019,15526.669,15461.709,15506.039
2022.01.13,20:00,15506.499,15521.409,15425.249,15502.749
2022.01.14,00:00,15502.839,15564.689,15483.149,15502.089
2022.01.14,04:00,15502.129,15545.999,15331.519,15333.599
2022.01.14,08:00,15334.409,15610.749,15322.879,15551.539
2022.01.14,12:00,15551.789,15616.669,15415.099,15606.159
2022.01.14,16:00,15604.379,15617.899,15595.129,15606.187
2022.01.16,16:00,15635.159,15661.649,15561.279,15570.089
2022.01.16,20:00,15570.399,15573.689,15517.069,15539.009
2022.01.17,00:00,15539.389,15598.049,15525.089,15590.529
2022.01.17,04:00,15589.859,15645.589,15584.329,15625.409
2022.01.17,08:00,15625.219,15630.407,15558.139,15586.349
2022.01.17,12:00,15586.509,15588.099,15554.069,15565.059
2022.01.17,16:00,15591.859,15610.999,15558.039,15610.169
2022.01.17,20:00,15610.157,15611.999,15417.109,15460.519
2022.01.18,00:00,15460.889,15468.699,15323.739,15367.049
2022.01.18,04:00,15366.759,15387.289,15280.029,15378.849
2022.01.18,08:00,15379.879,15444.699,15268.549,15357.209
2022.01.18,12:00,15357.349,15368.719,15183.219,15225.297
2022.01.18,16:00,15225.399,15258.999,15168.729,15184.069
2022.01.18,20:00,15184.729,15237.859,15073.729,15076.199
2022.01.19,00:00,15076.319,15208.799,15063.109,15204.869
2022.01.19,04:00,15203.809,15287.409,15184.329,15275.139
2022.01.19,08:00,15275.649,15382.089,15120.169,15205.319
2022.01.19,12:00,15205.339,15328.319,15036.319,15049.819
2022.01.19,16:00,15048.729,15079.897,15005.119,15063.209
2022.01.19,20:00,15063.197,15142.689,15021.719,15123.709
2022.01.20,00:00,15123.899,15173.659,15056.699,15117.329
2022.01.20,04:00,15118.229,15191.159,15081.129,15155.679
2022.01.20,08:00,15155.799,15350.309,15143.509,15293.379
2022.01.20,12:00,15293.509,15310.799,14827.609,14845.539
2022.01.20,16:00,14846.539,14864.049,14693.569,14706.249
2022.01.20,20:00,14706.289,14752.707,14613.769,14653.609
2022.01.21,00:00,14653.507,14800.779,14648.319,14769.759
2022.01.21,04:00,14770.399,14825.079,14689.849,14716.709
2022.01.21,08:00,14716.707,14869.579,14543.199,14707.689
2022.01.21,12:00,14707.869,14753.389,14427.799,14429.279
2022.01.21,16:00,14426.179,14462.199,14420.079,14432.869
2022.01.23,16:00,14421.029,14573.089,14389.279,14546.029
2022.01.23,20:00,14546.117,14589.907,14535.019,14546.389
2022.01.24,00:00,14546.529,14584.887,14482.609,14502.209
2022.01.24,04:00,14502.117,14523.179,14292.819,14305.799
2022.01.24,08:00,14305.799,14308.559,13828.879,13944.189
2022.01.24,12:00,13944.489,14533.779,13718.559,14523.709
2022.01.24,16:00,14523.697,14529.399,14343.059,14351.099
2022.01.24,20:00,14352.809,14379.499,14223.059,14241.889
2022.01.25,00:00,14241.119,14363.409,14163.009,14225.589
2022.01.25,04:00,14228.339,14389.489,14194.019,14223.699
2022.01.25,08:00,14226.009,14316.129,14030.559,14046.539
2022.01.25,12:00,14047.087,14414.569,14037.399,14168.549
2022.01.25,16:00,14166.719,14266.397,13966.229,14154.049
2022.01.25,20:00,14153.919,14261.089,14132.079,14246.219
2022.01.26,00:00,14246.199,14339.909,14166.029,14321.717
2022.01.26,04:00,14321.619,14480.599,14315.139,14429.279
2022.01.26,08:00,14430.827,14530.289,14346.669,14462.669
2022.01.26,12:00,14463.019,14654.387,13992.409,14164.769
2022.01.26,16:00,14165.769,14296.097,14071.669,14172.999
2022.01.26,20:00,14173.119,14181.709,13860.209,13947.089
2022.01.27,00:00,13946.807,14138.789,13895.119,14135.519
2022.01.27,04:00,14135.589,14277.697,14089.779,14246.399
2022.01.27,08:00,14246.397,14424.169,14193.529,14308.209
2022.01.27,12:00,14308.689,14312.499,13960.619,14001.789
2022.01.27,16:00,14000.999,14193.409,13962.029,14132.869
2022.01.27,20:00,14132.917,14192.709,14092.029,14108.089
2022.01.28,00:00,14108.179,14180.499,14022.509,14088.259
2022.01.28,04:00,14088.319,14125.099,13842.779,13887.619
2022.01.28,08:00,13887.689,14310.109,13871.719,14302.129
2022.01.28,12:00,14301.789,14450.789,14072.529,14449.679
2022.01.28,16:00,14447.799,14454.559,14409.389,14413.799
2022.01.30,16:00,14464.649,14484.259,14365.849,14395.529
2022.01.30,20:00,14395.617,14512.569,14388.859,14494.099
2022.01.31,00:00,14494.169,14545.709,14437.099,14536.719
2022.01.31,04:00,14539.089,14558.699,14412.109,14465.029
2022.01.31,08:00,14465.159,14797.809,14429.819,14789.799
2022.01.31,12:00,14789.799,14931.589,14726.249,14911.299
2022.01.31,16:00,14912.359,14914.289,14865.839,14892.659
2022.01.31,20:00,14892.809,14893.579,14835.159,14886.589
2022.02.01,00:00,14886.089,14981.099,14877.829,14968.069
2022.02.01,04:00,14967.519,14977.179,14864.119,14942.409
2022.02.01,08:00,14943.139,14976.089,14747.019,14941.569
2022.02.01,12:00,14941.099,15036.259,14839.109,15005.889
2022.02.01,16:00,15005.849,15154.119,15001.639,15152.369
2022.02.01,20:00,15152.407,15164.919,15142.339,15161.379
2022.02.02,00:00,15161.399,15213.419,15160.699,15186.599
2022.02.02,04:00,15187.729,15276.299,15184.699,15265.599
2022.02.02,08:00,15265.339,15266.099,14957.169,15043.589
2022.02.02,12:00,15043.589,15166.879,15010.839,15127.579
2022.02.02,16:00,15128.599,15136.097,14771.839,14789.069
2022.02.02,20:00,14789.067,14813.387,14767.689,14799.859
2022.02.03,00:00,14800.049,14883.697,14787.619,14850.139
2022.02.03,04:00,14850.277,14863.787,14761.229,14822.119
2022.02.03,08:00,14822.127,14857.209,14683.119,14684.289
2022.02.03,12:00,14684.497,14729.539,14474.869,14521.187
2022.02.03,16:00,14520.659,14799.889,14519.099,14777.279
2022.02.03,20:00,14777.249,14795.389,14712.599,14790.059
2022.02.04,00:00,14790.209,14837.809,14713.399,14741.529
2022.02.04,04:00,14741.299,14755.089,14531.619,14640.119
2022.02.04,08:00,14640.167,14678.089,14376.219,14595.577
2022.02.04,12:00,14595.149,14832.709,14572.079,14697.099
2022.02.04,16:00,14695.149,14710.819,14642.149,14672.579
2022.02.06,16:00,14706.999,14730.597,14634.879,14659.859
2022.02.06,20:00,14661.749,14727.209,14614.379,14711.059
2022.02.07,00:00,14710.869,14757.039,14630.329,14676.559
2022.02.07,04:00,14676.609,14749.389,14637.769,14738.089
2022.02.07,08:00,14738.087,14820.049,14581.839,14623.709
2022.02.07,12:00,14624.289,14740.077,14525.287,14580.357
2022.02.07,16:00,14579.089,14634.709,14578.089,14616.129
2022.02.07,20:00,14616.117,14616.387,14570.179,14589.649
2022.02.08,00:00,14589.637,14615.299,14549.049,14596.379
2022.02.08,04:00,14596.327,14629.789,14496.649,14530.879
2022.02.08,08:00,14532.399,14716.779,14481.689,14701.799
2022.02.08,12:00,14701.649,14788.289,14628.599,14747.379
2022.02.08,16:00,14746.229,14798.659,14732.619,14766.687
2022.02.08,20:00,14766.509,14829.709,14757.239,14821.319
2022.02.09,00:00,14821.659,14874.497,14768.859,14857.389
2022.02.09,04:00,14857.107,14943.769,14848.569,14932.709
2022.02.09,08:00,14932.639,14979.499,14864.849,14939.139
2022.02.09,12:00,14939.599,15055.219,14922.259,15055.179
2022.02.09,16:00,15055.167,15070.117,15017.719,15020.389
2022.02.09,20:00,15021.109,15021.297,14977.879,15004.709
2022.02.10,00:00,15004.749,15049.289,14982.369,14983.899
2022.02.10,04:00,14984.587,15036.217,14976.319,15032.159
2022.02.10,08:00,15032.497,15061.689,14730.609,14968.399
2022.02.10,12:00,14968.337,14990.317,14634.739,14712.329
2022.02.10,16:00,14713.309,14722.689,14628.799,14657.259
2022.02.10,20:00,14657.539,14699.099,14587.149,14596.827
2022.02.11,00:00,14596.279,14675.169,14538.619,14605.779
2022.02.11,04:00,14606.089,14710.789,14583.029,14679.049
2022.02.11,08:00,14679.559,14778.189,14537.559,14575.389
2022.02.11,12:00,14575.337,14610.999,14193.859,14248.329
2022.02.11,16:00,14248.397,14255.049,14222.159,14251.689
2022.02.13,16:00,14244.899,14287.529,14194.759,14264.309
2022.02.13,20:00,14264.139,14297.719,14216.619,14284.249
2022.02.14,00:00,14284.399,14303.419,14080.339,14094.159
2022.02.14,04:00,14094.207,14271.169,14039.609,14241.499
2022.02.14,08:00,14241.719,14387.097,14172.219,14349.989
2022.02.14,12:00,14350.619,14403.997,14112.889,14266.739
2022.02.14,16:00,14267.567,14320.309,14256.009,14294.259
2022.02.14,20:00,14294.319,14342.309,14272.539,14296.009
2022.02.15,00:00,14295.917,14502.089,14233.049,14478.609
2022.02.15,04:00,14478.607,14583.087,14474.279,14558.927
2022.02.15,08:00,14558.899,14571.987,14455.739,14558.299
2022.02.15,12:00,14558.139,14622.897,14437.209,14616.699
2022.02.15,16:00,14616.649,14617.539,14554.759,14557.029
2022.02.15,20:00,14557.087,14581.199,14553.619,14570.789
2022.02.16,00:00,14570.709,14669.599,14561.619,14635.679
2022.02.16,04:00,14641.319,14673.597,14563.279,14577.299
2022.02.16,08:00,14577.377,14611.179,14387.819,14467.689
2022.02.16,12:00,14467.019,14651.187,14395.259,14608.447
2022.02.16,16:00,14606.349,14623.309,14565.539,14575.907
2022.02.16,20:00,14575.799,14603.819,14446.789,14490.359
2022.02.17,00:00,14490.409,14587.989,14472.789,14512.909
2022.02.17,04:00,14513.449,14559.689,14480.249,14550.799
2022.02.17,08:00,14551.059,14568.687,14331.519,14367.859
2022.02.17,12:00,14368.139,14377.789,14157.789,14174.379
2022.02.17,16:00,14175.229,14194.099,14137.549,14168.129
2022.02.17,20:00,14168.147,14306.599,14154.099,14280.149
2022.02.18,00:00,14280.409,14295.689,14235.789,14263.009
2022.02.18,04:00,14263.499,14287.299,14231.629,14272.209
2022.02.18,08:00,14272.157,14279.619,13969.789,13983.479
2022.02.18,12:00,13983.447,14151.589,13914.299,14012.449
2022.02.18,16:00,14013.349,14047.097,14008.709,14027.849
2022.02.20,16:00,13876.186,13980.277,13819.326,13972.916
2022.02.20,20:00,13974.346,14087.676,13933.566,14067.566
2022.02.21,00:00,14067.206,14164.856,14033.566,14041.979
2022.02.21,04:00,14044.316,14046.716,13830.309,13865.359
2022.02.21,08:00,13865.367,13896.599,13758.309,13775.469
2022.02.21,12:00,13776.229,13801.577,13724.599,13730.689
2022.02.21,16:00,13643.279,13742.419,13600.589,13718.509
2022.02.21,20:00,13719.919,13745.109,13645.769,13696.899
2022.02.22,00:00,13697.009,13754.339,13621.259,13739.119
2022.02.22,04:00,13739.289,13973.489,13705.479,13944.379
2022.02.22,08:00,13944.529,14116.087,13839.539,13876.107
2022.02.22,12:00,13875.899,14018.289,13716.519,13872.487
2022.02.22,16:00,13870.649,13994.089,13870.627,13981.149
2022.02.22,20:00,13981.137,13983.969,13917.559,13978.039
2022.02.23,00:00,13977.459,14031.379,13930.139,14020.129
2022.02.23,04:00,14022.639,14073.099,13957.389,14027.999
2022.02.23,08:00,14028.819,14037.567,13723.149,13819.857
2022.02.23,12:00,13819.849,13872.089,13503.359,13516.899
2022.02.23,16:00,13515.819,13547.549,13387.189,13391.589
2022.02.23,20:00,13391.839,13472.337,13112.819,13200.189
2022.02.24,00:00,13200.499,13230.897,13032.309,13200.669
2022.02.24,04:00,13201.059,13255.599,13060.349,13088.099
2022.02.24,08:00,13089.019,13569.699,13034.919,13550.339
2022.02.24,12:00,13550.359,13987.327,13411.079,13970.599
2022.02.24,16:00,13970.567,13971.749,13840.689,13876.599
2022.02.24,20:00,13875.949,13923.019,13811.029,13875.609
2022.02.25,00:00,13875.537,13889.869,13765.039,13802.969
2022.02.25,04:00,13803.019,14027.869,13771.169,14009.899
2022.02.25,08:00,14009.667,14170.679,13837.149,14169.219
2022.02.25,12:00,14169.489,14193.569,14044.269,14188.199
2022.02.25,16:00,14188.139,14203.277,14181.279,14192.569
2022.02.27,16:00,13851.859,13899.289,13692.239,13852.339
2022.02.27,20:00,13852.549,13960.599,13761.579,13816.769
2022.02.28,00:00,13816.069,14023.839,13813.879,13954.589
2022.02.28,04:00,13955.109,14074.419,13949.817,14019.619
2022.02.28,08:00,14016.739,14298.549,13976.759,14264.209
2022.02.28,12:00,14264.247,14278.819,14003.309,14233.549
2022.02.28,16:00,14235.319,14274.989,14191.829,14213.929
2022.02.28,20:00,14213.829,14240.889,14180.0,14226.449
2022.03.01,00:00,14226.507,14331.699,14173.639,14203.829
2022.03.01,04:00,14205.199,14214.699,14075.579,14124.439
2022.03.01,08:00,14124.119,14278.139,14023.519,14041.539
2022.03.01,12:00,14041.879,14109.779,13905.939,14007.929
2022.03.01,16:00,14010.099,14070.279,13995.559,14050.209
2022.03.01,20:00,14050.329,14074.119,13976.309,14071.199
2022.03.02,00:00,14071.049,14099.099,13915.739,13991.379
2022.03.02,04:00,13989.859,14147.269,13968.259,14091.699
2022.03.02,08:00,14092.739,14228.319,13956.409,14168.749
2022.03.02,12:00,14169.499,14294.879,14154.879,14242.099
2022.03.02,16:00,14242.749,14247.779,14190.529,14210.179
2022.03.02,20:00,14210.167,14241.789,14185.759,14223.509
2022.03.03,00:00,14222.489,14257.899,14172.309,14191.869
2022.03.03,04:00,14192.809,14229.119,14163.619,14205.199
2022.03.03,08:00,14205.369,14393.999,14035.589,14118.199
2022.03.03,12:00,14118.829,14217.569,13960.817,14038.649
2022.03.03,16:00,14038.099,14088.387,13770.219,13809.989
2022.03.03,20:00,13809.709,13951.199,13749.569,13917.389
2022.03.04,00:00,13917.379,14062.289,13910.129,13954.699
2022.03.04,04:00,13954.629,13987.399,13876.339,13931.899
2022.03.04,08:00,13934.029,14011.589,13735.909,13788.199
2022.03.04,12:00,13788.599,13935.699,13743.599,13835.479
2022.03.04,16:00,13835.579,13839.079,13797.149,13807.089
2022.03.06,16:00,13758.659,13758.679,13548.319,13570.709
2022.03.06,20:00,13571.429,13623.679,13529.929,13618.009
2022.03.07,00:00,13617.927,13670.887,13545.959,13601.419
2022.03.07,04:00,13601.387,13775.889,13568.569,13712.189
2022.03.07,08:00,13714.359,13880.469,13542.789,13558.389
2022.03.07,12:00,13558.099,13589.489,13314.759,13321.429
2022.03.07,16:00,13321.079,13329.789,13254.249,13289.869
2022.03.07,20:00,13289.827,13379.289,13266.079,13274.529
2022.03.08,00:00,13274.869,13372.309,13104.029,13312.469
2022.03.08,04:00,13312.769,13421.509,13283.869,13307.919
2022.03.08,08:00,13308.309,13373.769,13122.299,13224.989
2022.03.08,12:00,13224.959,13665.939,13213.249,13256.009
2022.03.08,16:00,13255.229,13279.749,13194.339,13278.249
2022.03.08,20:00,13278.299,13345.499,13222.279,13326.909
2022.03.09,00:00,13327.069,13453.029,13254.209,13448.979
2022.03.09,04:00,13454.199,13573.989,13441.069,13564.409
2022.03.09,08:00,13564.609,13682.939,13497.419,13667.679
2022.03.09,12:00,13667.849,13797.297,13635.669,13741.439
2022.03.09,16:00,13742.397,13776.089,13718.119,13744.197
2022.03.09,20:00,13743.789,13763.679,13670.919,13683.489
2022.03.10,00:00,13683.237,13722.389,13588.469,13624.627
2022.03.10,04:00,13624.459,13705.999,13512.909,13518.189
2022.03.10,08:00,13518.137,13622.397,13401.709,13467.039
2022.03.10,12:00,13467.117,13639.239,13425.399,13595.129
2022.03.10,16:00,13595.387,13618.799,13560.569,13567.369
2022.03.10,20:00,13567.379,13568.589,13457.669,13494.809
2022.03.11,00:00,13495.059,13664.599,13483.759,13584.869
2022.03.11,04:00,13584.899,13863.659,13584.129,13774.649
2022.03.11,08:00,13774.897,13783.089,13414.519,13461.379
2022.03.11,12:00,13461.539,13518.527,13283.689,13300.159
2022.03.11,16:00,13299.369,13321.829,13297.159,13306.669
2022.03.13,16:00,13364.489,13410.497,13336.349,13388.989
2022.03.13,20:00,13390.639,13399.179,13286.919,13340.369
2022.03.14,00:00,13340.407,13402.007,13301.129,13336.319
2022.03.14,04:00,13336.377,13443.689,13224.999,13309.959
2022.03.14,08:00,13310.159,13391.487,13078.919,13080.889
2022.03.14,12:00,13081.087,13122.859,13019.359,13084.279
2022.03.14,16:00,13083.209,13117.989,13068.769,13094.359
2022.03.14,20:00,13094.789,13142.297,13051.489,13123.179
2022.03.15,00:00,13123.219,13124.499,12959.579,12971.159
2022.03.15,04:00,12971.147,13185.899,12945.219,13146.799
2022.03.15,08:00,13146.869,13405.659,13091.389,13349.019
2022.03.15,12:00,13349.199,13488.119,13262.229,13435.219
2022.03.15,16:00,13446.509,13477.299,13417.719,13432.709
2022.03.15,20:00,13433.019,13475.059,13421.289,13464.429
2022.03.16,00:00,13464.619,13680.389,13459.129,13664.289
2022.03.16,04:00,13664.687,13720.469,13643.219,13648.709
2022.03.16,08:00,13649.069,13867.919,13614.779,13728.409
2022.03.16,12:00,13728.579,13967.599,13465.449,13953.069
2022.03.16,16:00,13984.819,13994.857,13947.719,13990.889
2022.03.16,20:00,13991.299,13993.737,13901.569,13967.389
2022.03.17,00:00,13967.809,14022.569,13918.309,13931.749
2022.03.17,04:00,13932.379,13941.409,13834.299,13855.969
2022.03.17,08:00,13856.339,14014.589,13821.239,13985.689
2022.03.17,12:00,13986.159,14135.989,13946.619,14106.309
2022.03.17,16:00,14060.619,14074.839,13983.687,13989.129
2022.03.17,20:00,13989.817,14001.889,13970.259,13991.989
2022.03.18,00:00,13991.767,14064.709,13983.039,14033.589
2022.03.18,04:00,14033.527,14043.299,13980.309,14007.709
2022.03.18,08:00,14007.687,14319.109,13994.139,14304.969
2022.03.18,12:00,14305.029,14431.699,14291.019,14421.989
2022.03.20,16:00,14417.999,14440.349,14377.779,14397.009
2022.03.20,20:00,14397.699,14400.099,14346.819,14364.999
2022.03.21,00:00,14365.029,14382.319,14313.019,14354.539
2022.03.21,04:00,14354.587,14433.599,14330.927,14373.089
2022.03.21,08:00,14373.117,14472.997,14235.109,14259.549
2022.03.21,12:00,14259.547,14400.819,14190.789,14397.779
2022.03.21,16:00,14391.879,14391.879,14314.129,14314.339
2022.03.21,20:00,14314.239,14350.199,14296.229,14317.569
2022.03.22,00:00,14317.639,14444.497,14304.119,14431.119
2022.03.22,04:00,14430.869,14450.889,14365.179,14398.719
2022.03.22,08:00,14398.889,14685.689,14378.809,14614.499
2022.03.22,12:00,14614.437,14691.947,14584.549,14658.589
2022.03.22,16:00,14653.799,14677.397,14631.129,14638.039
2022.03.22,20:00,14638.139,14673.559,14626.439,14663.029
2022.03.23,00:00,14663.017,14676.489,14615.169,14633.329
2022.03.23,04:00,14633.459,14638.959,14521.059,14529.329
2022.03.23,08:00,14529.499,14684.489,14462.469,14602.099
2022.03.23,12:00,14601.849,14609.969,14444.919,14459.989
2022.03.23,16:00,14461.409,14500.489,14455.919,14472.289
2022.03.23,20:00,14472.309,14525.297,14449.919,14516.069
2022.03.24,00:00,14516.229,14571.077,14504.749,14558.299
2022.03.24,04:00,14558.469,14572.949,14505.909,14533.419
2022.03.24,08:00,14533.539,14666.479,14436.459,14636.399
2022.03.24,12:00,14636.889,14772.499,14616.969,14761.439
2022.03.24,16:00,14766.869,14777.169,14722.419,14730.839
2022.03.24,20:00,14730.889,14816.899,14725.119,14805.879
2022.03.25,00:00,14805.969,14806.489,14697.339,14733.419
2022.03.25,04:00,14733.479,14842.699,14710.809,14816.729
2022.03.25,08:00,14816.709,14816.709,14573.669,14645.319
2022.03.25,12:00,14645.319,14759.979,14622.979,14749.249
2022.03.27,16:00,14735.829,14776.659,14729.689,14732.989
2022.03.27,20:00,14720.977,14727.819,14682.089,14693.319
2022.03.28,00:00,14693.317,14737.397,14658.739,14716.339
2022.03.28,04:00,14716.327,14807.687,14681.219,14806.227
2022.03.28,08:00,14806.399,14912.727,14717.689,14733.727
2022.03.28,12:00,14733.629,14987.179,14700.609,14987.179
2022.03.28,16:00,14986.189,14995.987,14962.719,14971.579
2022.03.28,20:00,14973.349,14990.089,14955.039,14967.069
2022.03.29,00:00,14967.369,15039.099,14961.089,15006.559
2022.03.29,04:00,15006.589,15098.289,15002.559,15085.379
2022.03.29,08:00,15085.599,15217.699,15031.179,15144.839
2022.03.29,12:00,15145.049,15265.039,15076.529,15238.519
2022.03.29,16:00,15238.527,15243.899,15197.119,15217.277
2022.03.29,20:00,15216.799,15257.309,15197.839,15213.709
2022.03.30,00:00,15213.919,15241.819,15165.539,15179.889
2022.03.30,04:00,15179.857,15190.299,15136.819,15182.289
2022.03.30,08:00,15182.189,15230.499,15093.199,15151.177
2022.03.30,12:00,15150.829,15192.707,15008.589,15076.099
2022.03.30,16:00,15076.739,15109.279,15076.329,15098.399
2022.03.30,20:00,15098.539,15162.287,15095.789,15141.549
2022.03.31,00:00,15141.669,15175.717,15114.539,15150.569
2022.03.31,04:00,15150.587,15154.099,15075.179,15110.299
2022.03.31,08:00,15110.037,15130.167,14963.619,15042.879
2022.03.31,12:00,15042.847,15061.397,14852.059,14866.179
2022.03.31,16:00,14867.207,14919.249,14866.719,14907.729
2022.03.31,20:00,14907.767,14931.889,14871.279,14918.729
2022.04.01,00:00,14918.717,14947.899,14896.809,14928.579
2022.04.01,04:00,14928.607,14954.309,14903.769,14945.359
2022.04.01,08:00,14945.327,14950.209,14751.579,14760.829
2022.04.01,12:00,14760.877,14866.739,14722.099,14858.779
2022.04.01,16:00,14857.289,14859.109,14825.529,14827.637
2022.04.03,16:00,14838.879,14855.839,14805.169,14814.189
2022.04.03,20:00,14814.279,14849.599,14796.889,14844.539
2022.04.04,00:00,14844.527,14892.289,14820.849,14846.199
2022.04.04,04:00,14846.197,14934.187,14836.649,14920.859
2022.04.04,08:00,14920.827,15115.177,14874.059,15103.649
2022.04.04,12:00,15103.559,15161.479,15062.419,15159.999
2022.04.04,16:00,15159.717,15167.999,15143.149,15143.509
2022.04.04,20:00,15143.697,15150.597,15135.609,15138.709
2022.04.05,00:00,15138.529,15188.909,15129.359,15177.059
2022.04.05,04:00,15177.329,15182.119,15101.979,15129.529
2022.04.05,08:00,15129.899,15139.287,14883.089,14885.759
2022.04.05,12:00,14885.757,14934.999,14775.149,14823.517
2022.04.05,16:00,14825.669,14852.747,14824.819,14828.279
2022.04.05,20:00,14828.389,14837.599,14767.889,14786.409
2022.04.06,00:00,14786.839,14835.999,14726.119,14730.669
2022.04.06,04:00,14730.707,14742.607,14574.859,14584.589
2022.04.06,08:00,14584.377,14637.157,14439.599,14489.689
2022.04.06,12:00,14489.417,14644.109,14388.209,14499.289
2022.04.06,16:00,14499.027,14511.489,14435.719,14440.547
2022.04.06,20:00,14440.479,14488.799,14429.829,14441.519
2022.04.07,00:00,14441.477,14557.999,14425.239,14508.799
2022.04.07,04:00,14508.929,14595.099,14503.449,14543.809
2022.04.07,08:00,14543.987,14600.499,14352.019,14373.817
2022.04.07,12:00,14373.079,14627.797,14315.899,14537.309
2022.04.07,16:00,14536.497,14567.087,14525.739,14559.469
2022.04.07,20:00,14559.507,14568.499,14510.739,14536.059
2022.04.08,00:00,14536.239,14616.599,14517.969,14611.969
2022.04.08,04:00,14613.079,14634.809,14532.319,14577.019
2022.04.08,08:00,14576.957,14581.289,14306.229,14443.539
2022.04.08,12:00,14443.587,14495.499,14308.519,14333.489
2022.04.08,16:00,14333.409,14353.289,14333.319,14333.959
2022.04.10,16:00,14348.999,14365.819,14309.809,14311.099
2022.04.10,20:00,14305.489,14306.787,14193.359,14225.809
2022.04.11,00:00,14226.089,14301.539,14186.109,14258.069
2022.04.11,04:00,14258.077,14265.769,14152.989,14174.729
2022.04.11,08:00,14174.899,14194.069,14031.759,14069.179
2022.04.11,12:00,14069.167,14125.869,13979.819,13995.279
2022.04.11,16:00,13995.789,14012.207,13968.439,13977.219
2022.04.11,20:00,13977.167,13995.017,13905.219,13918.129
2022.04.12,00:00,13918.219,13980.209,13896.769,13959.519
2022.04.12,04:00,13959.889,14038.689,13949.659,14027.359
2022.04.12,08:00,14027.347,14277.899,14015.179,14150.229
2022.04.12,12:00,14150.639,14152.459,13876.319,13937.499
2022.04.12,16:00,13937.697,13990.399,13915.359,13990.059
2022.04.12,20:00,13990.107,14043.299,13980.139,14033.219
2022.04.13,00:00,14033.319,14092.299,14004.969,14038.389
2022.04.13,04:00,14038.949,14072.099,13967.519,13974.679
2022.04.13,08:00,13974.657,14168.599,13917.419,14147.539
2022.04.13,12:00,14147.527,14261.179,14121.359,14216.889
2022.04.13,16:00,14215.859,14230.397,14203.079,14209.599
2022.04.13,20:00,14209.559,14264.599,14207.319,14252.899
2022.04.14,00:00,14253.119,14289.699,14213.319,14243.619
2022.04.14,04:00,14243.909,14256.707,14184.889,14193.799
2022.04.14,08:00,14194.589,14240.899,14006.479,14014.679
2022.04.14,12:00,14014.627,14042.587,13885.319,13893.519
2022.04.14,16:00,13893.939,13898.707,13876.219,13888.219
2022.04.17,16:00,13852.739,13860.719,13728.189,13734.649
2022.04.17,20:00,13734.647,13771.689,13731.239,13765.609
2022.04.18,00:00,13765.779,13803.299,13746.119,13786.499
2022.04.18,04:00,13786.497,13867.397,13776.739,13837.319
2022.04.18,08:00,13837.619,14001.397,13801.769,13874.689
2022.04.18,12:00,13874.919,13995.097,13786.139,13916.259
2022.04.18,16:00,13917.299,14017.199,13913.679,14014.879
2022.04.18,20:00,14014.849,14016.597,13931.959,13990.809
2022.04.19,00:00,13991.009,14005.499,13903.759,13945.317
2022.04.19,04:00,13945.249,13972.889,13826.819,13920.259
2022.04.19,08:00,13920.459,14193.889,13833.779,14171.819
2022.04.19,12:00,14172.069,14237.919,14100.929,14208.519
2022.04.19,16:00,14209.517,14214.109,14062.599,14076.107
2022.04.19,20:00,14075.999,14119.339,14041.029,14119.179
2022.04.20,00:00,14119.589,14135.597,14063.419,14101.599
2022.04.20,04:00,14101.819,14294.099,14079.479,14287.439
2022.04.20,08:00,14287.589,14290.419,14019.389,14042.469
2022.04.20,12:00,14042.697,14113.569,13956.049,14002.099
2022.04.20,16:00,14002.027,14089.809,13989.017,14080.539
2022.04.20,20:00,14080.509,14121.419,14072.939,14079.169
2022.04.21,00:00,14079.339,14153.589,14051.379,14143.917
2022.04.21,04:00,14143.829,14185.189,14123.909,14179.609
2022.04.21,08:00,14178.209,14279.799,13960.519,13961.449
2022.04.21,12:00,13961.477,13983.229,13678.469,13718.469
2022.04.21,16:00,13718.539,13727.127,13664.919,13677.469
2022.04.21,20:00,13677.457,13702.469,13608.449,13677.299
2022.04.22,00:00,13677.469,13756.289,13659.649,13724.129
2022.04.22,04:00,13724.177,13749.589,13648.219,13746.059
2022.04.22,08:00,13746.149,13774.689,13509.779,13510.569
2022.04.22,12:00,13510.749,13550.097,13337.509,13355.639
2022.04.22,16:00,13355.637,13365.209,13309.739,13319.589
2022.04.24,16:00,13344.569,13355.289,13286.039,13324.309
2022.04.24,20:00,13324.277,13336.207,13231.509,13300.599
2022.04.25,00:00,13300.587,13332.209,13196.139,13253.209
2022.04.25,04:00,13253.579,13298.499,13179.899,13244.167
2022.04.25,08:00,13243.739,13462.779,13218.717,13263.999
2022.04.25,12:00,13263.749,13539.439,13239.199,13529.309
2022.04.25,16:00,13528.319,13546.099,13503.229,13519.679
2022.04.25,20:00,13519.657,13578.819,13503.379,13568.129
2022.04.26,00:00,13568.369,13569.999,13428.149,13449.739
2022.04.26,04:00,13449.777,13524.899,13444.349,13483.689
2022.04.26,08:00,13483.887,13491.209,13098.109,13103.889
2022.04.26,12:00,13104.759,13230.199,13008.539,13009.789
2022.04.26,16:00,13010.799,13041.987,12806.829,12997.519
2022.04.26,20:00,12997.597,13080.419,12951.799,13066.709
2022.04.27,00:00,13066.797,13140.789,12978.729,13137.789
2022.04.27,04:00,13137.779,13183.799,13015.749,13039.909
2022.04.27,08:00,13040.289,13256.199,12932.299,13086.279
2022.04.27,12:00,13086.479,13230.697,12977.319,13004.199
2022.04.27,16:00,13004.207,13193.957,12984.949,13172.629
2022.04.27,20:00,13172.627,13191.697,13131.379,13177.829
2022.04.28,00:00,13178.019,13331.577,13165.099,13287.029
2022.04.28,04:00,13287.029,13345.409,13248.117,13263.427
2022.04.28,08:00,13263.369,13279.937,13035.669,13138.709
2022.04.28,12:00,13139.269,13541.087,13117.439,13460.209
2022.04.28,16:00,13462.829,13471.389,13176.409,13246.209
2022.04.28,20:00,13246.167,13344.187,13242.659,13331.989
2022.04.29,00:00,13331.957,13418.909,13320.139,13360.869
2022.04.29,04:00,13362.969,13389.989,13248.139,13264.759
2022.04.29,08:00,13264.767,13432.259,13157.189,13174.409
2022.04.29,12:00,13175.279,13182.569,12834.739,12855.139
2022.04.29,16:00,12856.819,12911.599,12853.289,12904.879
2022.05.01,16:00,12869.889,12925.889,12808.079,12882.369
2022.05.01,20:00,12882.289,12970.587,12841.669,12947.699
2022.05.02,00:00,12947.617,12981.299,12879.309,12907.179
2022.05.02,04:00,12907.629,12960.677,12770.769,12785.309
2022.05.02,08:00,12785.869,13045.699,12745.409,12907.379
2022.05.02,12:00,12907.357,13083.179,12711.099,13074.019
2022.05.02,16:00,13072.219,13085.417,13023.789,13057.099
2022.05.02,20:00,13057.297,13171.297,13046.759,13125.249
2022.05.03,00:00,13125.339,13145.207,13045.639,13091.619
2022.05.03,04:00,13091.769,13129.899,13002.869,13059.809
2022.05.03,08:00,13059.797,13152.359,12970.629,13106.409
2022.05.03,12:00,13106.427,13184.297,12996.369,13091.437
2022.05.03,16:00,13090.689,13147.499,13082.809,13118.909
2022.05.03,20:00,13118.987,13144.499,13089.179,13099.629
2022.05.04,00:00,13099.719,13136.009,13082.809,13118.959
2022.05.04,04:00,13118.889,13153.797,13092.459,13131.459
2022.05.04,08:00,13132.599,13139.519,12884.229,12961.439
2022.05.04,12:00,12961.467,13555.899,12940.719,13533.369
2022.05.04,16:00,13534.329,13539.669,13496.219,13510.769
2022.05.04,20:00,13511.099,13539.907,13501.529,13519.819
2022.05.05,00:00,13519.747,13546.099,13419.829,13450.249
2022.05.05,04:00,13450.237,13453.597,13376.619,13418.299
2022.05.05,08:00,13418.279,13451.087,12841.799,12844.729
2022.05.05,12:00,12844.757,12968.429,12708.509,12865.439
2022.05.05,16:00,12865.789,12925.607,12846.739,12883.179
2022.05.05,20:00,12884.579,12888.457,12781.189,12870.719
2022.05.06,00:00,12870.727,12879.609,12748.939,12814.929
2022.05.06,04:00,12815.199,12865.007,12726.779,12774.149
2022.05.06,08:00,12774.197,12929.469,12519.789,12714.159
2022.05.06,12:00,12714.197,12876.689,12568.879,12696.899
2022.05.06,16:00,12695.889,12705.169,12640.589,12644.647
2022.05.08,16:00,12604.269,12636.117,12552.049,12576.519
2022.05.08,20:00,12576.579,12601.599,12509.0,12594.959
2022.05.09,00:00,12595.009,12623.487,12527.169,12535.789
2022.05.09,04:00,12536.009,12542.559,12343.779,12412.689
2022.05.09,08:00,12412.897,12556.047,12239.089,12326.129
2022.05.09,12:00,12326.107,12419.219,12136.209,12198.219
2022.05.09,16:00,12198.287,12250.889,12195.639,12235.689
2022.05.09,20:00,12235.617,12310.519,12102.729,12307.209
2022.05.10,00:00,12307.519,12408.279,12288.549,12345.999
2022.05.10,04:00,12346.219,12417.689,12293.209,12336.919
2022.05.10,08:00,12337.109,12545.497,12167.329,12266.689
2022.05.10,12:00,12266.707,12515.259,12189.609,12340.819
2022.05.10,16:00,12340.059,12361.199,12311.559,12334.549
2022.05.10,20:00,12334.547,12459.299,12319.049,12438.059
2022.05.11,00:00,12438.077,12457.109,12380.799,12412.719
2022.05.11,04:00,12412.717,12548.489,12408.789,12517.279
2022.05.11,08:00,12517.719,12528.309,12097.039,12284.669
2022.05.11,12:00,12284.889,12306.597,11937.389,11970.257
2022.05.11,16:00,11972.399,12018.097,11949.589,12003.559
2022.05.11,20:00,12004.169,12067.089,11920.729,12012.809
2022.05.12,00:00,12012.827,12017.319,11840.819,11925.269
2022.05.12,04:00,11925.267,11933.379,11752.289,11761.569
2022.05.12,08:00,11761.889,12127.897,11690.269,11847.039
2022.05.12,12:00,11847.349,11985.207,11689.739,11948.529
2022.05.12,16:00,11949.369,12027.799,11902.179,12022.769
2022.05.12,20:00,12022.789,12146.799,12006.819,12113.019
2022.05.13,00:00,12112.819,12179.099,12068.289,12139.309
2022.05.13,04:00,12139.589,12206.049,12113.149,12198.719
2022.05.13,08:00,12198.719,12365.789,12064.837,12358.109
2022.05.13,12:00,12359.099,12430.099,12217.529,12383.349
2022.05.13,16:00,12383.367,12383.999,12350.829,12358.909
2022.05.15,16:00,12397.629,12494.607,12388.739,12464.779
2022.05.15,20:00,12464.747,12467.399,12233.839,12284.619
2022.05.16,00:00,12285.799,12334.169,12227.229,12283.179
2022.05.16,04:00,12283.599,12351.399,12282.529,12329.029
2022.05.16,08:00,12329.037,12409.269,12188.309,12324.919
2022.05.16,12:00,12325.419,12397.349,12209.519,12243.919
2022.05.16,16:00,12244.119,12266.789,12230.859,12263.529
2022.05.16,20:00,12263.779,12333.659,12249.147,12305.339
2022.05.17,00:00,12305.599,12397.049,12305.209,12383.019
2022.05.17,04:00,12383.139,12539.707,12383.129,12472.889
2022.05.17,08:00,12473.759,12532.397,12329.399,12461.829
2022.05.17,12:00,12462.129,12574.879,12369.589,12565.087
2022.05.17,16:00,12564.889,12588.487,12545.729,12557.079
2022.05.17,20:00,12557.129,12568.389,12469.249,12496.439
2022.05.18,00:00,12496.599,12534.237,12467.009,12486.299
2022.05.18,04:00,12486.579,12518.699,12404.729,12409.749
2022.05.18,08:00,12410.009,12442.199,12110.689,12115.819
2022.05.18,12:00,12116.089,12132.469,11887.629,11941.439
2022.05.18,16:00,11939.899,11949.417,11818.399,11822.419
2022.05.18,20:00,11822.339,11948.587,11803.419,11933.599
2022.05.19,00:00,11933.989,11945.797,11742.409,11810.509
2022.05.19,04:00,11810.487,11854.609,11699.959,11838.409
2022.05.19,08:00,11839.089,12073.209,11769.399,12025.169
2022.05.19,12:00,12025.839,12055.689,11847.909,11874.099
2022.05.19,16:00,11873.159,11935.089,11845.659,11929.119
2022.05.19,20:00,11931.309,12004.599,11928.839,11977.339
2022.05.20,00:00,11977.387,12061.089,11960.459,12047.349
2022.05.20,04:00,12047.939,12092.107,12019.519,12057.319
2022.05.20,08:00,12057.417,12060.599,11712.119,11731.709
2022.05.20,12:00,11731.627,11844.609,11489.309,11832.689
2022.05.20,16:00,11832.769,11852.389,11798.669,11814.779
2022.05.22,16:00,11872.779,11984.597,11872.019,11970.189
2022.05.22,20:00,11970.187,12004.209,11925.099,11956.509
2022.05.23,00:00,11956.789,12041.599,11949.069,11979.689
2022.05.23,04:00,11979.789,12001.489,11862.559,11917.739
2022.05.23,08:00,11919.679,12012.709,11782.729,11986.599
2022.05.23,12:00,11987.319,12051.689,11915.069,12032.499
2022.05.23,16:00,12032.457,12072.507,11817.499,11884.529
2022.05.23,20:00,11884.649,11893.719,11849.129,11868.659
2022.05.24,00:00,11868.729,11872.499,11749.937,11799.649
2022.05.24,04:00,11799.667,11872.697,11771.109,11829.749
2022.05.24,08:00,11829.737,11853.997,11573.629,11704.049
2022.05.24,12:00,11704.027,11828.799,11640.619,11779.209
2022.05.24,16:00,11780.037,11865.469,11776.429,11850.979
2022.05.24,20:00,11850.937,11888.297,11784.269,11881.999
2022.05.25,00:00,11881.727,11882.699,11804.929,11812.519
2022.05.25,04:00,11812.507,11824.959,11671.699,11696.959
2022.05.25,08:00,11696.907,11923.199,11669.269,11849.849
2022.05.25,12:00,11849.917,12027.207,11765.179,11943.299
2022.05.25,16:00,11944.009,11945.707,11881.637,11885.149
2022.05.25,20:00,11885.177,11986.499,11853.109,11905.629
2022.05.26,00:00,11905.759,11971.399,11841.179,11969.939
2022.05.26,04:00,11970.429,12012.797,11865.929,11970.509
2022.05.26,08:00,11970.649,12234.569,11893.459,12225.109
2022.05.26,12:00,12225.309,12339.299,12210.339,12271.589
2022.05.26,16:00,12271.539,12293.499,12241.619,12284.789
2022.05.26,20:00,12284.587,12294.399,12217.229,12247.029
2022.05.27,00:00,12247.199,12277.489,12228.459,12248.019
2022.05.27,04:00,12247.799,12368.319,12239.169,12290.619
2022.05.27,08:00,12291.007,12596.087,12283.099,12591.299
2022.05.27,12:00,12591.229,12679.889,12557.849,12679.889
2022.05.27,16:00,12679.769,12698.609,12669.529,12691.049
2022.05.29,16:00,12715.089,12753.179,12669.259,12733.679
2022.05.29,20:00,12733.617,12791.289,12716.719,12783.639
2022.05.30,00:00,12783.617,12865.297,12778.639,12848.849
2022.05.30,04:00,12849.597,12878.089,12807.769,12832.669
2022.05.30,08:00,12832.627,12833.249,12734.699,12793.319
2022.05.30,12:00,12793.377,12832.399,12782.829,12806.099
2022.05.30,16:00,12810.819,12821.769,12742.839,12813.609
2022.05.30,20:00,12813.609,12818.399,12673.119,12749.799
2022.05.31,00:00,12749.399,12762.799,12628.209,12649.269
2022.05.31,04:00,12649.217,12747.157,12612.539,12671.289
2022.05.31,08:00,12671.277,12722.389,12477.639,12709.789
2022.05.31,12:00,12709.929,12767.817,12601.829,12645.069
2022.05.31,16:00,12644.509,12708.899,12633.467,12702.529
2022.05.31,20:00,12703.117,12723.899,12660.569,12680.699
2022.06.01,00:00,12680.497,12693.677,12614.549,12640.799
2022.06.01,04:00,12640.807,12682.719,12580.149,12681.489
2022.06.01,08:00,12681.549,12821.667,12499.439,12508.289
2022.06.01,12:00,12508.287,12663.119,12454.139,12549.289
2022.06.01,16:00,12548.789,12561.679,12499.509,12505.449
2022.06.01,20:00,12505.507,12586.477,12491.279,12555.949
2022.06.02,00:00,12555.809,12627.079,12525.439,12602.129
2022.06.02,04:00,12602.177,12651.799,12586.099,12631.597
2022.06.02,08:00,12631.449,12729.267,12440.589,12690.519
2022.06.02,12:00,12690.789,12896.889,12682.709,12892.899
2022.06.02,16:00,12892.847,12941.707,12867.737,12918.569
2022.06.02,20:00,12918.507,12922.807,12882.669,12887.569
2022.06.03,00:00,12887.617,12905.287,12819.119,12824.099
2022.06.03,04:00,12824.087,12844.389,12724.827,12729.237
2022.06.03,08:00,12729.119,12805.319,12501.019,12545.869
2022.06.03,12:00,12545.819,12644.289,12509.139,12550.109
2022.06.03,16:00,12550.719,12563.607,12534.819,12562.609
2022.06.05,16:00,12571.499,12585.179,12524.099,12546.619
2022.06.05,20:00,12546.779,12639.487,12528.119,12629.019
2022.06.06,00:00,12629.389,12710.547,12614.649,12708.709
2022.06.06,04:00,12708.707,12747.697,12701.219,12734.999
2022.06.06,08:00,12735.009,12807.599,12624.779,12662.289
2022.06.06,12:00,12663.159,12678.489,12529.929,12596.319
2022.06.06,16:00,12597.159,12609.709,12573.719,12599.019
2022.06.06,20:00,12599.479,12601.889,12484.549,12525.519
2022.06.07,00:00,12525.607,12548.179,12466.459,12532.799
2022.06.07,04:00,12532.747,12561.199,12435.429,12464.289
2022.06.07,08:00,12465.109,12701.819,12409.239,12611.319
2022.06.07,12:00,12612.219,12735.809,12560.319,12707.479
2022.06.07,16:00,12707.457,12707.457,12661.439,12665.929
2022.06.07,20:00,12666.049,12705.777,12641.879,12652.199
2022.06.08,00:00,12651.917,12679.689,12619.559,12648.989
2022.06.08,04:00,12648.777,12716.989,12641.889,12679.239
2022.06.08,08:00,12679.459,12778.909,12623.839,12722.309
2022.06.08,12:00,12722.809,12744.817,12575.619,12615.799
2022.06.08,16:00,12615.587,12627.589,12592.729,12619.249
2022.06.08,20:00,12619.297,12631.399,12561.779,12595.609
2022.06.09,00:00,12595.709,12614.717,12565.059,12607.779
2022.06.09,04:00,12607.737,12720.799,12585.329,12638.867
2022.06.09,08:00,12638.499,12668.869,12502.339,12570.049
2022.06.09,12:00,12570.789,12606.689,12268.979,12270.049
2022.06.09,16:00,12268.969,12303.989,12254.229,12285.949
2022.06.09,20:00,12286.069,12329.499,12260.279,12306.709
2022.06.10,00:00,12306.939,12336.379,12258.919,12264.099
2022.06.10,04:00,12263.997,12326.109,12256.419,12290.849
2022.06.10,08:00,12291.419,12329.289,11822.139,11864.209
2022.06.10,12:00,11864.419,11972.479,11834.259,11836.857
2022.06.10,16:00,11835.789,11860.889,11834.949,11857.499
2022.06.12,16:00,11697.819,11727.379,11648.479,11664.009
2022.06.12,20:00,11665.089,11665.509,11568.339,11621.409
2022.06.13,00:00,11622.279,11642.389,11539.739,11548.139
2022.06.13,04:00,11547.849,11549.399,11431.739,11471.009
2022.06.13,08:00,11471.089,11574.089,11314.609,11408.149
2022.06.13,12:00,11408.339,11527.609,11254.659,11296.079
2022.06.13,16:00,11296.017,11371.497,11272.777,11338.599
2022.06.13,20:00,11338.407,11398.717,11322.839,11392.129
2022.06.14,00:00,11392.259,11501.107,11392.119,11447.499
2022.06.14,04:00,11447.227,11454.807,11322.719,11327.659
2022.06.14,08:00,11327.717,11442.599,11237.789,11347.559
2022.06.14,12:00,11347.509,11423.289,11204.059,11319.289
2022.06.14,16:00,11319.899,11416.269,11294.399,11398.139
2022.06.14,20:00,11398.499,11414.789,11360.769,11376.069
2022.06.15,00:00,11375.819,11400.189,11325.749,11389.519
2022.06.15,04:00,11389.549,11452.807,11365.619,11447.909
2022.06.15,08:00,11447.907,11541.679,11399.019,11497.809
2022.06.15,12:00,11497.797,11759.119,11340.209,11593.357
2022.06.15,16:00,11597.019,11691.587,11575.537,11689.919
2022.06.15,20:00,11689.889,11737.397,11638.319,11648.179
2022.06.16,00:00,11648.309,11655.667,11290.739,11339.799
2022.06.16,04:00,11339.797,11362.897,11232.989,11287.209
2022.06.16,08:00,11287.219,11388.179,11096.239,11159.249
2022.06.16,12:00,11159.257,11201.279,11036.229,11132.259
2022.06.16,16:00,11133.199,11190.369,11112.859,11159.539
2022.06.16,20:00,11159.399,11233.897,11128.829,11193.029
2022.06.17,00:00,11193.269,11258.797,11162.289,11233.189
2022.06.17,04:00,11233.197,11287.389,11215.089,11254.559
2022.06.17,08:00,11254.597,11315.787,11084.639,11198.229
2022.06.17,12:00,11198.889,11359.899,11171.649,11258.649
2022.06.17,16:00,11258.627,11282.299,11255.667,11269.669
2022.06.19,16:00,11296.599,11400.049,11295.079,11392.367
2022.06.19,20:00,11392.309,11395.789,11237.609,11332.739
2022.06.20,00:00,11332.869,11360.859,11291.689,11333.049
2022.06.20,04:00,11333.019,11364.987,11321.769,11356.149
2022.06.20,08:00,11356.117,11387.589,11297.379,11378.809
2022.06.20,12:00,11378.827,11394.539,11367.659,11382.249
2022.06.20,16:00,11387.117,11404.099,11360.019,11385.999
2022.06.20,20:00,11385.767,11467.597,11372.019,11448.119
2022.06.21,00:00,11448.177,11502.899,11394.149,11481.709
2022.06.21,04:00,11480.649,11508.089,11412.689,11419.239
2022.06.21,08:00,11419.529,11640.319,11403.649,11568.889
2022.06.21,12:00,11569.169,11605.589,11524.259,11542.689
2022.06.21,16:00,11541.749,11547.589,11516.789,11536.799
2022.06.21,20:00,11536.919,11539.999,11410.229,11427.059
2022.06.22,00:00,11427.037,11447.879,11295.159,11302.719
2022.06.22,04:00,11302.769,11389.989,11281.819,11359.859
2022.06.22,08:00,11360.119,11708.687,11326.769,11550.739
2022.06.22,12:00,11550.817,11681.209,11503.169,11521.809
2022.06.22,16:00,11521.289,11531.389,11423.149,11447.719
2022.06.22,20:00,11447.729,11566.549,11444.719,11489.509
2022.06.23,00:00,11489.537,11551.709,11448.719,11484.739
2022.06.23,04:00,11484.747,11667.289,11470.169,11641.719
2022.06.23,08:00,11641.749,11706.099,11506.549,11614.329
2022.06.23,12:00,11614.359,11731.399,11511.679,11697.809
2022.06.23,16:00,11697.777,11697.777,11651.359,11659.827
2022.06.23,20:00,11659.789,11805.299,11648.309,11776.589
2022.06.24,00:00,11776.899,11837.499,11769.239,11811.679
2022.06.24,04:00,11814.387,11827.999,11778.089,11785.549
2022.06.24,08:00,11785.649,12046.787,11776.089,11979.039
2022.06.24,12:00,11979.097,12113.599,11958.349,12113.599
2022.06.24,16:00,12112.639,12112.717,12071.769,12075.189
2022.06.26,16:00,12118.309,12118.759,12056.079,12058.019
2022.06.26,20:00,12058.297,12195.169,12037.109,12170.679
2022.06.27,00:00,12170.809,12218.899,12092.619,12202.159
2022.06.27,04:00,12202.369,12226.099,12142.827,12169.889
2022.06.27,08:00,12170.009,12176.989,11986.009,12085.269
2022.06.27,12:00,12085.287,12093.109,11960.859,12011.197
2022.06.27,16:00,12010.609,12041.789,12010.119,12032.269
2022.06.27,20:00,12032.227,12060.909,11936.669,11987.909
2022.06.28,00:00,11987.877,12121.799,11973.629,12042.109
2022.06.28,04:00,12042.049,12091.497,12039.839,12064.919
2022.06.28,08:00,12065.079,12140.039,11749.219,11756.619
2022.06.28,12:00,11756.639,11802.889,11633.129,11639.679
2022.06.28,16:00,11639.667,11662.099,11627.739,11651.439
2022.06.28,20:00,11651.477,11672.939,11622.649,11655.639
2022.06.29,00:00,11656.219,11687.289,11591.619,11629.989
2022.06.29,04:00,11629.907,11667.309,11580.849,11653.209
2022.06.29,08:00,11653.309,11714.029,11529.619,11658.489
2022.06.29,12:00,11658.237,11693.469,11570.119,11654.719
2022.06.29,16:00,11654.499,11661.689,11633.279,11642.219
2022.06.29,20:00,11642.137,11652.139,11595.159,11617.119
2022.06.30,00:00,11617.147,11624.119,11456.129,11509.109
2022.06.30,04:00,11509.279,11531.889,11426.159,11456.499
2022.06.30,08:00,11456.529,11585.809,11316.749,11583.149
2022.06.30,12:00,11583.109,11656.297,11442.229,11516.289
2022.06.30,16:00,11516.109,11517.569,11451.839,11514.549
2022.06.30,20:00,11514.699,11526.219,11367.759,11390.417
2022.07.01,00:00,11390.209,11445.809,11352.389,11409.559
2022.07.01,04:00,11410.899,11497.079,11382.679,11417.649
2022.07.01,08:00,11418.099,11587.709,11373.839,11424.649
2022.07.01,12:00,11424.887,11599.389,11398.279,11583.899
2022.07.01,16:00,11583.837,11591.409,11574.519,11575.819
2022.07.03,16:00,11580.859,11583.399,11531.049,11541.749
2022.07.03,20:00,11541.727,11548.679,11471.339,11504.509
2022.07.04,00:00,11504.567,11546.497,11479.769,11491.039
2022.07.04,04:00,11491.287,11550.099,11487.359,11534.519
2022.07.04,08:00,11534.587,11548.887,11502.339,11524.537
2022.07.04,12:00,11524.399,11545.899,11522.219,11524.899
2022.07.04,16:00,11556.849,11715.367,11548.369,11663.219
2022.07.04,20:00,11663.207,11684.169,11617.129,11621.009
2022.07.05,00:00,11621.077,11670.899,11599.079,11601.029
2022.07.05,04:00,11601.109,11617.337,11449.527,11453.589
2022.07.05,08:00,11454.659,11581.389,11357.329,11542.829
2022.07.05,12:00,11542.919,11783.889,11517.219,11783.889
2022.07.05,16:00,11782.667,11805.387,11743.209,11751.657
2022.07.05,20:00,11751.569,11841.599,11745.869,11792.369
2022.07.06,00:00,11792.407,11831.219,11699.999,11801.159
2022.07.06,04:00,11801.379,11807.809,11709.719,11724.529
2022.07.06,08:00,11724.679,11851.669,11696.709,11765.529
2022.07.06,12:00,11766.389,11943.387,11747.549,11853.239
2022.07.06,16:00,11853.277,11879.177,11850.029,11866.129
2022.07.06,20:00,11866.319,11878.599,11805.309,11860.799
2022.07.07,00:00,11860.787,11918.397,11860.579,11893.659
2022.07.07,04:00,11894.637,11930.577,11858.619,11912.889
2022.07.07,08:00,11912.729,12058.587,11877.709,12058.319
2022.07.07,12:00,12058.217,12137.589,12044.709,12106.889
2022.07.07,16:00,12106.079,12108.609,12065.729,12072.589
2022.07.07,20:00,12073.569,12098.999,12034.229,12046.449
2022.07.08,00:00,12046.487,12082.989,12030.379,12066.029
2022.07.08,04:00,12066.017,12093.187,12021.239,12054.049
2022.07.08,08:00,12054.809,12182.589,11921.339,12159.719
2022.07.08,12:00,12160.559,12161.899,12011.179,12125.829
2022.07.08,16:00,12126.289,12136.809,12118.019,12134.619
2022.07.10,16:00,12109.709,12110.089,12064.349,12087.839
2022.07.10,20:00,12088.139,12094.579,11995.629,12020.179
2022.07.11,00:00,12020.117,12036.419,11968.159,12014.559
2022.07.11,04:00,12014.567,12055.989,12008.199,12015.209
2022.07.11,08:00,12014.739,12046.589,11824.759,11891.059
2022.07.11,12:00,11890.359,11979.119,11833.049,11864.019
2022.07.11,16:00,11864.969,11891.089,11850.009,11876.989
2022.07.11,20:00,11876.987,11882.599,11762.119,11788.639
2022.07.12,00:00,11788.697,11796.709,11733.629,11777.549
2022.07.12,04:00,11777.839,11879.519,11760.119,11854.829
2022.07.12,08:00,11854.899,11999.699,11779.979,11865.069
2022.07.12,12:00,11865.017,11911.409,11682.309,11747.689
2022.07.12,16:00,11746.829,11758.919,11729.909,11741.639
2022.07.12,20:00,11741.849,11787.199,11739.579,11775.019
2022.07.13,00:00,11775.059,11811.109,11750.409,11762.429
2022.07.13,04:00,11761.869,11803.409,11738.459,11795.609
2022.07.13,08:00,11795.889,11936.969,11448.559,11718.909
2022.07.13,12:00,11718.897,11825.589,11705.749,11726.349
2022.07.13,16:00,11725.549,11731.699,11631.739,11644.089
2022.07.13,20:00,11643.909,11733.139,11635.609,11714.369
2022.07.14,00:00,11714.599,11729.719,11636.719,11641.109
2022.07.14,04:00,11641.399,11665.089,11569.709,11611.059
2022.07.14,08:00,11610.579,11689.569,11481.049,11674.239
2022.07.14,12:00,11674.257,11804.889,11593.819,11770.399
2022.07.14,16:00,11770.199,11835.809,11763.849,11832.909
2022.07.14,20:00,11831.749,11837.019,11772.659,11822.319
2022.07.15,00:00,11822.367,11824.709,11733.359,11774.879
2022.07.15,04:00,11775.019,11821.709,11754.269,11775.069
2022.07.15,08:00,11775.189,11969.899,11710.509,11927.319
2022.07.15,12:00,11926.989,11983.319,11899.559,11978.059
2022.07.15,16:00,11979.089,11991.609,11969.329,11985.119
2022.07.17,16:00,12026.099,12036.119,12010.719,12029.889
2022.07.17,20:00,12030.109,12072.759,11998.589,12069.889
2022.07.18,00:00,12070.169,12139.897,12059.639,12119.159
2022.07.18,04:00,12118.689,12150.389,12103.549,12120.489
2022.07.18,08:00,12121.569,12157.219,12061.519,12150.899
2022.07.18,12:00,12151.579,12154.797,11829.379,11877.329
2022.07.18,16:00,11877.339,11913.289,11869.299,11910.049
2022.07.18,20:00,11910.189,11923.209,11885.619,11895.619
2022.07.19,00:00,11895.589,11939.209,11860.179,11882.839
2022.07.19,04:00,11883.349,11997.599,11882.129,11982.269
2022.07.19,08:00,11983.059,12164.899,11951.329,12151.609
2022.07.19,12:00,12151.799,12253.759,12120.409,12239.259
2022.07.19,16:00,12238.249,12301.389,12229.879,12280.799
2022.07.19,20:00,12280.379,12326.109,12266.149,12315.769
2022.07.20,00:00,12315.717,12323.399,12244.139,12250.149
2022.07.20,04:00,12249.889,12291.499,12206.559,12224.309
2022.07.20,08:00,12224.387,12479.839,12204.049,12467.029
2022.07.20,12:00,12467.789,12489.119,12330.019,12438.159
2022.07.20,16:00,12436.889,12466.289,12381.809,12406.669
2022.07.20,20:00,12405.779,12416.399,12366.249,12402.759
2022.07.21,00:00,12402.727,12461.099,12388.319,12409.849
2022.07.21,04:00,12410.099,12469.499,12376.629,12441.229
2022.07.21,08:00,12440.729,12528.399,12345.539,12499.749
2022.07.21,12:00,12499.727,12618.079,12497.019,12618.079
2022.07.21,16:00,12617.519,12627.589,12508.199,12518.669
2022.07.21,20:00,12518.739,12541.319,12500.649,12519.679
2022.07.22,00:00,12519.799,12546.909,12494.749,12525.319
2022.07.22,04:00,12525.559,12587.499,12507.249,12586.809
2022.07.22,08:00,12586.797,12669.909,12393.659,12434.059
2022.07.22,12:00,12433.339,12447.179,12316.869,12397.109
2022.07.22,16:00,12397.389,12399.809,12382.057,12397.509
2022.07.24,16:00,12401.259,12404.189,12373.149,12375.589
2022.07.24,20:00,12375.337,12408.579,12357.819,12389.619
2022.07.25,00:00,12389.679,12407.807,12361.079,12387.199
2022.07.25,04:00,12387.999,12470.399,12384.749,12446.509
2022.07.25,08:00,12446.587,12455.719,12262.599,12345.809
2022.07.25,12:00,12346.009,12380.789,12241.319,12329.989
2022.07.25,16:00,12330.189,12350.399,12260.049,12271.819
2022.07.25,20:00,12271.599,12292.499,12251.059,12284.399
2022.07.26,00:00,12284.029,12305.409,12269.249,12299.009
2022.07.26,04:00,12299.029,12306.909,12250.749,12265.299
2022.07.26,08:00,12265.409,12288.499,12083.489,12087.549
2022.07.26,12:00,12087.409,12137.589,12049.869,12083.709
2022.07.26,16:00,12084.559,12279.589,12046.909,12253.399
2022.07.26,20:00,12253.339,12262.879,12230.519,12250.459
2022.07.27,00:00,12250.477,12285.709,12241.439,12271.309
2022.07.27,04:00,12270.439,12304.119,12237.129,12243.339
2022.07.27,08:00,12243.499,12423.869,12238.379,12414.029
2022.07.27,12:00,12414.087,12664.819,12379.439,12591.439
2022.07.27,16:00,12591.439,12591.439,12512.359,12550.299
2022.07.27,20:00,12550.267,12558.559,12525.909,12534.979
2022.07.28,00:00,12534.937,12556.289,12502.629,12512.819
2022.07.28,04:00,12512.797,12528.289,12455.709,12512.749
2022.07.28,08:00,12513.129,12673.769,12424.089,12642.859
2022.07.28,12:00,12643.209,12743.589,12602.489,12718.619
2022.07.28,16:00,12717.749,12877.599,12711.427,12869.989
2022.07.28,20:00,12869.949,12900.469,12856.239,12866.759
2022.07.29,00:00,12866.797,12915.999,12864.269,12878.689
2022.07.29,04:00,12879.299,12893.099,12821.459,12839.329
2022.07.29,08:00,12839.749,12908.389,12722.439,12838.509
2022.07.29,12:00,12839.569,12987.219,12813.059,12949.699
2022.07.29,16:00,12949.679,12958.079,12941.629,12945.719
2022.07.31,16:00,12959.309,12959.649,12890.189,12897.419
2022.07.31,20:00,12897.599,12914.299,12883.609,12894.249
2022.08.01,00:00,12894.359,12944.799,12881.129,12932.699
2022.08.01,04:00,12932.409,12965.789,12889.049,12943.899
2022.08.01,08:00,12944.069,13086.089,12830.659,13055.479
2022.08.01,12:00,13056.449,13062.499,12875.589,12940.819
2022.08.01,16:00,12940.897,12960.189,12925.949,12927.819
2022.08.01,20:00,12930.189,12933.779,12861.359,12887.099
2022.08.02,00:00,12887.689,12895.899,12821.217,12856.489
2022.08.02,04:00,12856.429,12864.279,12793.379,12837.799
2022.08.02,08:00,12837.819,12980.599,12798.419,12960.849
2022.08.02,12:00,12960.709,13076.509,12883.119,12901.689
2022.08.02,16:00,12901.399,12913.409,12866.719,12882.169
2022.08.02,20:00,12881.679,12910.809,12846.309,12906.259
2022.08.03,00:00,12905.869,12933.049,12871.729,12889.199
2022.08.03,04:00,12889.709,12975.579,12871.729,12963.169
2022.08.03,08:00,12962.329,13201.759,12950.179,13198.579
2022.08.03,12:00,13198.579,13287.899,13165.349,13249.569
2022.08.03,16:00,13250.389,13250.389,13205.259,13210.079
2022.08.03,20:00,13209.219,13247.489,13203.239,13214.729
2022.08.04,00:00,13214.787,13248.949,13204.717,13234.229
2022.08.04,04:00,13234.227,13331.289,13221.249,13248.689
2022.08.04,08:00,13248.749,13315.207,13165.319,13265.209
2022.08.04,12:00,13265.117,13327.109,13224.349,13310.509
2022.08.04,16:00,13311.359,13324.887,13294.799,13310.959
2022.08.04,20:00,13310.907,13360.917,13310.719,13349.019
2022.08.05,00:00,13348.879,13352.499,13314.369,13332.479
2022.08.05,04:00,13332.529,13337.197,13268.999,13312.799
2022.08.05,08:00,13312.767,13328.089,13066.719,13103.549
2022.08.05,12:00,13103.719,13222.299,13102.219,13206.787
2022.08.05,16:00,13206.369,13210.599,13183.849,13187.609
2022.08.07,16:00,13228.509,13229.289,13147.309,13157.219
2022.08.07,20:00,13157.809,13203.989,13155.529,13192.739
2022.08.08,00:00,13192.747,13282.087,13192.709,13269.919
2022.08.08,04:00,13270.089,13308.989,13243.639,13300.899
2022.08.08,08:00,13301.619,13399.319,13174.869,13229.839
2022.08.08,12:00,13230.289,13238.199,13098.359,13158.629
2022.08.08,16:00,13158.709,13209.897,13155.689,13196.779
2022.08.08,20:00,13196.707,13202.299,13144.279,13197.969
2022.08.09,00:00,13198.149,13200.699,13151.559,13168.099
2022.08.09,04:00,13168.087,13180.289,13059.139,13066.889
2022.08.09,08:00,13066.699,13092.069,12950.699,12991.099
2022.08.09,12:00,12991.227,13038.889,12943.049,13009.779
2022.08.09,16:00,13009.777,13031.407,13009.777,13028.589
2022.08.09,20:00,13028.567,13030.989,12982.329,12989.189
2022.08.10,00:00,12988.967,13018.419,12958.429,13004.289
2022.08.10,04:00,13004.319,13078.577,13000.229,13063.069
2022.08.10,08:00,13063.459,13358.289,13057.589,13354.299
2022.08.10,12:00,13354.549,13384.117,13292.319,13370.909
2022.08.10,16:00,13370.877,13377.597,13344.607,13373.719
2022.08.10,20:00,13373.789,13431.899,13372.709,13417.829
2022.08.11,00:00,13417.887,13455.597,13398.799,13417.057
2022.08.11,04:00,13416.809,13428.499,13361.179,13425.309
2022.08.11,08:00,13425.357,13550.399,13340.749,13369.589
2022.08.11,12:00,13369.587,13421.329,13266.929,13296.769
2022.08.11,16:00,13296.727,13321.399,13295.949,13312.869
2022.08.11,20:00,13312.807,13336.509,13289.609,13321.429
2022.08.12,00:00,13321.507,13381.419,13313.159,13367.669
2022.08.12,04:00,13367.879,13385.009,13319.939,13342.009
2022.08.12,08:00,13342.109,13467.899,13333.719,13435.699
2022.08.12,12:00,13436.119,13560.889,13432.239,13557.819
2022.08.12,16:00,13557.889,13557.889,13541.879,13548.349
2022.08.14,16:00,13533.739,13547.089,13516.269,13517.489
2022.08.14,20:00,13517.789,13536.999,13506.849,13521.959
2022.08.15,00:00,13521.937,13534.879,13479.249,13486.149
2022.08.15,04:00,13486.269,13528.699,13472.909,13502.899
2022.08.15,08:00,13503.009,13640.429,13479.149,13633.629
2022.08.15,12:00,13633.809,13685.989,13614.479,13665.749
2022.08.15,16:00,13665.747,13666.499,13645.139,13660.629
2022.08.15,20:00,13660.707,13660.909,13626.049,13642.349
2022.08.16,00:00,13642.397,13652.289,13606.009,13633.289
2022.08.16,04:00,13633.097,13667.119,13619.629,13643.829
2022.08.16,08:00,13643.809,13664.319,13503.209,13657.299
2022.08.16,12:00,13657.067,13723.789,13565.079,13636.359
2022.08.16,16:00,13636.377,13658.289,13616.749,13629.119
2022.08.16,20:00,13629.137,13648.749,13614.839,13623.809
2022.08.17,00:00,13624.087,13648.759,13575.729,13578.609
2022.08.17,04:00,13578.607,13586.889,13492.149,13504.209
2022.08.17,08:00,13504.489,13543.679,13386.639,13404.219
2022.08.17,12:00,13405.189,13595.769,13404.339,13475.599
2022.08.17,16:00,13475.359,13489.209,13428.379,13432.879
2022.08.17,20:00,13433.019,13460.287,13418.639,13451.559
2022.08.18,00:00,13451.577,13458.389,13389.679,13427.289
2022.08.18,04:00,13427.149,13509.599,13418.749,13508.859
2022.08.18,08:00,13509.097,13554.579,13402.037,13534.719
2022.08.18,12:00,13535.299,13551.709,13463.269,13507.209
2022.08.18,16:00,13507.859,13516.249,13496.079,13505.679
2022.08.18,20:00,13505.617,13510.907,13467.609,13478.199
2022.08.19,00:00,13478.339,13481.599,13403.589,13421.199
2022.08.19,04:00,13421.699,13431.999,13336.669,13369.699
2022.08.19,08:00,13369.789,13404.619,13228.519,13249.229
2022.08.19,12:00,13249.217,13293.289,13211.189,13244.599
2022.08.19,16:00,13244.809,13247.589,13237.249,13240.699
2022.08.21,16:00,13186.059,13193.729,13158.209,13168.299
2022.08.21,20:00,13168.057,13203.399,13158.589,13187.849
2022.08.22,00:00,13187.907,13187.907,13074.719,13088.399
2022.08.22,04:00,13088.579,13093.289,13028.089,13053.669
2022.08.22,08:00,13053.677,13073.097,12927.239,12972.249
2022.08.22,12:00,12972.569,12982.659,12858.209,12896.809
2022.08.22,16:00,12897.709,12937.099,12890.809,12936.797
2022.08.22,20:00,12936.349,12938.197,12903.619,12914.799
2022.08.23,00:00,12914.787,12920.499,12804.989,12908.819
2022.08.23,04:00,12908.909,12945.399,12889.119,12922.109
2022.08.23,08:00,12922.167,13000.107,12848.109,12903.239
2022.08.23,12:00,12904.279,12944.487,12865.249,12882.129
2022.08.23,16:00,12882.619,12891.299,12869.689,12877.579
2022.08.23,20:00,12877.517,12886.599,12814.389,12826.329
2022.08.24,00:00,12826.149,12889.317,12808.539,12842.787
2022.08.24,04:00,12842.549,12913.559,12837.119,12906.139
2022.08.24,08:00,12906.107,12989.789,12837.169,12976.289
2022.08.24,12:00,12976.037,12996.387,12895.769,12919.659
2022.08.24,16:00,12919.629,12940.899,12913.499,12918.539
2022.08.24,20:00,12918.589,12963.589,12909.569,12948.749
2022.08.25,00:00,12948.997,13069.399,12946.559,13056.169
2022.08.25,04:00,13056.259,13066.799,12976.279,13010.219
2022.08.25,08:00,13010.227,13105.209,12948.619,13032.349
2022.08.25,12:00,13032.599,13147.907,12984.879,13145.249
2022.08.25,16:00,13145.267,13147.539,13122.639,13131.179
2022.08.25,20:00,13131.839,13144.789,13115.589,13138.169
2022.08.26,00:00,13138.289,13138.497,13091.619,13096.379
2022.08.26,04:00,13096.307,13104.617,13055.869,13094.779
2022.08.26,08:00,13095.399,13205.897,12766.319,12800.919
2022.08.26,12:00,12801.249,12807.789,12604.689,12608.249
2022.08.26,16:00,12607.289,12610.859,12585.527,12599.577
2022.08.28,16:00,12483.899,12498.249,12399.259,12406.389
2022.08.28,20:00,12406.117,12473.387,12389.639,12468.899
2022.08.29,00:00,12468.859,12520.709,12420.199,12490.659
2022.08.29,04:00,12490.677,12496.477,12434.989,12466.419
2022.08.29,08:00,12466.387,12597.999,12437.739,12501.709
2022.08.29,12:00,12501.819,12594.789,12476.169,12484.399
2022.08.29,16:00,12484.409,12524.537,12475.539,12520.569
2022.08.29,20:00,12520.787,12525.307,12471.809,12517.529
2022.08.30,00:00,12517.517,12605.909,12512.499,12584.719
2022.08.30,04:00,12585.979,12646.097,12584.889,12595.499
2022.08.30,08:00,12596.329,12614.107,12260.849,12335.789
2022.08.30,12:00,12335.329,12386.939,12238.749,12344.309
2022.08.30,16:00,12345.309,12371.799,12336.829,12355.769
2022.08.30,20:00,12355.749,12441.899,12350.639,12428.709
2022.08.31,00:00,12428.469,12465.919,12375.689,12387.869
2022.08.31,04:00,12387.907,12460.209,12350.659,12424.659
2022.08.31,08:00,12424.697,12502.929,12291.269,12380.249
2022.08.31,12:00,12380.409,12390.589,12266.559,12271.619
2022.08.31,16:00,12271.799,12298.609,12140.019,12165.419
2022.08.31,20:00,12165.569,12176.899,12111.329,12123.639
2022.09.01,00:00,12123.719,12173.899,12100.619,12146.839
2022.09.01,04:00,12149.119,12224.059,12104.009,12194.399
2022.09.01,08:00,12195.709,12212.069,12013.769,12031.309
2022.09.01,12:00,12031.559,12287.389,12006.649,12274.139
2022.09.01,16:00,12273.109,12307.389,12248.059,12288.009
2022.09.01,20:00,12287.909,12297.009,12244.719,12266.459
2022.09.02,00:00,12266.437,12304.399,12233.589,12263.477
2022.09.02,04:00,12263.279,12302.909,12229.729,12264.689
2022.09.02,08:00,12263.629,12453.499,12252.719,12412.509
2022.09.02,12:00,12408.819,12415.999,12033.249,12104.069
2022.09.02,16:00,12103.059,12130.577,12098.019,12115.789
2022.09.04,16:00,12105.369,12121.319,12047.629,12115.649
2022.09.04,20:00,12115.657,12141.499,12076.339,12110.199
2022.09.05,00:00,12110.289,12133.417,12060.789,12077.699
2022.09.05,04:00,12077.687,12113.419,12055.689,12063.369
2022.09.05,08:00,12063.819,12154.599,12046.869,12131.919
2022.09.05,12:00,12132.107,12160.399,12122.219,12127.099
2022.09.05,16:00,12126.657,12174.899,12104.599,12140.699
2022.09.05,20:00,12140.647,12225.989,12124.609,12157.699
2022.09.06,00:00,12157.849,12236.389,12140.709,12191.299
2022.09.06,04:00,12191.287,12228.297,12135.849,12173.209
2022.09.06,08:00,12173.169,12195.197,11923.809,12114.999
2022.09.06,12:00,12114.717,12134.299,11958.629,12015.249
2022.09.06,16:00,12016.139,12027.299,11993.749,11999.589
2022.09.06,20:00,11999.149,12007.649,11916.649,11954.869
2022.09.07,00:00,11954.827,12041.909,11943.119,12034.659
2022.09.07,04:00,12034.109,12070.899,11972.879,12002.179
2022.09.07,08:00,12002.279,12154.799,11970.689,12137.579
2022.09.07,12:00,12137.589,12298.319,12094.219,12256.369
2022.09.07,16:00,12254.709,12279.209,12241.139,12249.419
2022.09.07,20:00,12250.209,12285.799,12241.139,12259.799
2022.09.08,00:00,12260.019,12323.989,12222.909,12238.829
2022.09.08,04:00,12238.819,12284.359,12216.519,12244.479
2022.09.08,08:00,12244.497,12376.199,12110.419,12313.009
2022.09.08,12:00,12313.159,12323.357,12135.089,12322.829
2022.09.08,16:00,12322.919,12354.117,12320.759,12346.639
2022.09.08,20:00,12346.697,12394.299,12341.539,12383.349
2022.09.09,00:00,12383.339,12450.799,12351.849,12415.399
2022.09.09,04:00,12415.187,12477.149,12404.209,12441.319
2022.09.09,08:00,12441.349,12576.389,12402.319,12554.549
2022.09.09,12:00,12554.739,12609.809,12506.769,12586.699
2022.09.09,16:00,12585.809,12587.297,12569.829,12586.267
2022.09.11,16:00,12642.619,12673.889,12622.829,12627.009
2022.09.11,20:00,12627.287,12627.287,12572.059,12580.899
2022.09.12,00:00,12580.897,12663.099,12568.719,12643.659
2022.09.12,04:00,12643.627,12692.387,12624.049,12671.529
2022.09.12,08:00,12671.547,12752.109,12605.879,12659.309
2022.09.12,12:00,12660.269,12741.399,12635.149,12738.579
2022.09.12,16:00,12738.517,12770.679,12736.649,12758.829
2022.09.12,20:00,12758.159,12767.299,12732.839,12750.599
2022.09.13,00:00,12750.539,12806.329,12738.029,12798.119
2022.09.13,04:00,12798.277,12837.719,12771.739,12828.159
2022.09.13,08:00,12828.169,12867.189,12181.419,12195.159
2022.09.13,12:00,12195.167,12255.187,12001.219,12038.959
2022.09.13,16:00,12036.829,12068.949,12025.019,12056.327
2022.09.13,20:00,12055.979,12071.797,12006.619,12049.119
2022.09.14,00:00,12049.147,12102.719,12013.949,12079.009
2022.09.14,04:00,12079.057,12135.699,11999.419,12004.909
2022.09.14,08:00,12004.897,12171.689,12001.009,12128.429
2022.09.14,12:00,12128.467,12165.979,12012.099,12135.169
2022.09.14,16:00,12135.949,12184.989,12131.357,12166.269
2022.09.14,20:00,12165.769,12177.687,12130.209,12147.239
2022.09.15,00:00,12147.297,12166.599,12122.109,12161.719
2022.09.15,04:00,12161.737,12170.109,12074.429,12096.669
2022.09.15,08:00,12096.897,12151.879,11910.099,11945.679
2022.09.15,12:00,11945.799,12075.689,11863.009,11929.769
2022.09.15,16:00,11930.899,11961.559,11816.239,11839.609
2022.09.15,20:00,11839.587,11859.299,11825.389,11827.359
2022.09.16,00:00,11827.407,11835.639,11800.339,11817.339
2022.09.16,04:00,11817.799,11842.219,11775.339,11818.169
2022.09.16,08:00,11819.329,11842.079,11707.569,11787.827
2022.09.16,12:00,11787.507,11874.587,11705.859,11854.549
2022.09.16,16:00,11854.507,11869.289,11851.089,11861.879
2022.09.18,16:00,11850.569,11870.219,11807.639,11856.559
2022.09.18,20:00,11856.889,11876.589,11782.589,11809.339
2022.09.19,00:00,11809.899,11817.139,11742.199,11753.349
2022.09.19,04:00,11753.619,11785.107,11718.619,11732.369
2022.09.19,08:00,11734.119,11905.619,11731.579,11807.037
2022.09.19,12:00,11806.739,11961.119,11779.299,11956.769
2022.09.19,16:00,11957.079,12007.589,11950.329,12007.069
2022.09.19,20:00,12007.077,12021.799,11962.709,11985.769
2022.09.20,00:00,11985.679,12017.719,11934.089,11941.209
2022.09.20,04:00,11941.237,11942.597,11872.909,11880.079
2022.09.20,08:00,11880.189,11947.299,11817.499,11944.589
2022.09.20,12:00,11945.319,11953.089,11758.769,11855.389
2022.09.20,16:00,11855.989,11886.817,11838.379,11854.389
2022.09.20,20:00,11854.329,11880.397,11837.849,11868.109
2022.09.21,00:00,11868.189,11879.589,11791.039,11848.089
2022.09.21,04:00,11848.409,11876.707,11831.069,11867.079
2022.09.21,08:00,11867.129,11927.389,11862.579,11897.279
2022.09.21,12:00,11897.059,12066.919,11632.729,11633.897
2022.09.21,16:00,11633.319,11637.087,11535.389,11541.029
2022.09.21,20:00,11541.017,11559.659,11478.699,11538.679
2022.09.22,00:00,11538.799,11652.619,11525.609,11641.559
2022.09.22,04:00,11642.589,11724.187,11568.519,11628.059
2022.09.22,08:00,11628.077,11679.419,11447.569,11501.599
2022.09.22,12:00,11501.617,11621.789,11458.649,11501.029
2022.09.22,16:00,11501.087,11526.097,11490.229,11523.619
2022.09.22,20:00,11523.679,11536.489,11464.079,11472.389
2022.09.23,00:00,11472.587,11494.409,11421.809,11453.879
2022.09.23,04:00,11454.709,11469.709,11316.139,11347.659
2022.09.23,08:00,11347.677,11417.897,11275.709,11298.767
2022.09.23,12:00,11298.249,11322.099,11166.539,11311.409
2022.09.23,16:00,11311.599,11330.309,11306.109,11312.829
2022.09.25,16:00,11303.139,11328.369,11246.129,11281.339
2022.09.25,20:00,11281.387,11315.597,11220.369,11257.679
2022.09.26,00:00,11257.627,11357.997,11192.899,11286.809
2022.09.26,04:00,11287.189,11345.099,11215.749,11252.889
2022.09.26,08:00,11253.099,11474.709,11228.219,11351.109
2022.09.26,12:00,11351.289,11352.599,11230.809,11258.709
2022.09.26,16:00,11259.549,11292.899,11228.229,11285.179
2022.09.26,20:00,11285.119,11358.787,11283.509,11337.649
2022.09.27,00:00,11337.637,11446.299,11322.419,11422.819
2022.09.27,04:00,11423.009,11449.797,11351.109,11432.869
2022.09.27,08:00,11433.199,11505.229,11278.129,11280.239
2022.09.27,12:00,11280.309,11301.157,11170.229,11271.397
2022.09.27,16:00,11270.729,11313.667,11247.039,11283.409
2022.09.27,20:00,11283.529,11328.989,11121.039,11171.079
2022.09.28,00:00,11171.097,11218.297,11106.089,11183.189
2022.09.28,04:00,11184.329,11247.889,11078.709,11153.899
2022.09.28,08:00,11152.539,11418.619,11151.349,11416.659
2022.09.28,12:00,11416.637,11549.799,11391.519,11491.719
2022.09.28,16:00,11491.629,11504.789,11457.089,11468.619
2022.09.28,20:00,11468.609,11500.259,11435.889,11471.809
2022.09.29,00:00,11471.849,11492.887,11295.389,11325.377
2022.09.29,04:00,11325.279,11403.889,11311.659,11352.319
2022.09.29,08:00,11352.709,11370.089,11095.339,11200.779
2022.09.29,12:00,11200.779,11215.589,11035.899,11174.289
2022.09.29,16:00,11174.289,11217.299,11161.629,11208.659
2022.09.29,20:00,11208.749,11214.719,11132.069,11138.729
2022.09.30,00:00,11138.727,11293.359,11123.909,11278.289
2022.09.30,04:00,11278.909,11291.309,11167.629,11191.199
2022.09.30,08:00,11191.309,11296.589,11087.759,11186.349
2022.09.30,12:00,11186.369,11202.749,10965.389,10970.659
2022.09.30,16:00,10970.239,11023.099,10965.549,11021.099
2022.10.02,16:00,10942.159,10988.489,10870.109,10882.379
2022.10.02,20:00,10883.649,10963.369,10830.269,10929.819
2022.10.03,00:00,10929.817,10998.987,10891.669,10931.679
2022.10.03,04:00,10931.687,11014.709,10883.089,11013.259
2022.10.03,08:00,11012.649,11178.789,10980.229,11118.589
2022.10.03,12:00,11118.269,11299.819,11117.129,11233.559
2022.10.03,16:00,11232.699,11284.209,11221.039,11282.409
2022.10.03,20:00,11282.889,11341.019,11273.239,11336.409
2022.10.04,00:00,11336.369,11434.109,11325.139,11428.099
2022.10.04,04:00,11427.877,11490.799,11405.109,11457.899
2022.10.04,08:00,11457.847,11609.357,11421.659,11582.529
2022.10.04,12:00,11582.779,11594.599,11459.799,11582.179
2022.10.04,16:00,11580.859,11601.797,11544.609,11556.259
2022.10.04,20:00,11556.247,11556.599,11499.649,11521.169
2022.10.05,00:00,11521.217,11531.399,11488.039,11501.139
2022.10.05,04:00,11501.859,11511.397,11444.389,11474.709
2022.10.05,08:00,11475.699,11481.859,11305.109,11394.259
2022.10.05,12:00,11394.589,11649.597,11366.399,11577.587
2022.10.05,16:00,11574.639,11638.287,11554.529,11637.619
2022.10.05,20:00,11637.607,11667.989,11606.739,11633.219
2022.10.06,00:00,11633.419,11655.497,11544.699,11574.049
2022.10.06,04:00,11574.057,11585.389,11462.259,11517.669
2022.10.06,08:00,11517.829,11660.797,11466.209,11526.579
2022.10.06,12:00,11526.527,11585.079,11469.889,11485.079
2022.10.06,16:00,11485.017,11498.539,11418.629,11440.259
2022.10.06,20:00,11440.307,11505.099,11437.419,11470.959
2022.10.07,00:00,11471.039,11478.579,11394.509,11427.049
2022.10.07,04:00,11427.107,11469.279,11407.409,11443.257
2022.10.07,08:00,11442.769,11484.199,11112.139,11133.589
2022.10.07,12:00,11133.527,11148.579,10988.899,11045.499
2022.10.07,16:00,11044.229,11050.147,11033.239,11041.279
2022.10.09,16:00,10989.089,11013.059,10932.279,10980.769
2022.10.09,20:00,10980.829,11026.109,10958.629,10991.619
2022.10.10,00:00,10991.019,11036.029,10957.159,10990.819
2022.10.10,04:00,10990.867,11029.789,10940.689,11012.829
2022.10.10,08:00,11012.837,11079.079,10871.369,10932.009
2022.10.10,12:00,10931.917,11010.729,10820.779,10925.599
2022.10.10,16:00,10924.479,10973.509,10924.479,10957.029
2022.10.10,20:00,10957.067,10971.799,10863.009,10878.789
2022.10.11,00:00,10878.737,10905.867,10796.719,10851.599
2022.10.11,04:00,10851.377,10888.899,10801.259,10878.559
2022.10.11,08:00,10878.239,10940.609,10732.049,10906.319
2022.10.11,12:00,10906.599,10984.569,10713.759,10791.079
2022.10.11,16:00,10791.287,10821.999,10786.709,10808.809
2022.10.11,20:00,10808.987,10852.399,10780.699,10812.717
2022.10.12,00:00,10812.379,10921.087,10808.509,10849.819
2022.10.12,04:00,10849.737,10917.599,10843.099,10884.149
2022.10.12,08:00,10884.189,10911.987,10751.199,10858.609
2022.10.12,12:00,10858.809,10871.387,10776.819,10783.677
2022.10.12,16:00,10782.839,10818.289,10780.279,10814.199
2022.10.12,20:00,10814.107,10823.579,10780.209,10795.549
2022.10.13,00:00,10795.409,10802.389,10748.669,10784.379
2022.10.13,04:00,10784.699,10888.549,10768.809,10860.639
2022.10.13,08:00,10860.849,11065.089,10431.569,10955.769
2022.10.13,12:00,10956.639,11094.909,10866.909,11031.729
2022.10.13,16:00,11029.989,11059.729,11003.869,11011.219
2022.10.13,20:00,11011.299,11130.909,10968.119,11113.079
2022.10.14,00:00,11113.599,11128.399,11016.379,11054.039
2022.10.14,04:00,11054.149,11073.809,10935.679,10974.799
2022.10.14,08:00,10974.739,11199.569,10772.299,10783.999
2022.10.14,12:00,10783.719,10825.999,10679.519,10699.049
2022.10.14,16:00,10699.189,10718.689,10694.329,10714.359
2022.10.16,16:00,10696.599,10753.599,10689.569,10743.467
2022.10.16,20:00,10743.379,10755.409,10713.649,10735.829
2022.10.17,00:00,10735.959,10850.509,10727.919,10831.949
2022.10.17,04:00,10832.149,10867.839,10790.949,10853.599
2022.10.17,08:00,10853.587,11085.619,10827.379,11061.557
2022.10.17,12:00,11061.369,11091.587,11024.049,11059.309
2022.10.17,16:00,11059.339,11163.999,11050.309,11157.359
2022.10.17,20:00,11157.327,11261.579,11125.909,11243.169
2022.10.18,00:00,11243.539,11308.897,11210.029,11276.079
2022.10.18,04:00,11276.009,11301.209,11184.049,11285.729
2022.10.18,08:00,11286.059,11377.879,11031.219,11107.229
2022.10.18,12:00,11107.487,11203.709,11031.217,11152.359
2022.10.18,16:00,11152.609,11330.789,11107.269,11292.209
2022.10.18,20:00,11292.029,11325.869,11265.129,11279.859
2022.10.19,00:00,11280.087,11284.989,11150.659,11201.619
2022.10.19,04:00,11201.567,11240.489,11076.759,11117.599
2022.10.19,08:00,11117.619,11233.109,11053.319,11153.079
2022.10.19,12:00,11153.107,11158.689,11001.729,11105.179
2022.10.19,16:00,11105.119,11162.609,11023.029,11038.109
2022.10.19,20:00,11038.017,11063.289,10957.839,10980.227
2022.10.20,00:00,10980.189,11104.289,10967.229,10990.399
2022.10.20,04:00,10991.049,11137.089,10979.709,11108.549
2022.10.20,08:00,11108.259,11279.299,11032.229,11223.209
2022.10.20,12:00,11224.159,11227.039,10994.049,11038.879
2022.10.20,16:00,11039.709,11079.389,10947.599,10971.079
2022.10.20,20:00,10971.799,11013.209,10937.639,10976.519
2022.10.21,00:00,10976.119,11037.109,10954.889,10968.719
2022.10.21,04:00,10967.909,10978.539,10918.669,10933.799
2022.10.21,08:00,10933.799,11175.339,10888.519,11168.159
2022.10.21,12:00,11167.599,11329.079,11135.539,11309.519
2022.10.21,16:00,11309.799,11332.789,11304.089,11312.899
2022.10.23,16:00,11373.549,11480.089,11373.549,11405.749
2022.10.23,20:00,11405.899,11429.567,11317.609,11331.329
2022.10.24,00:00,11331.337,11389.677,11253.919,11282.119
2022.10.24,04:00,11282.689,11404.409,11215.289,11367.239
2022.10.24,08:00,11367.239,11380.219,11163.619,11373.099
2022.10.24,12:00,11373.329,11471.059,11329.079,11435.709
2022.10.24,16:00,11435.667,11446.599,11409.709,11429.149
2022.10.24,20:00,11429.239,11458.097,11385.159,11436.699
2022.10.25,00:00,11436.667,11467.269,11418.709,11447.389
2022.10.25,04:00,11447.519,11462.989,11394.779,11420.309
2022.10.25,08:00,11420.357,11650.209,11401.289,11637.169
2022.10.25,12:00,11637.389,11680.719,11568.859,11666.039
2022.10.25,16:00,11667.209,11684.889,11404.119,11421.139
2022.10.25,20:00,11421.269,11459.197,11388.899,11446.619
2022.10.26,00:00,11446.797,11492.899,11428.089,11483.519
2022.10.26,04:00,11483.829,11520.809,11455.007,11467.889
2022.10.26,08:00,11467.917,11656.279,11386.819,11619.757
2022.10.26,12:00,11619.629,11633.289,11391.179,11406.349
2022.10.26,16:00,11407.359,11490.519,11368.779,11450.859
2022.10.26,20:00,11449.089,11489.367,11414.179,11451.149
2022.10.27,00:00,11451.009,11469.599,11386.359,11396.399
2022.10.27,04:00,11396.377,11419.779,11318.649,11328.909
2022.10.27,08:00,11328.807,11416.799,11217.499,11250.779
2022.10.27,12:00,11250.787,11296.619,11178.769,11198.009
2022.10.27,16:00,11198.829,11208.899,10994.419,11090.559
2022.10.27,20:00,11092.239,11145.799,11079.829,11115.629
2022.10.28,00:00,11115.789,11119.209,11018.329,11033.169
2022.10.28,04:00,11033.789,11109.707,11023.619,11086.799
2022.10.28,08:00,11086.587,11454.109,11027.129,11417.249
2022.10.28,12:00,11417.247,11562.299,11392.529,11543.039
2022.10.28,16:00,11542.129,11558.989,11539.779,11557.109
2022.10.30,16:00,11536.359,11543.399,11475.599,11488.139
2022.10.30,20:00,11488.137,11534.809,11473.139,11514.029
2022.10.31,00:00,11514.049,11529.109,11440.909,11455.739
2022.10.31,04:00,11455.777,11501.589,11445.509,11460.567
2022.10.31,08:00,11460.379,11479.819,11324.799,11406.089
2022.10.31,12:00,11406.057,11458.809,11377.519,11412.809
2022.10.31,16:00,11418.607,11453.277,11406.279,11441.749
2022.10.31,20:00,11442.089,11459.399,11437.669,11444.009
2022.11.01,00:00,11444.409,11533.377,11442.799,11514.389
2022.11.01,04:00,11514.329,11573.299,11495.229,11561.519
2022.11.01,08:00,11561.729,11578.799,11273.799,11313.729
2022.11.01,12:00,11313.849,11338.229,11254.609,11258.377
2022.11.01,16:00,11285.099,11327.209,11276.679,11322.587
2022.11.01,20:00,11322.889,11340.887,11309.319,11327.899
2022.11.02,00:00,11328.079,11347.099,11293.209,11329.209
2022.11.02,04:00,11329.219,11337.807,11253.579,11289.589
2022.11.02,08:00,11289.679,11298.759,11151.389,11195.289
2022.11.02,12:00,11195.219,11418.669,10869.509,10885.369
2022.11.02,16:00,10896.777,10905.289,10860.849,10902.809
2022.11.02,20:00,10903.289,10946.399,10898.289,10935.129
2022.11.03,00:00,10935.389,10955.289,10855.749,10877.409
2022.11.03,04:00,10877.337,10893.299,10762.249,10764.109
2022.11.03,08:00,10764.319,10848.099,10668.809,10811.759
2022.11.03,12:00,10811.797,10818.169,10678.629,10705.789
2022.11.03,16:00,10669.629,10694.997,10654.059,10692.869
2022.11.03,20:00,10693.659,10741.329,10676.639,10735.649
2022.11.04,00:00,10735.667,10788.089,10710.149,10732.619
2022.11.04,04:00,10748.279,10837.389,10600.249,10832.709
2022.11.04,08:00,10833.119,10935.299,10643.529,10678.539
2022.11.04,12:00,10678.999,10880.599,10627.259,10841.729
2022.11.06,16:00,10745.709,10797.889,10716.799,10785.389
2022.11.06,20:00,10785.407,10844.387,10748.549,10827.519
2022.11.07,00:00,10827.547,10897.599,10776.599,10889.739
2022.11.07,04:00,10889.727,10935.209,10862.839,10895.329
2022.11.07,08:00,10895.739,10932.909,10812.269,10831.239
2022.11.07,12:00,10831.519,11002.589,10815.099,10980.349
2022.11.07,16:00,10980.337,11025.937,10967.539,11017.849
2022.11.07,20:00,11018.097,11018.289,10959.529,10968.399
2022.11.08,00:00,10968.489,10975.299,10917.937,10969.729
2022.11.08,04:00,10969.767,11055.449,10956.389,11036.809
2022.11.08,08:00,11036.889,11194.339,10970.787,11161.319
2022.11.08,12:00,11161.227,11182.079,10891.909,11057.229
2022.11.08,16:00,11057.279,11090.619,11027.369,11062.219
2022.11.08,20:00,11062.229,11123.909,11036.059,11089.709
2022.11.09,00:00,11089.897,11114.789,11039.399,11070.639
2022.11.09,04:00,11071.029,11072.889,10980.399,11051.679
2022.11.09,08:00,11051.607,11060.569,10893.319,10946.989
2022.11.09,12:00,10947.019,10956.547,10788.639,10797.389
2022.11.09,16:00,10797.599,10841.809,10793.779,10834.339
2022.11.09,20:00,10834.589,10848.419,10813.369,10843.059
2022.11.10,00:00,10843.159,10856.387,10805.379,10828.099
2022.11.10,04:00,10827.629,10869.709,10808.539,10844.219
2022.11.10,08:00,10843.739,11462.787,10797.299,11458.499
2022.11.10,12:00,11458.497,11609.589,11386.729,11592.869
2022.11.10,16:00,11593.839,11648.889,11582.709,11628.069
2022.11.10,20:00,11628.027,11641.049,11585.059,11619.849
2022.11.11,00:00,11620.097,11741.497,11608.789,11734.669
2022.11.11,04:00,11734.729,11734.809,11636.069,11668.869
2022.11.11,08:00,11669.529,11745.709,11534.819,11673.387
2022.11.11,12:00,11672.709,11841.609,11649.529,11814.689
2022.11.11,16:00,11814.697,11818.999,11794.219,11814.029
2022.11.13,16:00,11742.309,11785.689,11730.279,11758.649
2022.11.13,20:00,11758.647,11788.809,11741.529,11751.889
2022.11.14,00:00,11751.907,11774.609,11722.059,11763.589
2022.11.14,04:00,11763.799,11765.319,11709.319,11762.699
2022.11.14,08:00,11762.717,11793.619,11666.719,11770.139
2022.11.14,12:00,11770.609,11865.499,11696.539,11709.499
2022.11.14,16:00,11709.257,11750.409,11707.889,11731.119
2022.11.14,20:00,11731.387,11778.397,11728.829,11770.799
2022.11.15,00:00,11770.909,11827.719,11769.319,11814.859
2022.11.15,04:00,11816.309,11885.819,11805.189,11881.339
2022.11.15,08:00,11881.327,12084.889,11878.499,12001.639
2022.11.15,12:00,12002.247,12004.289,11729.689,11870.349
2022.11.15,16:00,11870.387,11901.659,11800.619,11802.089
2022.11.15,20:00,11802.289,11868.599,11798.609,11824.659
2022.11.16,00:00,11825.219,11921.397,11818.039,11886.779
2022.11.16,04:00,11887.399,11912.557,11830.319,11865.059
2022.11.16,08:00,11865.047,11869.119,11668.349,11729.189
2022.11.16,12:00,11729.179,11793.107,11675.279,11703.949
2022.11.16,16:00,11702.869,11748.799,11701.079,11744.849
2022.11.16,20:00,11745.629,11751.989,11704.929,11711.209
2022.11.17,00:00,11711.279,11789.409,11710.439,11736.189
2022.11.17,04:00,11736.289,11740.599,11584.969,11591.117
2022.11.17,08:00,11590.829,11672.999,11490.179,11671.817
2022.11.17,12:00,11671.679,11737.679,11588.779,11676.429
2022.11.17,16:00,11676.689,11722.199,11668.389,11700.819
2022.11.17,20:00,11700.959,11711.897,11679.479,11686.449
2022.11.18,00:00,11686.669,11695.487,11634.489,11685.719
2022.11.18,04:00,11685.697,11797.759,11677.639,11773.429
2022.11.18,08:00,11773.497,11804.639,11614.599,11650.259
2022.11.18,12:00,11650.229,11709.999,11575.589,11676.599
2022.11.18,16:00,11676.669,11690.179,11668.379,11674.369
2022.11.20,16:00,11690.379,11722.039,11648.369,11653.097
2022.11.20,20:00,11652.689,11656.497,11626.319,11646.919
2022.11.21,00:00,11646.959,11652.999,11602.909,11617.389
2022.11.21,04:00,11617.417,11623.569,11563.529,11590.039
2022.11.21,08:00,11590.289,11668.199,11533.409,11546.429
2022.11.21,12:00,11546.759,11603.009,11521.929,11555.599
2022.11.21,16:00,11555.729,11589.999,11551.309,11578.499
2022.11.21,20:00,11578.349,11592.499,11562.809,11571.419
2022.11.22,00:00,11571.659,11573.189,11494.209,11520.479
2022.11.22,04:00,11520.739,11591.017,11519.279,11575.629
2022.11.22,08:00,11575.499,11629.369,11495.819,11616.659
2022.11.22,12:00,11616.627,11732.299,11615.059,11724.919
2022.11.22,16:00,11724.839,11727.499,11708.199,11709.999
2022.11.22,20:00,11710.007,11710.177,11691.709,11699.309
2022.11.23,00:00,11699.287,11741.089,11696.649,11717.697
2022.11.23,04:00,11717.479,11764.499,11712.859,11754.299
2022.11.23,08:00,11754.267,11860.669,11709.679,11759.689
2022.11.23,12:00,11759.717,11866.609,11715.709,11842.149
2022.11.23,16:00,11842.409,11871.889,11838.649,11868.409
2022.11.23,20:00,11868.447,11877.109,11860.749,11868.289
2022.11.24,00:00,11868.119,11882.107,11846.969,11877.419
2022.11.24,04:00,11877.609,11905.387,11876.529,11884.759
2022.11.24,08:00,11884.797,11898.199,11872.669,11897.209
2022.11.24,12:00,11897.387,11898.619,11889.569,11893.989
2022.11.24,16:00,11886.819,11896.697,11874.139,11884.489
2022.11.24,20:00,11884.509,11891.999,11875.499,11887.009
2022.11.25,00:00,11887.209,11890.887,11846.899,11855.949
2022.11.25,04:00,11855.987,11864.309,11805.099,11808.319
2022.11.25,08:00,11808.217,11821.499,11740.129,11778.029
2022.11.25,12:00,11778.107,11781.839,11752.539,11764.659
2022.11.27,16:00,11712.409,11724.199,11676.519,11682.199
2022.11.27,20:00,11682.599,11682.599,11643.789,11662.699
2022.11.28,00:00,11662.769,11706.587,11635.227,11680.129
2022.11.28,04:00,11680.167,11687.909,11619.819,11679.689
2022.11.28,08:00,11679.887,11766.109,11648.809,11689.139
2022.11.28,12:00,11689.279,11711.389,11553.319,11589.849
2022.11.28,16:00,11589.087,11609.689,11588.489,11604.859
2022.11.28,20:00,11605.079,11647.507,11596.019,11644.489
2022.11.29,00:00,11644.559,11681.299,11638.539,11669.429
2022.11.29,04:00,11669.599,11675.849,11624.709,11650.879
2022.11.29,08:00,11651.087,11651.317,11445.399,11503.649
2022.11.29,12:00,11503.859,11534.799,11457.369,11504.037
2022.11.29,16:00,11503.209,11509.399,11476.169,11501.899
2022.11.29,20:00,11502.129,11524.797,11498.719,11518.489
2022.11.30,00:00,11518.549,11551.109,11507.129,11543.699
2022.11.30,04:00,11543.627,11564.597,11528.819,11537.809
2022.11.30,08:00,11538.139,11574.589,11488.709,11538.509
2022.11.30,12:00,11538.527,12024.989,11477.329,12023.749
2022.11.30,16:00,12023.739,12058.299,12004.149,12036.609
2022.11.30,20:00,12036.647,12041.789,11999.539,12031.779
2022.12.01,00:00,12031.737,12055.079,11991.609,12001.589
2022.12.01,04:00,12001.539,12025.117,11965.749,12024.569
2022.12.01,08:00,12024.547,12115.609,11923.109,12009.279
2022.12.01,12:00,12010.199,12076.889,11963.049,12038.129
2022.12.01,16:00,12038.189,12038.189,11984.719,11987.749
2022.12.01,20:00,11988.019,12004.699,11974.959,12001.959
2022.12.02,00:00,12001.659,12025.399,11990.379,12024.469
2022.12.02,04:00,12024.407,12038.599,12000.259,12032.879
2022.12.02,08:00,12032.817,12044.889,11717.919,11927.769
2022.12.02,12:00,11927.799,12031.399,11881.119,11998.329
2022.12.02,16:00,11998.389,11998.389,11982.099,11983.879
2022.12.04,16:00,11988.569,11997.059,11964.579,11974.509
2022.12.04,20:00,11974.739,11981.899,11964.419,11975.999
2022.12.05,00:00,11976.079,11979.689,11926.019,11975.629
2022.12.05,04:00,11975.697,11981.499,11934.559,11946.129
2022.12.05,08:00,11946.197,11956.239,11827.489,11832.597
2022.12.05,12:00,11832.469,11857.809,11730.769,11788.059
2022.12.05,16:00,11787.319,11818.399,11775.359,11811.839
2022.12.05,20:00,11811.829,11826.619,11786.079,11788.309
2022.12.06,00:00,11788.319,11821.899,11764.209,11815.679
2022.12.06,04:00,11815.659,11828.289,11772.249,11803.799
2022.12.06,08:00,11803.787,11815.799,11575.699,11602.349
2022.12.06,12:00,11602.669,11620.099,11487.919,11551.989
2022.12.06,16:00,11551.209,11572.989,11539.469,11557.189
2022.12.06,20:00,11557.649,11580.719,11551.389,11574.369
2022.12.07,00:00,11574.509,11577.709,11526.119,11552.419
2022.12.07,04:00,11552.699,11552.859,11408.419,11431.319
2022.12.07,08:00,11431.367,11581.929,11426.659,11491.379
2022.12.07,12:00,11491.399,11543.469,11459.379,11492.389
2022.12.07,16:00,11492.969,11501.689,11463.619,11463.989
2022.12.07,20:00,11464.139,11481.919,11419.259,11473.959
2022.12.08,00:00,11474.269,11525.679,11463.609,11520.979
2022.12.08,04:00,11520.929,11542.989,11502.409,11540.589
2022.12.08,08:00,11541.119,11660.139,11463.159,11624.049
2022.12.08,12:00,11623.739,11674.799,11567.809,11633.399
2022.12.08,16:00,11633.359,11645.199,11612.599,11618.709
2022.12.08,20:00,11618.179,11675.759,11616.679,11666.999
2022.12.09,00:00,11666.189,11704.819,11664.639,11678.649
2022.12.09,04:00,11678.339,11723.599,11654.539,11718.299
2022.12.09,08:00,11717.999,11725.779,11507.799,11698.359
2022.12.09,12:00,11698.367,11710.299,11558.359,11562.329
2022.12.09,16:00,11562.689,11566.209,11553.629,11561.399
2022.12.11,16:00,11548.199,11563.389,11519.029,11529.179
2022.12.11,20:00,11529.619,11554.799,11514.139,11548.889
2022.12.12,00:00,11548.379,11570.189,11538.639,11558.999
2022.12.12,04:00,11558.159,11606.699,11555.139,11587.669
2022.12.12,08:00,11587.919,11605.599,11524.789,11582.389
2022.12.12,12:00,11582.789,11707.889,11566.039,11707.889
2022.12.12,16:00,11707.839,11710.599,11680.849,11703.529
2022.12.12,20:00,11703.669,11704.189,11670.359,11687.899
2022.12.13,00:00,11688.039,11736.519,11684.859,11708.659
2022.12.13,04:00,11708.657,11796.499,11703.339,11790.109
2022.12.13,08:00,11789.409,12210.559,11770.009,11870.809
2022.12.13,12:00,11870.837,11883.569,11714.389,11828.679
2022.12.13,16:00,11829.669,11855.289,11811.349,11852.489
2022.12.13,20:00,11852.247,11881.989,11846.159,11866.709
2022.12.14,00:00,11865.809,11877.689,11823.709,11844.159
2022.12.14,04:00,11844.187,11849.909,11787.849,11811.879
2022.12.14,08:00,11812.359,11936.889,11790.589,11907.529
2022.12.14,12:00,11907.809,11943.079,11603.259,11736.799
2022.12.14,16:00,11735.859,11771.997,11726.549,11768.709
2022.12.14,20:00,11768.859,11770.499,11708.249,11728.799
2022.12.15,00:00,11728.279,11741.219,11592.809,11606.979
2022.12.15,04:00,11605.359,11610.999,11563.869,11607.899
2022.12.15,08:00,11607.627,11611.177,11348.129,11357.269
2022.12.15,12:00,11357.579,11389.499,11299.03,11352.099
2022.12.15,16:00,11352.057,11369.699,11339.219,11348.659
2022.12.15,20:00,11349.149,11379.989,11337.759,11338.089
2022.12.16,00:00,11338.039,11367.399,11218.789,11223.759
2022.12.16,04:00,11223.779,11313.899,11205.377,11313.899
2022.12.16,08:00,11313.897,11384.059,11189.627,11196.789
2022.12.16,12:00,11196.717,11289.049,11169.789,11237.049
2022.12.16,16:00,11236.147,11241.809,11203.309,11213.189
2022.12.18,16:00,11221.179,11264.049,11215.719,11254.399
2022.12.18,20:00,11254.319,11274.399,11252.089,11255.219
2022.12.19,00:00,11255.157,11297.089,11223.709,11284.679
2022.12.19,04:00,11284.779,11302.109,11265.669,11281.619
2022.12.19,08:00,11281.677,11287.489,11075.369,11102.229
2022.12.19,12:00,11102.289,11149.319,11026.189,11082.389
2022.12.19,16:00,11083.349,11115.289,11077.149,11112.389
2022.12.19,20:00,11112.669,11121.079,10946.409,10971.179
2022.12.20,00:00,10971.259,11063.889,10937.159,11056.709
2022.12.20,04:00,11056.797,11080.899,11015.019,11016.199
2022.12.20,08:00,11018.529,11140.989,10961.259,11072.759
2022.12.20,12:00,11073.299,11125.119,11051.519,11073.877
2022.12.20,16:00,11073.609,11130.189,11069.079,11122.299
2022.12.20,20:00,11122.207,11159.899,11102.689,11107.349
2022.12.21,00:00,11107.337,11140.019,11095.529,11133.817
2022.12.21,04:00,11133.999,11154.089,11083.319,11125.109
2022.12.21,08:00,11125.057,11275.179,11078.559,11226.039
2022.12.21,12:00,11226.189,11287.387,11201.069,11233.129
2022.12.21,16:00,11233.319,11257.139,11228.089,11252.629
2022.12.21,20:00,11252.829,11276.899,11246.359,11266.819
2022.12.22,00:00,11266.847,11280.709,11244.079,11260.029
2022.12.22,04:00,11260.319,11261.389,11175.099,11190.019
2022.12.22,08:00,11191.339,11196.909,10870.209,10888.119
2022.12.22,12:00,10888.197,10967.389,10778.259,10962.109
2022.12.22,16:00,10962.339,10987.709,10919.689,10921.389
2022.12.22,20:00,10922.089,10985.369,10917.719,10964.889
2022.12.23,00:00,10965.199,10977.259,10935.369,10957.149
2022.12.23,04:00,10957.709,11017.669,10933.609,10996.709
2022.12.23,08:00,10997.079,11049.599,10824.769,10938.519
2022.12.23,12:00,10938.419,10994.089,10924.269,10986.019
2022.12.23,16:00,10986.229,10987.789,10975.219,10976.399
2022.12.26,16:00,11016.369,11067.799,11016.369,11053.459
2022.12.26,20:00,11053.457,11088.499,11051.999,11067.929
2022.12.27,00:00,11068.369,11081.699,11048.709,11058.719
2022.12.27,04:00,11059.219,11059.497,10984.259,10992.939
2022.12.27,08:00,10992.937,11009.389,10801.659,10873.279
2022.12.27,12:00,10873.219,10904.299,10807.849,10826.249
2022.12.27,16:00,10826.439,10841.379,10799.169,10802.799
2022.12.27,20:00,10802.777,10844.999,10800.329,10831.129
2022.12.28,00:00,10831.249,10861.389,10817.309,10833.919
2022.12.28,04:00,10833.827,10859.297,10799.039,10849.339
2022.12.28,08:00,10849.609,10903.347,10700.369,10703.299
2022.12.28,12:00,10703.247,10800.589,10668.209,10681.379
2022.12.28,16:00,10680.549,10706.799,10673.309,10701.257
2022.12.28,20:00,10701.159,10713.599,10690.219,10712.089
2022.12.29,00:00,10712.297,10736.899,10700.829,10730.399
2022.12.29,04:00,10731.399,10771.099,10729.209,10746.409
2022.12.29,08:00,10746.639,10983.399,10744.909,10970.489
2022.12.29,12:00,10971.159,10981.689,10921.799,10944.129
2022.12.29,16:00,10945.869,10953.317,10924.939,10927.749
2022.12.29,20:00,10927.767,10940.707,10915.889,10933.399
2022.12.30,00:00,10933.779,10935.397,10857.439,10860.929
2022.12.30,04:00,10861.017,10921.199,10837.309,10842.339
2022.12.30,08:00,10842.479,10882.389,10767.899,10858.129
2022.12.30,12:00,10858.719,10941.009,10790.649,10937.589
2022.12.30,16:00,10938.419,10958.099,10930.609,10957.689
2023.01.02,16:00,11047.869,11063.169,10908.839,10910.667
2023.01.02,20:00,10910.529,10950.879,10865.509,10935.699
2023.01.03,00:00,10935.999,11046.399,10935.539,11040.389
2023.01.03,04:00,11042.719,11084.299,10966.409,11010.829
2023.01.03,08:00,11010.837,11095.929,10777.119,10791.759
2023.01.03,12:00,10791.589,10890.417,10764.379,10861.389
2023.01.03,16:00,10861.707,10878.819,10836.069,10865.859
2023.01.03,20:00,10866.289,10900.799,10864.279,10899.179
2023.01.04,00:00,10899.279,10966.909,10881.169,10935.319
2023.01.04,04:00,10935.277,10944.289,10888.539,10906.819
2023.01.04,08:00,10907.179,10982.649,10781.099,10961.859
2023.01.04,12:00,10962.389,10978.637,10816.719,10912.539
2023.01.04,16:00,10912.539,10920.099,10895.769,10895.849
2023.01.04,20:00,10896.009,10909.789,10848.519,10897.309
2023.01.05,00:00,10897.247,10906.987,10845.419,10876.489
2023.01.05,04:00,10876.369,10960.077,10859.079,10921.959
2023.01.05,08:00,10922.809,10934.789,10730.239,10778.299
2023.01.05,12:00,10778.549,10837.629,10729.539,10744.117
2023.01.05,16:00,10744.159,10775.999,10740.709,10774.119
2023.01.05,20:00,10774.309,10808.099,10769.889,10797.709
2023.01.06,00:00,10797.697,10797.989,10735.399,10751.619
2023.01.06,04:00,10751.517,10752.289,10701.749,10718.189
2023.01.06,08:00,10718.839,10965.119,10674.649,10945.509
2023.01.06,12:00,10945.729,11086.249,10919.499,11037.569
2023.01.06,16:00,11037.507,11041.467,11015.509,11024.079
2023.01.08,16:00,11047.919,11080.887,11044.519,11071.699
2023.01.08,20:00,11071.647,11098.697,11052.289,11094.709
2023.01.09,00:00,11094.697,11094.809,11041.569,11048.979
2023.01.09,04:00,11049.109,11107.279,11047.059,11091.209
2023.01.09,08:00,11091.549,11307.007,11067.459,11290.309
2023.01.09,12:00,11290.319,11293.909,11084.549,11109.729
2023.01.09,16:00,11109.987,11113.409,11064.139,11075.169
2023.01.09,20:00,11075.299,11100.549,11046.139,11067.209
2023.01.10,00:00,11067.117,11117.409,11060.869,11092.839
2023.01.10,04:00,11092.867,11127.117,11015.669,11038.869
2023.01.10,08:00,11039.097,11205.299,11018.129,11115.569
2023.01.10,12:00,11115.537,11208.649,11081.409,11208.649
2023.01.10,16:00,11209.149,11223.597,11191.739,11218.519
2023.01.10,20:00,11218.577,11219.109,11192.649,11199.409
2023.01.11,00:00,11199.377,11213.619,11165.0,11188.709
2023.01.11,04:00,11189.119,11246.219,11184.119,11220.189
2023.01.11,08:00,11220.249,11313.767,11214.689,11302.089
2023.01.11,12:00,11302.189,11400.259,11301.179,11396.619
2023.01.11,16:00,11396.829,11399.289,11383.349,11390.899
2023.01.11,20:00,11390.999,11411.997,11382.329,11407.389
2023.01.12,00:00,11407.159,11409.289,11371.209,11391.407
2023.01.12,04:00,11391.189,11416.789,11369.649,11416.329
2023.01.12,08:00,11416.609,11499.029,11215.369,11417.019
2023.01.12,12:00,11416.519,11502.159,11380.009,11459.589
2023.01.12,16:00,11459.379,11465.679,11440.729,11446.099
2023.01.12,20:00,11446.089,11453.889,11397.659,11417.539
2023.01.13,00:00,11417.779,11454.299,11408.749,11451.229
2023.01.13,04:00,11450.899,11460.109,11331.609,11339.049
2023.01.13,08:00,11339.679,11470.069,11316.159,11416.269
2023.01.13,12:00,11416.519,11551.299,11412.369,11539.639
2023.01.13,16:00,11539.869,11542.609,11518.519,11523.029
2023.01.15,16:00,11541.349,11550.489,11513.659,11535.909
2023.01.15,20:00,11535.807,11569.209,11532.639,11549.059
2023.01.16,00:00,11548.559,11550.789,11466.0,11468.379
2023.01.16,04:00,11468.789,11512.409,11441.549,11499.599
2023.01.16,08:00,11499.659,11542.889,11497.839,11502.319
2023.01.16,12:00,11502.399,11516.589,11493.529,11495.169
2023.01.16,16:00,11503.399,11532.197,11499.809,11518.389
2023.01.16,20:00,11518.317,11522.219,11473.219,11476.329
2023.01.17,00:00,11476.219,11499.799,11461.339,11491.839
2023.01.17,04:00,11492.019,11519.399,11470.009,11491.609
2023.01.17,08:00,11491.869,11617.289,11473.359,11549.809
2023.01.17,12:00,11549.849,11582.199,11520.629,11557.319
2023.01.17,16:00,11557.719,11569.799,11513.199,11523.259
2023.01.17,20:00,11523.359,11623.079,11522.259,11576.719
2023.01.18,00:00,11576.629,11593.599,11545.569,11566.389
2023.01.18,04:00,11566.139,11605.299,11545.519,11602.049
2023.01.18,08:00,11602.057,11691.399,11451.149,11482.779
2023.01.18,12:00,11482.727,11491.749,11404.119,11413.609
2023.01.18,16:00,11413.709,11418.919,11382.249,11384.847
2023.01.18,20:00,11384.989,11408.889,11379.139,11400.619
2023.01.19,00:00,11400.729,11418.909,11360.339,11372.599
2023.01.19,04:00,11371.739,11395.609,11289.139,11296.369
2023.01.19,08:00,11296.679,11379.649,11247.689,11267.119
2023.01.19,12:00,11267.069,11390.589,11266.329,11293.329
2023.01.19,16:00,11294.299,11353.909,11292.719,11336.989
2023.01.19,20:00,11336.719,11343.747,11325.229,11335.549
2023.01.20,00:00,11335.507,11369.299,11316.339,11332.619
2023.01.20,04:00,11332.769,11381.289,11302.029,11373.229
2023.01.20,08:00,11373.569,11482.689,11320.809,11463.719
2023.01.20,12:00,11463.777,11622.289,11445.549,11613.149
2023.01.20,16:00,11612.279,11614.389,11595.849,11603.569
2023.01.22,16:00,11615.379,11621.589,11587.169,11594.739
2023.01.22,20:00,11594.737,11609.069,11592.029,11603.419
2023.01.23,00:00,11603.337,11641.999,11592.359,11599.289
2023.01.23,04:00,11599.749,11638.999,11589.009,11621.079
2023.01.23,08:00,11622.049,11894.819,11609.279,11884.009
2023.01.23,12:00,11884.279,11921.049,11797.579,11868.299
2023.01.23,16:00,11868.039,11870.609,11849.749,11855.699
2023.01.23,20:00,11855.839,11872.399,11847.039,11864.799
2023.01.24,00:00,11864.787,11878.799,11842.389,11857.839
2023.01.24,04:00,11858.059,11859.099,11808.019,11815.409
2023.01.24,08:00,11815.559,11889.269,11770.659,11854.579
2023.01.24,12:00,11853.509,11875.799,11798.039,11845.619
2023.01.24,16:00,11845.989,11947.639,11749.519,11760.069
2023.01.24,20:00,11759.159,11770.599,11735.859,11756.269
2023.01.25,00:00,11756.267,11795.089,11750.729,11768.589
2023.01.25,04:00,11768.367,11771.399,11669.829,11699.889
2023.01.25,08:00,11699.877,11730.519,11547.169,11707.019
2023.01.25,12:00,11708.059,11842.769,11675.149,11816.189
2023.01.25,16:00,11816.129,11861.339,11787.669,11838.529
2023.01.25,20:00,11839.099,11861.059,11819.219,11855.599
2023.01.26,00:00,11855.419,11902.089,11851.779,11875.779
2023.01.26,04:00,11875.737,11941.779,11855.139,11932.509
2023.01.26,08:00,11932.577,12016.299,11846.809,11914.269
2023.01.26,12:00,11914.349,12054.859,11911.109,12048.789
2023.01.26,16:00,12049.349,12056.889,11977.669,11991.209
2023.01.26,20:00,11991.117,12000.899,11968.309,11976.289
2023.01.27,00:00,11976.239,11988.299,11959.009,11970.679
2023.01.27,04:00,11970.707,12014.799,11962.299,11974.887
2023.01.27,08:00,11974.719,12153.789,11966.789,12140.859
2023.01.27,12:00,12140.807,12251.489,12131.029,12166.709
2023.01.27,16:00,12166.689,12175.989,12156.859,12166.169
2023.01.29,16:00,12150.309,12194.299,12133.829,12151.239
2023.01.29,20:00,12151.227,12152.919,12112.819,12122.589
2023.01.30,00:00,12122.489,12122.489,12026.869,12035.259
2023.01.30,04:00,12036.379,12060.899,11982.339,12026.589
2023.01.30,08:00,12027.529,12088.299,11929.089,12006.709
2023.01.30,12:00,12005.899,12014.579,11907.129,11916.889
2023.01.30,16:00,11916.817,11949.899,11915.049,11940.209
2023.01.30,20:00,11940.639,11948.889,11867.219,11882.729
2023.01.31,00:00,11882.839,11927.299,11852.369,11867.709
2023.01.31,04:00,11869.099,11884.389,11816.529,11876.079
2023.01.31,08:00,11877.519,12041.799,11866.809,12013.759
2023.01.31,12:00,12013.777,12102.299,11988.559,12097.309
2023.01.31,16:00,12098.219,12100.399,12031.759,12033.599
2023.01.31,20:00,12033.619,12064.309,12030.139,12052.339
2023.02.01,00:00,12052.347,12093.289,12046.099,12072.089
2023.02.01,04:00,12072.339,12114.069,12049.309,12099.547
2023.02.01,08:00,12099.409,12105.049,12024.129,12069.819
2023.02.01,12:00,12070.329,12464.169,12005.557,12367.889
2023.02.01,16:00,12367.339,12506.689,12345.509,12483.529
2023.02.01,20:00,12484.019,12492.059,12448.719,12487.549
2023.02.02,00:00,12487.527,12552.787,12455.629,12551.799
2023.02.02,04:00,12552.099,12560.899,12500.239,12558.889
2023.02.02,08:00,12559.039,12785.289,12536.349,12732.109
2023.02.02,12:00,12732.539,12880.699,12637.629,12797.699
2023.02.02,16:00,12798.559,12894.889,12600.129,12617.899
2023.02.02,20:00,12617.697,12622.399,12564.309,12601.359
2023.02.03,00:00,12600.909,12621.399,12527.059,12555.399
2023.02.03,04:00,12557.859,12683.299,12544.199,12679.149
2023.02.03,08:00,12679.869,12829.099,12497.209,12727.409
2023.02.03,12:00,12726.919,12793.869,12530.189,12573.159
2023.02.03,16:00,12572.399,12578.569,12561.039,12564.749
2023.02.05,16:00,12518.249,12553.989,12499.389,12533.209
2023.02.05,20:00,12533.399,12552.189,12508.489,12515.479
2023.02.06,00:00,12516.139,12528.689,12479.349,12483.839
2023.02.06,04:00,12484.509,12488.319,12406.919,12476.869
2023.02.06,08:00,12477.249,12561.889,12410.329,12491.819
2023.02.06,12:00,12492.119,12526.589,12421.209,12467.259
2023.02.06,16:00,12467.669,12506.609,12459.619,12504.879
2023.02.06,20:00,12505.049,12518.489,12481.519,12483.039
2023.02.07,00:00,12483.089,12503.769,12428.179,12468.169
2023.02.07,04:00,12467.729,12525.389,12467.649,12512.779
2023.02.07,08:00,12512.777,12550.599,12434.189,12527.909
2023.02.07,12:00,12527.899,12771.617,12413.789,12726.279
2023.02.07,16:00,12725.379,12727.899,12674.509,12715.749
2023.02.07,20:00,12715.777,12749.399,12704.049,12739.879
2023.02.08,00:00,12740.059,12760.199,12669.699,12701.919
2023.02.08,04:00,12702.159,12734.819,12676.609,12691.909
2023.02.08,08:00,12692.619,12707.099,12473.109,12536.499
2023.02.08,12:00,12536.789,12577.999,12468.619,12496.649
2023.02.08,16:00,12496.669,12529.709,12485.759,12526.139
2023.02.08,20:00,12526.229,12546.789,12521.219,12530.299
2023.02.09,00:00,12530.257,12625.309,12508.639,12609.859
2023.02.09,04:00,12611.169,12674.287,12604.239,12615.809
2023.02.09,08:00,12615.857,12682.617,12514.949,12539.309
2023.02.09,12:00,12539.599,12572.759,12324.229,12384.269
2023.02.09,16:00,12385.399,12405.399,12358.089,12369.749
2023.02.09,20:00,12369.859,12381.189,12332.839,12343.689
2023.02.10,00:00,12343.769,12400.599,12343.169,12373.909
2023.02.10,04:00,12374.189,12383.377,12225.269,12241.229
2023.02.10,08:00,12241.257,12378.559,12236.029,12240.609
2023.02.10,12:00,12240.527,12327.387,12201.699,12304.609
2023.02.10,16:00,12304.557,12307.639,12296.309,12299.259
2023.02.12,16:00,12319.949,12323.499,12248.009,12268.739
2023.02.12,20:00,12268.707,12271.807,12222.989,12241.889
2023.02.13,00:00,12242.009,12313.699,12240.529,12310.019
2023.02.13,04:00,12309.927,12390.689,12309.927,12370.639
2023.02.13,08:00,12371.779,12507.109,12310.509,12488.559
2023.02.13,12:00,12488.849,12525.909,12441.749,12503.787
2023.02.13,16:00,12502.659,12508.299,12478.309,12490.079
2023.02.13,20:00,12490.297,12498.919,12461.329,12480.789
2023.02.14,00:00,12480.689,12514.389,12471.739,12486.069
2023.02.14,04:00,12486.027,12556.889,12482.259,12548.719
2023.02.14,08:00,12548.737,12641.209,12348.339,12425.079
2023.02.14,12:00,12424.189,12622.089,12414.589,12588.339
2023.02.14,16:00,12588.799,12591.069,12541.029,12544.419
2023.02.14,20:00,12544.327,12555.419,12494.519,12515.909
2023.02.15,00:00,12516.009,12535.589,12483.819,12526.149
2023.02.15,04:00,12526.349,12572.389,12513.409,12546.899
2023.02.15,08:00,12546.919,12628.339,12478.219,12604.049
2023.02.15,12:00,12604.679,12690.397,12564.619,12690.279
2023.02.15,16:00,12690.289,12724.909,12681.759,12719.029
2023.02.15,20:00,12719.329,12747.719,12715.649,12735.059
2023.02.16,00:00,12734.879,12738.807,12697.869,12699.909
2023.02.16,04:00,12699.817,12713.897,12634.549,12643.019
2023.02.16,08:00,12642.799,12645.907,12452.889,12603.799
2023.02.16,12:00,12603.797,12656.997,12436.689,12442.227
2023.02.16,16:00,12443.169,12445.619,12381.049,12391.109
2023.02.16,20:00,12391.809,12408.599,12360.869,12372.609
2023.02.17,00:00,12372.689,12375.617,12297.509,12333.569
2023.02.17,04:00,12333.527,12367.589,12302.729,12340.579
2023.02.17,08:00,12340.797,12382.899,12240.819,12268.139
2023.02.17,12:00,12268.197,12372.639,12231.089,12356.319
2023.02.17,16:00,12357.219,12359.987,12347.219,12351.019
2023.02.19,16:00,12324.079,12324.609,12311.109,12319.149
2023.02.19,20:00,12319.119,12370.339,12316.829,12358.839
2023.02.20,00:00,12359.109,12367.299,12326.759,12338.579
2023.02.20,04:00,12338.689,12381.699,12318.659,12365.799
2023.02.20,08:00,12366.239,12368.289,12338.009,12340.609
2023.02.20,12:00,12331.857,12331.857,12331.857,12331.857
2023.02.20,16:00,12343.159,12343.599,12308.309,12312.199
2023.02.20,20:00,12312.207,12325.489,12298.899,12309.369
2023.02.21,00:00,12309.549,12323.399,12192.809,12197.609
2023.02.21,04:00,12199.349,12279.297,12193.749,12228.149
2023.02.21,08:00,12204.677,12255.099,12112.359,12118.099
2023.02.21,12:00,12138.409,12141.719,12059.269,12064.329
2023.02.21,16:00,12080.669,12089.399,12074.819,12088.659
2023.02.21,20:00,12088.897,12109.299,12079.379,12095.099
2023.02.22,00:00,12095.047,12111.297,12030.629,12062.099
2023.02.22,04:00,12062.209,12129.397,12037.129,12110.899
2023.02.22,08:00,12090.549,12093.097,12003.559,12069.379
2023.02.22,12:00,12078.809,12138.389,12016.769,12071.499
2023.02.22,16:00,12133.367,12144.197,12132.309,12135.239
2023.02.22,20:00,12135.297,12178.699,12130.719,12172.229
2023.02.23,00:00,12172.349,12191.907,12140.819,12172.019
2023.02.23,04:00,12172.279,12190.319,12116.609,12173.809
2023.02.23,08:00,12180.079,12216.309,12002.559,12004.369
2023.02.23,12:00,12088.297,12220.417,12076.999,12179.319
2023.02.23,16:00,12144.339,12168.577,12141.229,12165.049
2023.02.23,20:00,12165.119,12184.809,12133.959,12148.239
2023.02.24,00:00,12148.599,12157.787,12105.319,12107.089
2023.02.24,04:00,12106.907,12118.299,12052.739,12069.879
2023.02.24,08:00,11969.007,12014.339,11898.599,11911.029
2023.02.24,12:00,11966.049,11988.239,11913.389,11981.319
2023.02.24,16:00,11973.357,11978.787,11964.709,11974.369
2023.02.26,16:00,11978.099,11999.419,11964.329,11990.367
2023.02.26,20:00,11990.189,12019.907,11989.919,12005.317
2023.02.27,00:00,12005.039,12047.029,11980.679,12030.897
2023.02.27,04:00,12030.639,12052.007,12022.879,12026.919
2023.02.27,08:00,12033.417,12126.879,12028.529,12073.879
2023.02.27,12:00,12101.557,12117.799,12032.819,12057.109
2023.02.27,16:00,12066.899,12085.167,12061.739,12077.309
2023.02.27,20:00,12077.139,12101.699,12070.229,12079.509
2023.02.28,00:00,12079.607,12079.607,12003.029,12031.019
2023.02.28,04:00,12031.859,12119.257,12019.229,12110.399
2023.02.28,08:00,12110.367,12112.289,12048.229,12069.579
2023.02.28,12:00,12063.057,12147.699,12062.719,12099.329
2023.02.28,16:00,12039.489,12043.899,11971.569,11974.069
2023.02.28,20:00,11974.107,12050.499,11963.179,12044.279
2023.03.01,00:00,12044.719,12090.989,12037.279,12079.619
2023.03.01,04:00,12079.637,12111.289,12074.229,12089.119
2023.03.01,08:00,12024.407,12044.609,11904.109,11987.609
2023.03.01,12:00,11956.407,11961.059,11914.359,11929.009
2023.03.01,16:00,11942.599,11966.799,11920.919,11922.219
2023.03.01,20:00,11922.669,11925.497,11831.099,11879.299
2023.03.02,00:00,11879.819,11882.097,11807.899,11857.649
2023.03.02,04:00,11857.667,11893.769,11834.159,11854.759
2023.03.02,08:00,11855.099,11917.079,11813.569,11885.779
2023.03.02,12:00,11979.559,12031.999,11979.559,12012.619
2023.03.02,16:00,12045.819,12052.519,12000.719,12016.649
2023.03.02,20:00,12016.617,12035.607,11990.589,12011.799
2023.03.03,00:00,12011.339,12053.667,11997.409,12045.109
2023.03.03,04:00,12045.167,12102.089,12041.709,12063.539
2023.03.03,08:00,12170.209,12212.999,12111.269,12165.819
2023.03.03,12:00,12203.299,12301.289,12196.379,12291.019
2023.03.05,16:00,12271.517,12285.119,12263.779,12276.989
2023.03.05,20:00,12276.579,12357.539,12265.509,12319.509
2023.03.06,00:00,12319.729,12338.389,12288.589,12319.159
2023.03.06,04:00,12319.197,12323.187,12275.569,12280.089
2023.03.06,08:00,12308.407,12361.197,12302.879,12347.009
2023.03.06,12:00,12441.229,12449.119,12335.769,12343.589
2023.03.06,16:00,12304.817,12317.659,12293.029,12310.739
2023.03.06,20:00,12310.869,12352.909,12302.739,12347.779
2023.03.07,00:00,12347.857,12349.119,12311.409,12338.199
2023.03.07,04:00,12329.799,12347.397,12321.559,12327.769
2023.03.07,08:00,12325.297,12344.109,12193.189,12207.509
2023.03.07,12:00,12244.669,12247.709,12128.679,12153.469
2023.03.07,16:00,12160.319,12164.919,12135.469,12149.679
2023.03.07,20:00,12149.889,12167.699,12124.169,12145.949
2023.03.08,00:00,12146.659,12175.397,12132.639,12167.749
2023.03.08,04:00,12167.797,12183.389,12135.889,12152.839
2023.03.08,08:00,12161.877,12239.499,12140.289,12229.919
2023.03.08,12:00,12177.369,12230.489,12127.279,12214.009
2023.03.08,16:00,12208.299,12209.599,12169.219,12195.319
2023.03.08,20:00,12195.387,12202.097,12165.509,12186.989
2023.03.09,00:00,12187.389,12201.049,12146.429,12161.259
2023.03.09,04:00,12161.459,12161.689,12127.709,12158.519
2023.03.09,08:00,12149.277,12338.989,12134.959,12289.179
2023.03.09,12:00,12274.109,12279.207,12056.239,12063.059
2023.03.09,16:00,11998.179,12011.689,11944.209,11953.349
2023.03.09,20:00,11953.397,11972.499,11914.319,11925.619
2023.03.10,00:00,11925.557,11989.679,11911.779,11962.249
2023.03.10,04:00,11962.237,12036.799,11956.209,12013.179
2023.03.10,08:00,12058.277,12075.699,11855.179,11961.719
2023.03.10,12:00,11798.899,11899.399,11787.859,11831.609
2023.03.12,16:00,11941.989,12012.389,11926.039,11975.129
2023.03.12,20:00,11975.157,12063.787,11939.779,12036.709
2023.03.13,00:00,12036.999,12084.307,11912.299,11917.619
2023.03.13,04:00,11918.089,11993.097,11847.509,11925.579
2023.03.13,08:00,11772.179,12052.309,11695.459,12026.309
2023.03.13,12:00,11968.099,12054.179,11909.169,11933.339
2023.03.13,16:00,11954.549,11975.397,11920.309,11952.129
2023.03.13,20:00,11952.499,11998.889,11938.179,11975.159
2023.03.14,00:00,11974.619,11988.799,11916.209,11983.309
2023.03.14,04:00,11983.519,12061.377,11898.519,12047.239
2023.03.14,08:00,12122.869,12209.709,12108.729,12182.139
2023.03.14,12:00,12096.289,12206.409,12029.729,12173.179
2023.03.14,16:00,12176.189,12196.489,12171.689,12183.519
2023.03.14,20:00,12183.557,12234.379,12181.109,12206.709
2023.03.15,00:00,12206.879,12227.589,12181.139,12189.809
2023.03.15,04:00,12189.599,12193.389,11958.609,12012.029
2023.03.15,12:00,12157.679,12275.897,12123.279,12258.519
2023.03.15,16:00,12260.789,12323.887,12250.809,12319.169
2023.03.15,20:00,12319.157,12329.189,12281.359,12314.649
2023.03.16,00:00,12314.707,12323.039,12255.589,12284.759
2023.03.16,04:00,12284.759,12296.197,12244.149,12278.689
2023.03.16,08:00,12240.757,12535.889,12182.167,12514.609
2023.03.16,12:00,12540.687,12558.789,12501.369,12555.589
2023.03.16,16:00,12566.829,12585.489,12554.479,12568.689
2023.03.16,20:00,12568.497,12599.699,12563.319,12598.309
2023.03.17,00:00,12598.479,12628.499,12577.209,12586.929
2023.03.17,04:00,12587.209,12603.299,12560.419,12597.309
2023.03.17,08:00,12538.797,12625.889,12440.059,12485.109
2023.03.17,12:00,12507.239,12563.999,12474.359,12531.179
2023.03.19,16:00,12571.299,12596.167,12554.399,12580.279
2023.03.19,20:00,12579.189,12579.487,12505.379,12525.819
2023.03.20,00:00,12526.039,12536.799,12395.099,12486.709
2023.03.20,04:00,12486.897,12557.079,12472.709,12541.319
2023.03.20,08:00,12435.029,12522.649,12425.239,12509.239
2023.03.20,12:00,12533.667,12570.289,12506.229,12569.099
2023.03.20,16:00,12567.869,12606.609,12552.929,12573.639
2023.03.20,20:00,12573.909,12580.009,12546.389,12566.609
2023.03.21,00:00,12567.199,12611.669,12561.239,12580.689
2023.03.21,04:00,12580.639,12661.209,12563.939,12633.499
2023.03.21,08:00,12602.389,12656.899,12581.859,12648.029
2023.03.21,12:00,12708.599,12766.209,12706.629,12743.369
2023.03.21,16:00,12734.399,12742.399,12725.0,12734.389
2023.03.21,20:00,12734.609,12753.389,12731.039,12748.769
2023.03.22,00:00,12748.717,12750.299,12676.909,12684.319
2023.03.22,04:00,12685.039,12734.299,12678.069,12721.049
2023.03.22,08:00,12751.299,12805.709,12732.589,12759.069
2023.03.22,12:00,12790.889,12948.619,12563.329,12568.199
2023.03.22,16:00,12569.019,12599.109,12566.019,12589.109
2023.03.22,20:00,12589.169,12642.299,12585.829,12638.389
2023.03.23,00:00,12638.177,12721.099,12630.119,12707.359
2023.03.23,04:00,12707.889,12710.789,12657.819,12688.709
2023.03.23,08:00,12757.519,12877.389,12754.849,12830.779
2023.03.23,12:00,12764.679,12784.999,12608.037,12706.859
2023.03.23,16:00,12747.089,12751.389,12706.849,12726.039
2023.03.23,20:00,12726.017,12740.689,12692.649,12727.659
2023.03.24,00:00,12727.627,12790.599,12693.229,12728.299
2023.03.24,04:00,12728.057,12746.599,12624.109,12679.289
2023.03.24,08:00,12692.277,12731.109,12628.529,12677.747
2023.03.24,12:00,12689.249,12785.889,12682.119,12776.239
2023.03.26,16:00,12784.019,12817.619,12778.599,12809.199
2023.03.26,20:00,12824.899,12836.389,12782.539,12826.219
2023.03.27,00:00,12826.117,12851.199,12724.699,12745.619
2023.03.27,04:00,12745.639,12817.349,12742.699,12803.389
2023.03.27,08:00,12790.759,12841.389,12735.219,12738.329
2023.03.27,12:00,12667.069,12747.549,12644.689,12675.267
2023.03.27,16:00,12675.059,12703.579,12675.059,12700.569
2023.03.27,20:00,12700.309,12701.499,12669.189,12686.569
2023.03.28,00:00,12686.899,12711.089,12634.539,12640.089
2023.03.28,04:00,12639.989,12655.299,12629.719,12642.509
2023.03.28,08:00,12666.209,12672.999,12561.769,12570.617
2023.03.28,12:00,12593.329,12596.819,12516.899,12562.699
2023.03.28,16:00,12614.099,12635.489,12612.769,12623.779
2023.03.28,20:00,12639.059,12670.599,12637.859,12653.499
2023.03.29,00:00,12653.329,12735.619,12651.559,12720.259
2023.03.29,04:00,12720.277,12735.099,12706.749,12718.809
2023.03.29,08:00,12718.859,12812.389,12712.509,12739.099
2023.03.29,12:00,12776.809,12869.589,12768.239,12847.399
2023.03.29,16:00,12832.457,12836.399,12817.859,12819.459
2023.03.29,20:00,12819.679,12837.689,12808.019,12819.529
2023.03.30,00:00,12819.889,12881.899,12818.389,12869.349
2023.03.30,04:00,12869.529,12917.109,12863.459,12908.699
2023.03.30,08:00,12927.517,12989.919,12910.829,12956.629
2023.03.30,12:00,12929.899,12968.989,12890.089,12962.399
2023.03.30,16:00,12958.147,12975.889,12957.189,12974.079
2023.03.30,20:00,12973.299,13014.989,12971.029,13007.289
2023.03.31,00:00,13007.399,13015.489,12957.669,12972.229
2023.03.31,04:00,12972.257,12973.809,12947.129,12954.749
2023.03.31,08:00,12952.099,13091.799,12936.039,13091.279
2023.03.31,12:00,13091.519,13187.899,13086.169,13173.909
2023.03.31,16:00,13173.139,13186.119,13169.379,13185.029
2023.04.02,16:00,13134.687,13139.309,13113.149,13116.359
2023.04.02,20:00,13116.549,13116.609,13076.119,13092.799
2023.04.03,00:00,13092.599,13122.809,13085.349,13118.129
2023.04.03,04:00,13118.207,13122.399,13079.379,13096.689
2023.04.03,08:00,13086.689,13146.999,13056.049,13059.299
2023.04.03,12:00,13067.329,13106.899,13040.399,13105.159
2023.04.03,16:00,13150.819,13150.829,13122.349,13123.559
2023.04.03,20:00,13123.797,13134.889,13102.779,13121.049
2023.04.04,00:00,13120.379,13140.899,13109.579,13116.089
2023.04.04,04:00,13115.559,13224.989,13114.589,13200.049
2023.04.04,08:00,13200.087,13207.389,13085.119,13109.489
2023.04.04,12:00,13099.359,13127.109,13046.679,13101.359
2023.04.04,16:00,13108.259,13112.879,13102.469,13108.839
2023.04.04,20:00,13117.739,13124.289,13099.499,13103.299
2023.04.05,00:00,13102.519,13108.089,13070.439,13077.409
2023.04.05,04:00,13077.317,13098.699,13053.849,13085.859
2023.04.05,08:00,13077.317,13084.809,12905.209,12935.259
2023.04.05,12:00,12936.109,12978.999,12892.529,12966.179
2023.04.05,16:00,12966.169,12969.109,12938.139,12942.189
2023.04.05,20:00,12942.339,12947.587,12903.709,12911.229
2023.04.06,00:00,12911.297,12964.779,12904.049,12950.259
2023.04.06,04:00,12949.819,12956.299,12870.729,12952.609
2023.04.06,08:00,12953.249,13017.109,12842.819,13013.399
2023.04.06,12:00,13013.729,13077.799,13008.549,13059.079
2023.04.06,16:00,13059.099,13059.099,13036.849,13046.119
2023.04.09,20:00,13042.817,13049.989,13017.419,13027.379
2023.04.10,00:00,13027.327,13027.897,12993.749,13017.779
2023.04.10,04:00,13018.079,13050.109,12978.769,12996.719
2023.04.10,08:00,12945.747,12979.909,12854.879,12943.009
2023.04.10,12:00,13004.849,13053.499,12999.229,13053.369
2023.04.10,16:00,13054.379,13062.239,13051.669,13060.599
2023.04.10,20:00,13060.399,13074.799,13037.049,13040.279
2023.04.11,00:00,13040.237,13067.699,13033.059,13053.559
2023.04.11,04:00,13053.999,13096.899,13014.109,13024.549
2023.04.11,08:00,13024.899,13051.579,12949.569,12955.777
2023.04.11,12:00,12989.589,13024.669,12952.829,12966.387
2023.04.11,20:00,12979.889,12983.789,12957.109,12963.269
2023.04.12,00:00,12963.307,12975.099,12928.789,12952.239
2023.04.12,04:00,12952.217,12991.119,12951.059,12961.109
2023.04.12,08:00,12982.239,13131.399,12869.229,12964.529
2023.04.12,12:00,12979.739,13002.369,12876.529,12894.019
2023.04.12,16:00,12849.789,12855.389,12817.529,12822.769
2023.04.12,20:00,12822.799,12869.099,12821.569,12864.149
2023.04.13,00:00,12864.499,12900.499,12853.739,12878.869
2023.04.13,04:00,12878.907,12909.299,12858.009,12872.379
2023.04.13,08:00,12856.209,13032.879,12848.639,13004.789
2023.04.13,12:00,13035.909,13114.089,13031.079,13102.779
2023.04.13,16:00,13107.089,13107.779,13071.999,13089.679
2023.04.13,20:00,13087.029,13110.489,13078.769,13093.539
2023.04.14,00:00,13093.739,13112.099,13074.609,13103.089
2023.04.14,04:00,13103.047,13106.699,13022.249,13040.719
2023.04.14,08:00,13016.019,13152.099,13010.869,13040.789
2023.04.14,12:00,12970.419,13090.829,12960.369,13080.889
2023.04.16,16:00,13108.199,13108.199,13085.529,13093.859
2023.04.16,20:00,13085.579,13095.299,13073.589,13080.799
2023.04.17,00:00,13081.269,13117.289,13074.519,13107.199
2023.04.17,04:00,13106.869,13110.839,13055.749,13086.389
2023.04.17,08:00,13078.039,13093.349,13012.109,13039.079
2023.04.17,12:00,13002.699,13047.039,12977.619,13043.397
2023.04.17,16:00,13090.399,13096.289,13075.239,13081.259
2023.04.17,20:00,13077.139,13082.589,13065.379,13068.399
2023.04.18,00:00,13068.619,13100.089,13059.589,13091.899
2023.04.18,04:00,13091.637,13182.539,13091.519,13165.309
2023.04.18,08:00,13176.809,13197.899,13056.029,13076.069
2023.04.18,12:00,13065.777,13101.389,13041.719,13062.219
2023.04.18,16:00,13091.549,13095.559,13049.869,13083.229
2023.04.18,20:00,13076.419,13088.789,13064.529,13073.599
2023.04.19,00:00,13073.599,13073.989,13012.779,13031.149
2023.04.19,04:00,13031.269,13042.099,12967.509,12992.319
2023.04.19,08:00,12982.239,13054.109,12977.779,13044.009
2023.04.19,12:00,13078.899,13128.707,13068.749,13110.529
2023.04.19,16:00,13086.899,13095.199,13044.559,13049.069
2023.04.19,20:00,13030.279,13055.299,13025.039,13042.729
2023.04.20,00:00,13043.299,13043.809,12962.309,12970.679
2023.04.20,04:00,12971.499,12975.799,12927.569,12966.629
2023.04.20,08:00,12949.879,13058.789,12935.009,13046.899
2023.04.20,12:00,13046.697,13108.839,12931.539,12986.279
2023.04.20,16:00,12991.609,13001.799,12985.069,12990.869
2023.04.20,20:00,12989.809,13016.099,12986.009,13001.199
2023.04.21,00:00,13001.099,13001.799,12945.639,12968.649
2023.04.21,04:00,12968.717,12999.499,12918.329,12921.789
2023.04.21,08:00,12931.717,12995.399,12893.879,12957.209
2023.04.21,12:00,12996.869,13033.789,12970.869,12998.609
2023.04.21,16:00,13000.799,13007.089,12996.069,12997.079
2023.04.23,16:00,12980.629,12985.799,12971.719,12979.639
2023.04.23,20:00,12979.779,12979.779,12958.039,12963.249
2023.04.24,00:00,12963.297,12964.299,12925.629,12951.137
2023.04.24,04:00,12951.099,13007.879,12935.559,12990.069
2023.04.24,08:00,13006.609,13046.079,12880.309,12891.549
2023.04.24,12:00,12964.839,12977.209,12951.789,12970.889
2023.04.24,16:00,12958.259,12969.399,12956.029,12961.489
2023.04.24,20:00,12961.257,12971.209,12923.149,12923.759
2023.04.25,00:00,12924.399,12938.809,12894.729,12900.129
2023.04.25,04:00,12900.207,12924.899,12878.639,12916.759
2023.04.25,08:00,12911.489,12927.919,12842.859,12867.729
2023.04.25,12:00,12837.609,12840.909,12723.379,12724.649
2023.04.25,16:00,12724.109,12909.079,12719.529,12882.329
2023.04.25,20:00,12876.559,12912.649,12866.759,12886.549
2023.04.26,00:00,12886.589,12909.109,12862.749,12883.389
2023.04.26,04:00,12882.899,12894.799,12840.289,12846.899
2023.04.26,08:00,12809.537,12884.699,12808.139,12860.519
2023.04.26,12:00,12875.189,12886.369,12797.519,12806.809
2023.04.26,16:00,12801.769,12889.909,12800.029,12873.849
2023.04.26,20:00,12875.279,12878.179,12854.769,12870.589
2023.04.27,00:00,12870.779,12934.289,12870.299,12923.099
2023.04.27,04:00,12922.229,12931.409,12899.909,12925.569
2023.04.27,08:00,12939.509,13069.899,12932.709,13059.209
2023.04.27,12:00,13059.167,13175.489,13057.819,13153.789
2023.04.27,16:00,13154.639,13253.539,13125.879,13131.389
2023.04.27,20:00,13131.349,13151.799,13110.389,13122.569
2023.04.28,00:00,13122.649,13156.399,13102.209,13118.819
2023.04.28,04:00,13119.579,13126.999,13096.059,13112.819
2023.04.28,08:00,13107.989,13215.189,13091.059,13131.359
2023.04.28,12:00,13199.917,13216.789,13184.609,13208.239
2023.04.28,16:00,13245.549,13258.699,13241.819,13249.229
2023.04.30,16:00,13242.159,13245.169,13227.119,13232.229
2023.04.30,20:00,13228.729,13265.419,13218.129,13256.109
2023.05.01,00:00,13256.199,13288.799,13247.779,13259.809
2023.05.01,04:00,13259.737,13259.737,13219.059,13226.509
2023.05.01,08:00,13225.709,13258.019,13184.849,13222.039
2023.05.01,12:00,13272.339,13288.889,13210.599,13230.339
2023.05.01,16:00,13213.039,13219.069,13207.789,13209.899
2023.05.01,20:00,13209.419,13229.917,13191.859,13224.059
2023.05.02,00:00,13223.909,13258.207,13217.599,13233.669
2023.05.02,04:00,13233.259,13248.399,13219.709,13223.309
2023.05.02,08:00,13220.159,13237.887,13065.179,13070.109
2023.05.02,12:00,13049.639,13136.289,13042.019,13135.019
2023.05.02,16:00,13113.859,13121.189,13089.119,13110.609
2023.05.02,20:00,13110.829,13123.287,13101.149,13116.999
2023.05.03,00:00,13116.899,13137.887,13106.629,13119.179
2023.05.03,04:00,13119.227,13152.559,13112.709,13143.779
2023.05.03,08:00,13130.169,13171.189,13106.559,13143.719
2023.05.03,12:00,13143.739,13205.319,13021.819,13029.129
2023.05.03,16:00,13013.189,13026.299,13004.209,13025.499
2023.05.03,20:00,13025.789,13085.659,13022.819,13076.259
2023.05.04,00:00,13076.359,13099.019,13029.109,13078.129
2023.05.04,04:00,13077.889,13078.179,13028.019,13038.139
2023.05.04,08:00,13006.657,13042.299,12958.299,12985.059
2023.05.04,12:00,13025.689,13065.409,12973.669,12983.589
2023.05.04,16:00,12983.629,13029.789,12960.809,13026.029
2023.05.04,20:00,13026.067,13046.079,13013.009,13043.299
2023.05.05,00:00,13043.329,13044.589,13008.809,13029.809
2023.05.05,04:00,13030.349,13066.179,13017.299,13055.819
2023.05.05,08:00,13066.777,13209.889,13020.119,13191.379
2023.05.05,12:00,13191.689,13291.709,13172.629,13280.819
2023.05.05,16:00,13257.889,13261.579,13241.579,13248.489
2023.05.07,16:00,13246.339,13262.109,13244.749,13250.669
2023.05.07,20:00,13236.219,13262.299,13226.919,13245.539
2023.05.08,00:00,13245.547,13267.599,13241.549,13251.579
2023.05.08,04:00,13250.549,13256.489,13230.039,13247.289
2023.05.08,08:00,13226.169,13243.409,13188.279,13224.619
2023.05.08,12:00,13257.529,13301.899,13243.819,13289.829
2023.05.08,16:00,13269.509,13274.789,13264.769,13272.199
2023.05.08,20:00,13271.379,13277.399,13262.399,13275.769
2023.05.09,00:00,13276.129,13281.857,13250.309,13253.309
2023.05.09,04:00,13253.719,13260.629,13219.799,13234.339
2023.05.09,08:00,13209.799,13247.389,13198.349,13202.129
2023.05.09,12:00,13202.309,13232.389,13194.799,13213.057
2023.05.09,16:00,13192.909,13210.099,13191.139,13208.849
2023.05.09,20:00,13212.259,13223.109,13204.709,13208.799
2023.05.10,00:00,13208.859,13222.799,13160.329,13163.789
2023.05.10,04:00,13163.597,13183.497,13140.129,13181.559
2023.05.10,08:00,13321.517,13355.207,13258.547,13305.619
2023.05.10,12:00,13270.787,13384.999,13202.367,13349.399
2023.05.10,16:00,13350.369,13363.989,13343.319,13359.319
2023.05.10,20:00,13360.089,13383.299,13359.549,13370.799
2023.05.11,00:00,13371.069,13393.269,13356.029,13379.059
2023.05.11,04:00,13379.109,13401.099,13341.629,13354.059
2023.05.11,08:00,13370.749,13393.109,13310.769,13385.059
2023.05.11,12:00,13394.879,13413.399,13337.109,13390.629
2023.05.11,16:00,13402.559,13402.907,13393.189,13394.129
2023.05.11,20:00,13394.019,13433.049,13392.529,13421.209
2023.05.12,00:00,13421.147,13430.197,13397.219,13404.889
2023.05.12,04:00,13406.329,13432.759,13398.369,13404.809
2023.05.12,08:00,13402.809,13427.347,13311.529,13346.369
2023.05.12,12:00,13268.787,13344.519,13257.339,13340.179
2023.05.14,16:00,13317.099,13318.299,13298.539,13299.619
2023.05.14,20:00,13307.757,13335.589,13291.609,13332.029
2023.05.15,00:00,13332.297,13383.689,13330.119,13378.589
2023.05.15,04:00,13378.537,13388.589,13364.519,13371.079
2023.05.15,08:00,13365.237,13372.579,13317.029,13318.589
2023.05.15,12:00,13389.999,13422.109,13361.569,13416.179
2023.05.15,16:00,13399.399,13404.697,13396.669,13400.509
2023.05.15,20:00,13399.959,13408.987,13393.409,13400.959
2023.05.16,00:00,13400.997,13433.509,13380.619,13428.559
2023.05.16,04:00,13428.599,13430.569,13396.069,13413.179
2023.05.16,08:00,13403.617,13492.999,13372.109,13490.119
2023.05.16,12:00,13490.299,13499.259,13427.149,13427.599
2023.05.16,16:00,13446.819,13452.569,13425.119,13435.049
2023.05.16,20:00,13438.869,13462.389,13436.569,13454.799
2023.05.17,00:00,13454.619,13460.307,13413.539,13424.759
2023.05.17,04:00,13425.179,13460.819,13424.719,13455.799
2023.05.17,08:00,13455.777,13480.497,13417.329,13477.359
2023.05.17,12:00,13548.119,13608.999,13548.009,13569.299
2023.05.17,16:00,13586.709,13588.209,13575.249,13578.569
2023.05.17,20:00,13581.747,13592.287,13566.729,13583.059
2023.05.18,00:00,13583.097,13596.599,13570.079,13591.679
2023.05.18,04:00,13592.089,13618.559,13591.739,13608.599
2023.05.18,08:00,13616.739,13802.409,13576.539,13771.569
2023.05.18,12:00,13771.309,13774.389,13702.709,13761.189
2023.05.18,16:00,13837.347,13904.989,13833.669,13890.649
2023.05.18,20:00,13874.959,13887.799,13859.569,13874.079
2023.05.19,00:00,13874.297,13875.839,13833.569,13855.379
2023.05.19,04:00,13855.449,13876.969,13833.919,13847.369
2023.05.19,08:00,13847.357,13861.419,13768.659,13808.469
2023.05.19,12:00,13797.439,13821.587,13780.509,13803.489
2023.05.21,16:00,13754.519,13787.019,13754.319,13782.069
2023.05.21,20:00,13798.047,13818.339,13791.859,13815.609
2023.05.22,00:00,13815.509,13823.589,13798.049,13819.599
2023.05.22,04:00,13819.327,13819.327,13776.119,13785.919
2023.05.22,08:00,13801.987,13871.529,13792.529,13839.049
2023.05.22,12:00,13843.109,13889.299,13816.889,13868.989
2023.05.22,16:00,13863.567,13897.009,13858.249,13888.699
2023.05.22,20:00,13888.687,13922.799,13875.659,13882.509
2023.05.23,00:00,13882.899,13883.889,13842.489,13852.699
2023.05.23,04:00,13852.607,13862.649,13825.499,13841.159
2023.05.23,08:00,13786.207,13823.789,13769.779,13810.819
2023.05.23,12:00,13745.287,13769.589,13661.629,13675.309
2023.05.23,16:00,13693.629,13698.609,13690.379,13698.069
2023.05.23,20:00,13698.069,13704.989,13677.799,13693.789
2023.05.24,00:00,13693.517,13701.719,13638.809,13648.259
2023.05.24,04:00,13648.619,13680.389,13611.679,13616.889
2023.05.24,08:00,13595.247,13625.099,13519.159,13549.589
2023.05.24,12:00,13549.587,13657.719,13528.809,13606.129
2023.05.24,16:00,13782.209,13809.309,13773.949,13798.459
2023.05.24,20:00,13800.179,13811.977,13775.169,13789.189
2023.05.25,00:00,13788.709,13826.389,13777.939,13793.799
2023.05.25,04:00,13794.659,13873.999,13793.289,13846.399
2023.05.25,08:00,13882.437,13920.619,13813.629,13892.789
2023.05.25,12:00,13904.109,13991.289,13901.689,13908.659
2023.05.25,16:00,13939.379,13953.609,13921.189,13924.299
2023.05.25,20:00,13924.087,13930.699,13883.969,13910.149
2023.05.26,00:00,13910.359,13950.789,13902.039,13914.479
2023.05.26,04:00,13915.349,14003.789,13914.659,13989.609
2023.05.26,08:00,13990.009,14262.569,13938.449,14247.859
2023.05.26,12:00,14247.739,14312.889,14240.789,14297.559
2023.05.26,16:00,14294.619,14329.167,14290.909,14326.759
2023.05.28,16:00,14380.299,14396.779,14361.529,14371.839
2023.05.28,20:00,14377.297,14405.897,14347.069,14353.299
2023.05.29,00:00,14353.569,14392.387,14344.259,14363.309
2023.05.29,04:00,14362.809,14379.319,14347.519,14353.029
2023.05.29,08:00,14341.057,14354.899,14327.849,14345.049
2023.05.29,12:00,14340.159,14368.399,14337.229,14368.119
2023.05.29,16:00,14364.199,14369.399,14352.079,14358.189
2023.05.29,20:00,14346.487,14354.989,14338.519,14348.559
2023.05.30,00:00,14348.597,14395.157,14345.329,14386.919
2023.05.30,04:00,14386.817,14468.599,14382.999,14442.839
2023.05.30,08:00,14486.127,14520.319,14361.139,14414.709
2023.05.30,12:00,14409.359,14409.849,14306.727,14357.329
2023.05.30,16:00,14352.539,14367.617,14343.059,14364.739
2023.05.30,20:00,14382.879,14385.117,14331.077,14341.059
2023.05.31,00:00,14341.057,14342.899,14292.639,14319.099
2023.05.31,04:00,14319.017,14346.399,14303.519,14335.379
2023.05.31,08:00,14300.317,14353.249,14236.119,14273.289
2023.05.31,12:00,14254.347,14323.089,14216.417,14290.769
2023.05.31,16:00,14262.837,14275.109,14244.019,14254.859
2023.05.31,20:00,14269.797,14292.649,14207.819,14238.659
2023.06.01,00:00,14238.729,14284.887,14236.749,14256.529
2023.06.01,04:00,14256.617,14295.809,14237.309,14268.889
2023.06.01,08:00,14268.837,14351.487,14232.569,14324.769
2023.06.01,12:00,14390.757,14476.399,14390.757,14470.149
2023.06.01,16:00,14440.877,14463.809,14435.617,14457.269
2023.06.01,20:00,14448.389,14478.707,14439.209,14472.389
2023.06.02,00:00,14472.479,14482.827,14458.439,14478.909
2023.06.02,04:00,14479.189,14528.189,14467.499,14494.899
2023.06.02,08:00,14476.419,14593.689,14438.099,14556.259
2023.06.02,12:00,14562.317,14575.089,14523.269,14549.799
2023.06.04,16:00,14538.149,14543.809,14525.239,14536.009
2023.06.04,20:00,14505.629,14514.789,14481.549,14497.299
2023.06.05,00:00,14497.929,14543.059,14485.309,14522.169
2023.06.05,04:00,14523.009,14531.899,14498.559,14524.069
2023.06.05,08:00,14529.309,14657.699,14525.229,14638.889
2023.06.05,12:00,14660.689,14664.567,14513.509,14558.119
2023.06.05,16:00,14533.659,14544.709,14527.099,14534.559
2023.06.05,20:00,14534.639,14565.297,14525.419,14557.619
2023.06.06,00:00,14557.809,14582.549,14535.999,14564.209
2023.06.06,04:00,14564.229,14578.287,14542.489,14553.159
2023.06.06,08:00,14540.559,14586.919,14475.399,14582.479
2023.06.06,12:00,14504.219,14574.599,14502.449,14554.229
2023.06.06,16:00,14548.947,14568.697,14546.839,14565.759
2023.06.06,20:00,14565.727,14571.889,14538.809,14556.639
2023.06.07,00:00,14556.769,14557.709,14511.179,14519.219
2023.06.07,04:00,14518.929,14557.499,14508.449,14554.499
2023.06.07,08:00,14583.309,14610.189,14423.829,14449.729
2023.06.07,12:00,14404.929,14432.309,14316.309,14349.369
2023.06.07,16:00,14306.147,14311.609,14280.979,14303.989
2023.06.07,20:00,14303.779,14311.899,14278.359,14280.499
2023.06.08,00:00,14280.849,14282.309,14230.949,14265.429
2023.06.08,04:00,14265.679,14321.199,14262.679,14294.469
2023.06.08,08:00,14333.137,14495.879,14303.189,14475.839
2023.06.08,12:00,14475.619,14504.669,14452.539,14480.859
2023.06.08,16:00,14490.389,14495.379,14477.709,14480.389
2023.06.08,20:00,14482.029,14485.889,14463.389,14480.389
2023.06.09,00:00,14480.407,14488.279,14440.719,14459.799
2023.06.09,04:00,14482.279,14509.699,14464.329,14497.629
2023.06.09,08:00,14532.809,14672.669,14520.819,14575.989
2023.06.09,12:00,14539.289,14601.379,14524.779,14544.359
2023.06.11,16:00,14540.259,14592.759,14539.729,14581.899
2023.06.11,20:00,14576.747,14587.289,14569.359,14573.809
2023.06.12,00:00,14573.729,14608.989,14563.359,14608.989
2023.06.12,04:00,14609.549,14638.889,14586.889,14603.149
2023.06.12,08:00,14620.167,14637.319,14569.829,14603.049
2023.06.12,12:00,14658.299,14793.949,14653.789,14791.809
2023.06.12,16:00,14825.267,14826.789,14799.759,14805.289
2023.06.12,20:00,14805.999,14854.599,14797.429,14849.649
2023.06.13,00:00,14849.979,14886.009,14842.419,14864.639
2023.06.13,04:00,14864.919,14883.299,14807.149,14815.099
2023.06.13,08:00,14913.649,14953.599,14766.269,14853.867
2023.06.13,12:00,14907.649,14920.109,14863.119,14900.689
2023.06.13,16:00,14919.037,14919.599,14901.609,14906.799
2023.06.13,20:00,14906.757,14911.899,14891.809,14899.989
2023.06.14,00:00,14899.889,14940.647,14883.199,14940.619
2023.06.14,04:00,14943.069,14952.387,14911.629,14918.319
2023.06.14,08:00,14921.347,14981.777,14901.759,14953.099
2023.06.14,12:00,14978.729,14993.799,14780.559,14936.749
2023.06.14,16:00,15007.159,15032.069,15004.269,15024.629
2023.06.14,20:00,15017.769,15022.819,14969.719,14999.369
2023.06.15,00:00,14999.609,15010.679,14947.899,14991.389
2023.06.15,04:00,14991.177,14995.387,14885.679,14900.269
2023.06.15,08:00,15007.059,15093.599,14988.769,15067.487
2023.06.15,12:00,15118.557,15253.229,15074.359,15240.557
2023.06.15,16:00,15167.199,15173.789,15164.309,15170.679
2023.06.15,20:00,15170.607,15171.587,15126.519,15157.229
2023.06.16,00:00,15157.307,15189.579,15147.179,15171.179
2023.06.16,04:00,15171.369,15235.107,15171.329,15216.049
2023.06.16,08:00,15243.739,15286.909,15141.039,15190.309
2023.06.16,12:00,15219.829,15224.707,15075.059,15089.419
2023.06.18,16:00,15132.349,15135.299,15116.249,15118.209
2023.06.18,20:00,15118.299,15118.299,15085.119,15086.589
2023.06.19,00:00,15086.547,15121.079,15078.149,15092.569
2023.06.19,04:00,15092.629,15096.889,15053.659,15058.299
2023.06.19,08:00,15070.599,15079.799,15049.079,15063.009
2023.06.19,16:00,15052.867,15067.389,15048.029,15063.719
2023.06.19,20:00,15063.777,15073.387,15039.869,15052.679
2023.06.20,00:00,15052.749,15065.299,15023.809,15061.749
2023.06.20,04:00,15062.179,15066.497,14984.309,15042.199
2023.06.20,08:00,15067.877,15126.709,14966.299,14982.719
2023.06.20,12:00,15076.719,15105.599,15048.239,15071.609
2023.06.20,16:00,15058.399,15080.289,15057.839,15077.109
2023.06.20,20:00,15077.199,15088.297,15060.539,15070.059
2023.06.21,00:00,15070.087,15080.819,15030.719,15043.129
2023.06.21,04:00,15045.169,15074.889,15035.519,15044.299
2023.06.21,08:00,15017.009,15035.299,14823.229,14849.379
2023.06.21,12:00,14881.719,14949.499,14853.719,14866.359
2023.06.21,16:00,14849.777,14863.209,14849.629,14860.309
2023.06.21,20:00,14860.247,14877.499,14829.089,14848.039
2023.06.22,00:00,14848.087,14849.809,14789.849,14820.809
2023.06.22,04:00,14821.119,14843.219,14789.849,14816.049
2023.06.22,08:00,14809.777,15008.757,14784.519,14986.829
2023.06.22,12:00,14955.087,15043.039,14910.889,15038.199
2023.06.22,16:00,15052.789,15053.889,15045.539,15046.229
2023.06.22,20:00,15046.297,15046.899,14975.209,14980.659
2023.06.23,00:00,14981.209,15000.209,14936.139,14964.899
2023.06.23,04:00,14966.539,14974.099,14914.789,14933.719
2023.06.23,08:00,14949.799,14953.307,14825.549,14882.309
2023.06.23,12:00,14889.667,14966.659,14882.229,14888.567
2023.06.23,16:00,14893.069,14906.839,14872.229,14896.089
2023.06.25,16:00,14891.519,14931.919,14886.879,14930.759
2023.06.25,20:00,14932.619,14945.997,14907.579,14934.219
2023.06.26,00:00,14934.289,14936.897,14842.609,14881.209
2023.06.26,04:00,14881.589,14881.589,14831.229,14852.319
2023.06.26,08:00,14890.687,14972.559,14811.569,14846.539
2023.06.26,12:00,14846.209,14848.109,14712.019,14764.049
2023.06.26,16:00,14711.317,14725.897,14710.149,14725.319
2023.06.26,20:00,14725.389,14727.799,14695.269,14708.119
2023.06.27,00:00,14708.297,14756.087,14705.769,14738.009
2023.06.27,04:00,14738.057,14762.499,14728.869,14738.519
2023.06.27,08:00,14738.629,14811.987,14721.739,14770.209
2023.06.27,12:00,14888.767,14969.389,14870.299,14940.149
2023.06.27,16:00,14885.049,14895.537,14871.319,14888.719
2023.06.27,20:00,14888.909,14897.807,14866.329,14892.539
2023.06.28,00:00,14892.609,14906.577,14875.089,14891.689
2023.06.28,04:00,14891.619,14898.399,14850.779,14893.129
2023.06.28,08:00,14878.709,15042.287,14864.119,15013.739
2023.06.28,12:00,15018.297,15053.089,14893.589,14957.049
2023.06.28,16:00,14974.119,15016.719,14969.119,15015.369
2023.06.28,20:00,15005.599,15013.859,14974.159,14979.739
2023.06.29,00:00,14979.879,14996.577,14947.519,14964.119
2023.06.29,04:00,14965.587,15029.399,14962.729,15016.569
2023.06.29,08:00,15014.209,15033.309,14870.019,14910.789
2023.06.29,12:00,14965.739,14981.617,14880.309,14920.779
2023.06.29,16:00,14946.199,14959.619,14940.549,14948.069
2023.06.29,20:00,14958.099,14984.309,14941.089,14964.209
2023.06.30,00:00,14964.137,14995.309,14962.539,14983.709
2023.06.30,04:00,14983.747,15024.809,14983.179,15012.919
2023.06.30,08:00,15076.699,15196.859,15075.809,15151.879
2023.06.30,12:00,15195.159,15207.299,15168.769,15171.029
2023.07.02,20:00,15187.767,15194.619,15168.139,15189.229
2023.07.03,00:00,15189.307,15203.599,15178.219,15198.619
2023.07.03,04:00,15198.789,15229.069,15173.529,15175.159
2023.07.03,08:00,15188.599,15231.299,15151.369,15165.059
2023.07.03,12:00,15208.359,15209.199,15194.199,15200.809
2023.07.04,16:00,15189.819,15191.999,15182.719,15185.779
2023.07.04,20:00,15182.239,15197.899,15172.339,15185.559
2023.07.05,00:00,15185.769,15189.289,15128.829,15143.889
2023.07.05,04:00,15143.837,15157.599,15096.819,15112.709
2023.07.05,08:00,15127.249,15261.119,15122.009,15196.129
2023.07.05,12:00,15208.279,15235.529,15197.629,15204.839
2023.07.05,16:00,15195.309,15209.109,15194.299,15201.519
2023.07.05,20:00,15201.559,15202.599,15141.559,15142.779
2023.07.06,00:00,15142.767,15149.599,15110.169,15124.989
2023.07.06,04:00,15124.149,15151.907,15122.509,15130.399
2023.07.06,08:00,15037.999,15060.309,14971.049,15015.599
2023.07.06,12:00,15072.319,15106.589,15048.089,15092.319
2023.07.06,16:00,15079.419,15091.299,15078.219,15080.599
2023.07.06,20:00,15080.529,15097.289,15069.099,15087.649
2023.07.07,00:00,15087.769,15091.899,15030.859,15049.709
2023.07.07,04:00,15049.769,15082.399,15035.779,15065.559
2023.07.07,08:00,15058.067,15167.789,15035.019,15094.569
2023.07.07,12:00,15189.829,15216.089,15149.109,15157.209
2023.07.07,16:00,15039.419,15060.989,15038.159,15055.009
2023.07.09,16:00,15044.219,15046.919,15029.819,15036.799
2023.07.09,20:00,15036.717,15038.099,14976.119,14985.499
2023.07.10,00:00,14985.267,15004.599,14933.619,14969.609
2023.07.10,04:00,14969.709,15034.799,14964.089,15030.709
2023.07.10,08:00,15023.609,15072.889,14943.719,14972.259
2023.07.10,12:00,15006.139,15048.899,14990.599,15044.559
2023.07.10,16:00,15045.399,15048.069,15035.089,15047.699
2023.07.10,20:00,15047.799,15058.389,15031.669,15051.079
2023.07.11,00:00,15051.059,15092.899,15038.199,15056.059
2023.07.11,04:00,15055.739,15086.579,15035.769,15085.179
2023.07.11,08:00,15085.739,15096.639,15001.729,15096.209
2023.07.11,12:00,15096.179,15109.857,15017.109,15071.069
2023.07.11,16:00,15119.039,15140.289,15110.529,15123.789
2023.07.11,20:00,15123.119,15140.599,15114.519,15135.309
2023.07.12,00:00,15135.369,15158.279,15128.839,15150.739
2023.07.12,04:00,15150.727,15162.849,15144.049,15147.559
2023.07.12,08:00,15172.309,15364.899,15159.689,15316.769
2023.07.12,12:00,15218.059,15337.209,15206.319,15311.029
2023.07.12,16:00,15311.749,15343.379,15303.039,15330.389
2023.07.12,20:00,15329.839,15363.989,15328.049,15359.539
2023.07.13,00:00,15359.179,15391.869,15346.789,15385.219
2023.07.13,04:00,15385.709,15417.789,15380.069,15409.229
2023.07.13,08:00,15413.819,15475.847,15389.889,15472.259
2023.07.13,12:00,15494.209,15549.849,15488.289,15545.999
2023.07.13,16:00,15569.389,15577.149,15562.529,15570.229
2023.07.13,20:00,15572.299,15591.489,15543.729,15586.599
2023.07.14,00:00,15586.359,15593.089,15560.789,15579.899
2023.07.14,04:00,15579.219,15600.619,15550.029,15572.809
2023.07.14,08:00,15572.559,15698.589,15564.419,15682.767
2023.07.14,12:00,15631.319,15633.289,15531.709,15570.339
2023.07.16,16:00,15543.529,15546.759,15527.679,15532.199
2023.07.16,20:00,15532.219,15554.589,15527.819,15542.609
2023.07.17,00:00,15542.079,15586.789,15538.519,15581.609
2023.07.17,04:00,15581.709,15593.709,15552.299,15553.769
2023.07.17,08:00,15555.129,15648.889,15544.809,15621.989
2023.07.17,12:00,15661.737,15748.289,15646.219,15711.629
2023.07.17,16:00,15684.099,15693.709,15682.139,15683.839
2023.07.17,20:00,15684.339,15691.799,15665.109,15679.019
2023.07.18,00:00,15678.899,15706.799,15676.029,15696.609
2023.07.18,04:00,15696.549,15708.919,15676.699,15686.299
2023.07.18,08:00,15677.989,15757.109,15601.099,15750.329
2023.07.18,12:00,15751.019,15897.779,15736.209,15842.209
2023.07.18,16:00,15826.529,15834.389,15826.369,15828.569
2023.07.18,20:00,15828.369,15835.089,15819.839,15830.609
2023.07.19,00:00,15830.259,15858.029,15824.229,15840.079
2023.07.19,04:00,15839.389,15876.309,15831.589,15860.099
2023.07.19,08:00,15860.027,15914.669,15841.689,15872.029
2023.07.19,12:00,15896.779,15933.209,15782.809,15829.719
2023.07.19,16:00,15789.549,15795.729,15715.759,15727.339
2023.07.19,20:00,15728.189,15766.557,15726.169,15753.769
2023.07.20,00:00,15754.019,15774.297,15707.789,15720.099
2023.07.20,04:00,15720.419,15735.799,15688.019,15730.039
2023.07.20,08:00,15738.789,15743.289,15576.039,15603.489
2023.07.20,12:00,15621.227,15659.389,15485.709,15486.249
2023.07.20,16:00,15467.419,15480.899,15455.219,15460.499
2023.07.20,20:00,15459.649,15490.799,15434.019,15481.799
2023.07.21,00:00,15481.699,15520.799,15469.719,15508.799
2023.07.21,04:00,15508.619,15555.729,15502.589,15525.689
2023.07.21,08:00,15528.039,15577.889,15455.529,15490.899
2023.07.21,12:00,15459.909,15536.799,15405.589,15422.819
2023.07.21,16:00,15421.759,15439.789,15420.399,15430.859
2023.07.23,16:00,15438.599,15453.109,15427.619,15429.119
2023.07.23,20:00,15431.727,15451.299,15414.869,15428.559
2023.07.24,00:00,15428.999,15475.059,15409.689,15471.069
2023.07.24,04:00,15471.189,15478.579,15454.619,15458.909
2023.07.24,08:00,15464.837,15479.259,15384.729,15449.599
2023.07.24,12:00,15436.789,15483.799,15424.079,15451.099
2023.07.24,16:00,15450.367,15461.099,15445.707,15449.209
2023.07.24,20:00,15452.879,15457.499,15434.779,15446.719
2023.07.25,00:00,15447.109,15479.549,15440.349,15474.779
2023.07.25,04:00,15474.727,15513.799,15471.219,15502.109
2023.07.25,08:00,15502.289,15557.669,15487.309,15501.659
2023.07.25,12:00,15559.599,15609.599,15544.189,15559.659
2023.07.25,16:00,15558.809,15627.609,15501.569,15532.919
2023.07.25,20:00,15526.609,15549.689,15518.679,15540.309
2023.07.26,00:00,15540.499,15565.689,15528.649,15550.579
2023.07.26,04:00,15550.629,15553.959,15508.829,15515.909
2023.07.26,08:00,15517.477,15529.389,15424.259,15429.629
2023.07.26,12:00,15478.219,15574.619,15430.009,15523.889
2023.07.26,16:00,15505.489,15601.599,15500.829,15534.729
2023.07.26,20:00,15544.377,15598.199,15530.319,15591.429
2023.07.27,00:00,15591.699,15667.409,15587.719,15653.439
2023.07.27,04:00,15653.139,15700.279,15652.499,15689.699
2023.07.27,08:00,15711.309,15795.509,15665.599,15685.049
2023.07.27,12:00,15685.909,15750.589,15600.049,15618.079
2023.07.27,16:00,15488.989,15494.299,15477.149,15485.089
2023.07.27,20:00,15485.159,15569.589,15478.739,15510.709
2023.07.28,00:00,15510.789,15598.739,15446.039,15570.069
2023.07.28,04:00,15568.789,15616.789,15549.249,15613.029
2023.07.28,08:00,15640.379,15736.769,15615.889,15715.789
2023.07.28,12:00,15747.689,15774.777,15669.019,15758.789
2023.07.30,16:00,15739.559,15811.899,15736.089,15782.629
2023.07.30,20:00,15782.379,15783.919,15691.519,15702.399
2023.07.31,00:00,15702.327,15739.299,15686.769,15716.669
2023.07.31,04:00,15716.629,15769.299,15716.329,15768.289
2023.07.31,08:00,15768.287,15803.599,15706.679,15745.259
2023.07.31,12:00,15745.789,15762.889,15700.729,15762.409
2023.07.31,16:00,15762.099,15776.509,15751.309,15759.129
2023.07.31,20:00,15759.869,15788.169,15754.339,15765.879
2023.08.01,00:00,15765.929,15773.409,15716.009,15726.389
2023.08.01,04:00,15726.429,15731.389,15665.859,15668.699
2023.08.01,08:00,15668.099,15738.087,15630.809,15723.599
2023.08.01,12:00,15724.209,15751.299,15680.309,15718.019
2023.08.01,16:00,15718.359,15721.507,15585.579,15654.109
2023.08.01,20:00,15654.019,15690.489,15617.549,15628.459
2023.08.02,00:00,15628.539,15632.069,15526.429,15526.429
2023.08.02,04:00,15526.509,15620.839,15493.039,15599.989
2023.08.02,08:00,15599.969,15612.899,15356.557,15356.557
2023.08.02,12:00,15356.499,15423.419,15323.019,15375.819
2023.08.02,16:00,15376.839,15406.599,15362.849,15399.989
2023.08.02,20:00,15399.997,15415.299,15366.419,15385.809
2023.08.03,00:00,15385.757,15389.239,15247.539,15253.949
2023.08.03,04:00,15253.999,15353.499,15253.079,15311.539
2023.08.03,08:00,15311.517,15400.029,15259.879,15367.239
2023.08.03,12:00,15366.999,15437.789,15329.309,15348.019
2023.08.03,16:00,15348.109,15440.619,15327.249,15394.489
2023.08.03,20:00,15394.489,15448.799,15379.799,15426.399
2023.08.04,00:00,15426.387,15473.259,15399.339,15441.059
2023.08.04,04:00,15441.019,15471.109,15345.019,15366.569
2023.08.04,08:00,15366.567,15498.019,15310.009,15487.429
2023.08.04,12:00,15487.449,15527.299,15254.739,15273.909
2023.08.04,16:00,15274.379,15294.279,15274.379,15287.359
2023.08.06,16:00,15287.199,15318.799,15283.239,15317.179
2023.08.06,20:00,15318.019,15360.199,15313.769,15350.569
2023.08.07,00:00,15350.299,15381.669,15319.999,15377.559
2023.08.07,04:00,15377.599,15380.399,15310.619,15330.699
2023.08.07,08:00,15330.699,15391.289,15253.409,15333.709
2023.08.07,12:00,15333.939,15409.689,15310.499,15405.259
2023.08.07,16:00,15404.149,15415.199,15398.619,15405.259
2023.08.07,20:00,15405.439,15409.689,15338.149,15351.299
2023.08.08,00:00,15351.389,15363.789,15319.439,15356.139
2023.08.08,04:00,15356.309,15362.299,15267.619,15289.669
2023.08.08,08:00,15289.719,15312.189,15145.509,15159.619
2023.08.08,12:00,15159.707,15293.889,15153.279,15274.599
2023.08.08,16:00,15273.909,15283.289,15266.129,15274.809
2023.08.08,20:00,15274.629,15316.899,15268.049,15295.739
2023.08.09,00:00,15295.839,15354.389,15291.219,15323.849
2023.08.09,04:00,15324.119,15348.809,15285.359,15320.289
2023.08.09,08:00,15319.829,15329.287,15073.549,15093.039
2023.08.09,12:00,15093.229,15231.799,15088.549,15105.669
2023.08.09,16:00,15105.657,15148.089,15105.657,15140.989
2023.08.09,20:00,15141.309,15166.799,15132.249,15162.199
2023.08.10,00:00,15162.519,15216.097,15143.259,15200.909
2023.08.10,04:00,15200.379,15213.819,15178.109,15185.689
2023.08.10,08:00,15185.399,15368.669,15136.009,15169.109
2023.08.10,12:00,15168.029,15210.229,15066.769,15130.799
2023.08.10,16:00,15131.059,15170.489,15122.759,15167.029
2023.08.10,20:00,15166.779,15193.989,15133.079,15138.867
2023.08.11,00:00,15138.689,15169.099,15124.609,15142.539
2023.08.11,04:00,15143.119,15144.099,15070.079,15101.349
2023.08.11,08:00,15101.249,15113.789,14969.609,15014.619
2023.08.11,12:00,15015.099,15069.989,14984.099,15034.597
2023.08.11,16:00,15033.289,15047.899,15033.239,15046.269
2023.08.13,16:00,15033.789,15076.749,15031.729,15068.499
2023.08.13,20:00,15069.089,15079.319,14952.819,14981.039
2023.08.14,00:00,14980.989,15154.079,14974.619,15129.839
2023.08.14,04:00,15129.867,15135.199,15049.359,15061.499
2023.08.14,08:00,15060.609,15179.369,14968.709,15143.939
2023.08.14,12:00,15143.947,15204.809,15103.909,15204.809
2023.08.14,16:00,15203.849,15246.459,15195.819,15231.809
2023.08.14,20:00,15231.609,15265.089,15222.019,15249.929
2023.08.15,00:00,15250.059,15260.699,15132.909,15136.489
2023.08.15,04:00,15136.487,15165.079,15090.609,15101.359
2023.08.15,08:00,15102.269,15191.549,15043.629,15130.599
2023.08.15,12:00,15130.879,15143.199,15011.739,15040.279
2023.08.15,16:00,15040.239,15059.609,15032.049,15053.247
2023.08.15,20:00,15053.249,15066.789,15014.119,15052.809
2023.08.16,00:00,15053.219,15085.399,15023.119,15073.107
2023.08.16,04:00,15073.129,15096.609,15008.719,15041.599
2023.08.16,08:00,15041.567,15077.149,14967.099,14977.789
2023.08.16,12:00,14978.099,15019.669,14871.719,14872.629
2023.08.16,16:00,14872.689,14883.399,14857.419,14861.149
2023.08.16,20:00,14861.419,14878.969,14819.069,14877.929
2023.08.17,00:00,14878.339,14903.699,14836.559,14883.709
2023.08.17,04:00,14883.829,14917.609,14877.549,14915.639
2023.08.17,08:00,14915.899,14948.889,14797.119,14845.879
2023.08.17,12:00,14845.939,14897.399,14695.059,14711.679
2023.08.17,16:00,14712.019,14715.699,14670.169,14693.119
2023.08.17,20:00,14692.869,14729.589,14679.869,14700.199
2023.08.18,00:00,14700.159,14714.699,14662.949,14681.829
2023.08.18,04:00,14681.959,14702.409,14579.919,14598.789
2023.08.18,08:00,14599.639,14684.769,14549.089,14679.539
2023.08.18,12:00,14679.109,14745.769,14610.519,14693.679
2023.08.18,16:00,14693.709,14713.659,14689.099,14698.889
2023.08.20,16:00,14707.249,14729.599,14702.419,14720.969
2023.08.20,20:00,14720.259,14736.779,14677.329,14705.759
2023.08.21,00:00,14705.419,14759.089,14662.709,14756.319
2023.08.21,04:00,14756.389,14795.499,14751.049,14792.919
2023.08.21,08:00,14793.699,14877.999,14735.909,14756.779
2023.08.21,12:00,14755.909,14960.449,14753.529,14934.959
2023.08.21,16:00,14933.979,14933.979,14896.889,14900.719
2023.08.21,20:00,14900.809,14929.779,14889.249,14919.819
2023.08.22,00:00,14919.939,14994.299,14899.269,14986.609
2023.08.22,04:00,14989.959,15052.589,14988.259,15044.509
2023.08.22,08:00,15044.749,15064.009,14917.759,14932.569
2023.08.22,12:00,14932.569,14958.609,14880.549,14908.369
2023.08.22,16:00,14909.329,14927.499,14905.279,14911.499
2023.08.22,20:00,14911.349,14975.389,14907.859,14958.069
2023.08.23,00:00,14958.499,15015.599,14950.919,14999.109
2023.08.23,04:00,14999.269,15029.759,14905.709,14933.029
2023.08.23,08:00,14932.979,15153.589,14907.839,15148.329
2023.08.23,12:00,15147.969,15189.209,15115.969,15146.529
2023.08.23,16:00,15143.569,15290.989,15141.629,15281.289
2023.08.23,20:00,15281.399,15344.559,15265.319,15330.629
2023.08.24,00:00,15330.559,15364.099,15314.219,15330.299
2023.08.24,04:00,15330.309,15361.399,15285.509,15313.199
2023.08.24,08:00,15312.849,15316.049,14897.529,14905.289
2023.08.24,12:00,14905.219,14992.899,14812.869,14816.069
2023.08.24,16:00,14816.189,14829.399,14790.249,14808.899
2023.08.24,20:00,14809.329,14831.099,14783.219,14791.209
2023.08.25,00:00,14791.309,14817.499,14742.329,14796.889
2023.08.25,04:00,14797.399,14845.799,14796.889,14833.239
2023.08.25,08:00,14833.619,15005.789,14713.589,14765.259
2023.08.25,12:00,14765.229,14986.049,14762.609,14939.719
2023.08.25,16:00,14939.759,14952.899,14928.559,14935.549
2023.08.27,16:00,14954.099,14989.069,14954.099,14969.599
2023.08.27,20:00,14969.829,14977.759,14933.159,14939.839
2023.08.28,00:00,14939.887,14977.049,14935.009,14954.259
2023.08.28,04:00,14952.319,14995.499,14952.319,14990.309
2023.08.28,08:00,14990.317,15086.709,14944.057,14976.809
2023.08.28,12:00,14976.707,15070.109,14953.719,15050.399
2023.08.28,16:00,15051.039,15071.219,15045.859,15056.059
2023.08.28,20:00,15056.037,15076.019,15040.0,15071.379
2023.08.29,00:00,15071.499,15106.399,15040.669,15045.819
2023.08.29,04:00,15046.099,15073.259,15028.109,15032.549
2023.08.29,08:00,15032.527,15346.289,15009.719,15328.119
2023.08.29,12:00,15328.289,15390.299,15313.729,15374.389
2023.08.29,16:00,15373.909,15400.969,15371.169,15392.809
2023.08.29,20:00,15392.409,15426.299,15387.309,15413.589
2023.08.30,00:00,15414.199,15415.589,15342.919,15368.949
2023.08.30,04:00,15369.129,15372.089,15319.869,15352.479
2023.08.30,08:00,15352.129,15467.169,15336.179,15456.609
2023.08.30,12:00,15456.889,15483.199,15411.689,15463.949
2023.08.30,16:00,15465.099,15473.679,15456.617,15462.867
2023.08.30,20:00,15462.639,15490.379,15461.999,15471.899
2023.08.31,00:00,15471.869,15478.389,15444.149,15473.519
2023.08.31,04:00,15473.829,15489.709,15420.619,15481.107
2023.08.31,08:00,15481.119,15571.409,15441.579,15533.799
2023.08.31,12:00,15533.809,15564.999,15463.029,15502.869
2023.08.31,16:00,15503.139,15518.899,15490.189,15504.119
2023.08.31,20:00,15504.339,15525.789,15499.379,15515.099
2023.09.01,00:00,15515.359,15532.299,15469.609,15526.969
2023.09.01,04:00,15526.937,15548.009,15508.559,15537.089
2023.09.01,08:00,15537.077,15628.649,15428.279,15434.719
2023.09.01,12:00,15433.839,15499.159,15426.109,15491.379
2023.09.01,16:00,15492.279,15494.899,15481.219,15493.369
2023.09.03,16:00,15494.129,15496.629,15471.629,15487.399
2023.09.03,20:00,15487.317,15513.389,15481.819,15504.489
2023.09.04,00:00,15504.519,15534.149,15500.039,15525.289
2023.09.04,04:00,15525.639,15541.399,15520.619,15525.919
2023.09.04,08:00,15526.109,15552.299,15486.129,15495.789
2023.09.04,12:00,15496.529,15507.719,15495.629,15500.027
2023.09.04,16:00,15502.409,15506.999,15487.319,15498.619
2023.09.04,20:00,15498.759,15502.859,15461.389,15472.379
2023.09.05,00:00,15472.397,15485.589,15426.829,15436.699
2023.09.05,04:00,15435.909,15463.989,15393.039,15446.579
2023.09.05,08:00,15446.809,15549.299,15412.099,15492.059
2023.09.05,12:00,15491.909,15558.779,15489.219,15507.389
2023.09.05,16:00,15507.599,15511.379,15481.319,15493.169
2023.09.05,20:00,15493.217,15503.999,15465.239,15473.579
2023.09.06,00:00,15473.809,15488.799,15410.379,15438.719
2023.09.06,04:00,15438.219,15481.609,15434.869,15467.289
2023.09.06,08:00,15467.539,15486.789,15324.609,15349.309
2023.09.06,12:00,15349.539,15380.599,15287.129,15374.319
2023.09.06,16:00,15374.337,15374.337,15358.549,15369.809
2023.09.06,20:00,15369.739,15374.899,15349.039,15365.069
2023.09.07,00:00,15365.419,15366.789,15288.839,15319.829
2023.09.07,04:00,15319.329,15320.909,15253.319,15257.079
2023.09.07,08:00,15256.609,15266.299,15138.329,15189.609
2023.09.07,12:00,15189.219,15289.719,15184.709,15260.589
2023.09.07,16:00,15260.349,15273.389,15246.709,15265.009
2023.09.07,20:00,15265.199,15272.399,15238.249,15272.319
2023.09.08,00:00,15272.389,15327.769,15261.669,15304.139
2023.09.08,04:00,15304.147,15313.129,15207.719,15230.759
2023.09.08,08:00,15230.809,15375.589,15225.579,15326.629
2023.09.08,12:00,15327.639,15349.049,15241.219,15280.629
2023.09.08,16:00,15279.669,15308.799,15279.619,15301.739
2023.09.10,16:00,15290.689,15311.179,15284.869,15309.079
2023.09.10,20:00,15309.189,15321.389,15284.759,15306.819
2023.09.11,00:00,15306.857,15388.109,15305.559,15372.389
2023.09.11,04:00,15373.669,15401.109,15349.879,15384.749
2023.09.11,08:00,15385.349,15435.207,15326.539,15355.709
2023.09.11,12:00,15356.679,15483.099,15349.089,15462.349
2023.09.11,16:00,15461.399,15468.897,15438.819,15443.699
2023.09.11,20:00,15443.707,15456.199,15426.519,15454.249
2023.09.12,00:00,15454.359,15464.779,15414.069,15421.989
2023.09.12,04:00,15421.807,15437.889,15403.249,15405.649
2023.09.12,08:00,15405.999,15446.819,15309.229,15346.169
2023.09.12,12:00,15346.187,15406.889,15277.379,15291.899
2023.09.12,16:00,15291.189,15304.619,15286.089,15300.199
2023.09.12,20:00,15300.177,15308.349,15266.879,15273.349
2023.09.13,00:00,15273.397,15323.999,15261.509,15295.719
2023.09.13,04:00,15295.219,15306.799,15251.209,15300.799
2023.09.13,08:00,15301.609,15400.599,15201.209,15377.849
2023.09.13,12:00,15377.889,15416.669,15305.339,15352.199
2023.09.13,16:00,15351.669,15377.309,15345.879,15375.059
2023.09.13,20:00,15374.759,15419.499,15369.239,15419.079
2023.09.14,00:00,15418.639,15429.119,15392.539,15398.759
2023.09.14,04:00,15398.279,15429.589,15364.519,15405.589
2023.09.14,08:00,15405.619,15496.809,15332.739,15480.999
2023.09.14,12:00,15481.649,15514.899,15453.639,15472.599
2023.09.14,16:00,15471.709,15494.589,15469.159,15478.779
2023.09.14,20:00,15478.727,15519.609,15475.169,15511.599
2023.09.15,00:00,15511.699,15520.789,15453.159,15476.109
2023.09.15,04:00,15476.289,15479.109,15442.649,15452.569
2023.09.15,08:00,15452.249,15472.389,15223.659,15244.219
2023.09.15,12:00,15244.569,15278.599,15170.279,15203.179
2023.09.15,16:00,15202.839,15212.609,15194.349,15209.219
2023.09.17,16:00,15193.399,15227.089,15192.879,15225.389
2023.09.17,20:00,15225.619,15231.799,15207.909,15223.649
2023.09.18,00:00,15223.549,15240.789,15204.159,15227.659
2023.09.18,04:00,15227.877,15239.717,15143.139,15153.609
2023.09.18,08:00,15152.529,15261.889,15149.529,15257.319
2023.09.18,12:00,15257.357,15269.769,15189.209,15221.629
2023.09.18,16:00,15222.799,15240.799,15222.799,15234.609
2023.09.18,20:00,15235.049,15247.399,15215.269,15218.729
2023.09.19,00:00,15218.797,15240.309,15190.009,15235.769
2023.09.19,04:00,15235.309,15252.549,15227.789,15237.209
2023.09.19,08:00,15237.789,15238.099,15065.039,15107.309
2023.09.19,12:00,15107.599,15224.119,15074.619,15193.809
2023.09.19,16:00,15193.419,15204.989,15190.279,15198.899
2023.09.19,20:00,15199.169,15201.069,15162.809,15165.309
2023.09.20,00:00,15165.247,15204.859,15157.769,15197.759
2023.09.20,04:00,15197.899,15226.989,15180.739,15217.509
2023.09.20,08:00,15217.507,15251.399,15141.679,15188.689
2023.09.20,12:00,15188.879,15206.539,14967.479,14970.239
2023.09.20,16:00,14971.209,14976.499,14934.087,14937.849
2023.09.20,20:00,14937.817,14959.289,14905.079,14919.839
2023.09.21,00:00,14920.379,14935.909,14882.759,14919.709
2023.09.21,04:00,14919.747,14930.819,14799.609,14804.159
2023.09.21,08:00,14804.619,14850.119,14750.799,14776.529
2023.09.21,12:00,14776.609,14831.559,14691.059,14692.639
2023.09.21,16:00,14692.639,14703.609,14677.239,14683.679
2023.09.21,20:00,14683.667,14733.299,14669.819,14728.217
2023.09.22,00:00,14728.039,14759.619,14722.709,14736.739
2023.09.22,04:00,14736.787,14771.799,14725.279,14755.789
2023.09.22,08:00,14755.649,14860.297,14721.529,14810.099
2023.09.22,12:00,14809.749,14855.279,14684.039,14698.899
2023.09.22,16:00,14698.687,14722.789,14698.369,14719.239
2023.09.24,16:00,14717.239,14747.189,14716.659,14730.409
2023.09.24,20:00,14730.209,14759.799,14700.109,14754.229
2023.09.25,00:00,14754.247,14778.099,14738.169,14756.389
2023.09.25,04:00,14756.417,14763.299,14629.839,14653.869
2023.09.25,08:00,14653.867,14755.739,14615.199,14734.739
2023.09.25,12:00,14735.139,14772.389,14676.059,14770.509
2023.09.25,16:00,14769.859,14783.699,14765.809,14766.309
2023.09.25,20:00,14766.309,14767.489,14686.519,14708.559
2023.09.26,00:00,14708.747,14717.229,14629.559,14683.119
2023.09.26,04:00,14683.819,14722.077,14670.019,14708.229
2023.09.26,08:00,14708.277,14726.709,14561.829,14575.059
2023.09.26,12:00,14574.739,14620.589,14503.789,14546.309
2023.09.26,16:00,14546.259,14579.709,14544.639,14576.799
2023.09.26,20:00,14577.139,14590.299,14561.359,14576.819
2023.09.27,00:00,14576.849,14631.619,14573.339,14631.299
2023.09.27,04:00,14630.189,14634.119,14582.779,14606.859
2023.09.27,08:00,14606.989,14646.299,14513.249,14523.779
2023.09.27,12:00,14523.239,14662.659,14428.579,14585.789
2023.09.27,16:00,14585.359,14619.299,14578.629,14618.779
2023.09.27,20:00,14619.109,14638.109,14577.299,14584.709
2023.09.28,00:00,14584.687,14620.499,14557.249,14582.659
2023.09.28,04:00,14582.159,14589.109,14522.719,14546.219
2023.09.28,08:00,14545.629,14757.099,14503.529,14754.779
2023.09.28,12:00,14754.749,14793.589,14657.749,14702.989
2023.09.28,16:00,14701.709,14738.719,14695.309,14711.249
2023.09.28,20:00,14711.859,14735.579,14670.219,14730.079
2023.09.29,00:00,14730.067,14800.299,14701.709,14790.189
2023.09.29,04:00,14790.147,14818.899,14764.609,14775.419
2023.09.29,08:00,14775.769,14905.889,14753.379,14786.599
2023.09.29,12:00,14786.739,14810.289,14660.729,14717.319
2023.09.29,16:00,14717.349,14743.789,14700.879,14741.079
2023.10.01,16:00,14826.369,14849.349,14784.839,14803.289
2023.10.01,20:00,14803.227,14843.789,14801.359,14826.099
2023.10.02,00:00,14826.769,14860.599,14780.099,14838.659
2023.10.02,04:00,14838.659,14850.289,14716.629,14724.039
2023.10.02,08:00,14724.259,14896.079,14676.619,14768.029
2023.10.02,12:00,14768.089,14838.399,14714.169,14837.709
2023.10.02,16:00,14837.819,14853.299,14825.0,14839.519
2023.10.02,20:00,14839.719,14843.149,14802.119,14829.719
2023.10.03,00:00,14829.849,14848.499,14789.549,14825.709
2023.10.03,04:00,14825.819,14876.309,14730.669,14745.369
2023.10.03,08:00,14745.317,14820.499,14562.319,14580.799
2023.10.03,12:00,14580.899,14636.709,14503.309,14571.799
2023.10.03,16:00,14571.557,14585.489,14549.909,14569.319
2023.10.03,20:00,14569.559,14585.409,14493.549,14509.799
2023.10.04,00:00,14510.509,14543.389,14442.269,14500.899
2023.10.04,04:00,14500.859,14606.369,14484.879,14596.679
2023.10.04,08:00,14596.697,14748.789,14586.839,14746.879
2023.10.04,12:00,14746.839,14806.999,14655.899,14767.219
2023.10.04,16:00,14767.899,14771.407,14750.419,14770.459
2023.10.04,20:00,14770.309,14801.399,14744.489,14793.159
2023.10.05,00:00,14793.289,14798.649,14724.649,14740.929
2023.10.05,04:00,14741.099,14803.489,14707.759,14800.719
2023.10.05,08:00,14800.319,14814.379,14579.439,14629.619
2023.10.05,12:00,14629.687,14767.599,14622.419,14726.529
2023.10.05,16:00,14727.029,14733.289,14711.239,14714.649
2023.10.05,20:00,14714.229,14740.799,14707.559,14725.879
2023.10.06,00:00,14726.409,14753.089,14699.409,14749.129
2023.10.06,04:00,14749.249,14784.289,14723.239,14737.389
2023.10.06,08:00,14737.317,14909.499,14522.819,14909.279
2023.10.06,12:00,14908.309,15021.399,14881.039,14973.219
2023.10.06,16:00,14973.499,14995.599,14969.159,14994.289
2023.10.08,16:00,14876.229,14901.269,14854.019,14890.219
2023.10.08,20:00,14890.247,14893.919,14841.019,14843.729
2023.10.09,00:00,14843.777,14895.499,14834.329,14862.309
2023.10.09,04:00,14862.399,14890.389,14838.109,14854.569
2023.10.09,08:00,14853.029,14928.899,14813.109,14911.989
2023.10.09,12:00,14912.679,15070.849,14906.629,15047.539
2023.10.09,16:00,15047.619,15060.139,15045.339,15058.999
2023.10.09,20:00,15058.777,15096.999,15049.749,15074.889
2023.10.10,00:00,15075.087,15093.599,15046.609,15073.269
2023.10.10,04:00,15072.769,15098.289,15031.839,15037.879
2023.10.10,08:00,15037.049,15242.789,15032.849,15231.829
2023.10.10,12:00,15231.897,15235.589,15114.819,15128.409
2023.10.10,16:00,15129.309,15151.419,15128.909,15148.089
2023.10.10,20:00,15147.739,15163.889,15142.549,15157.109
2023.10.11,00:00,15157.209,15176.619,15138.129,15155.569
2023.10.11,04:00,15155.149,15206.079,15134.329,15194.009
2023.10.11,08:00,15193.919,15248.569,15145.099,15176.519
2023.10.11,12:00,15176.289,15248.389,15116.589,15242.829
2023.10.11,16:00,15242.889,15284.149,15237.679,15283.669
2023.10.11,20:00,15283.509,15299.489,15278.609,15293.099
2023.10.12,00:00,15292.849,15316.109,15282.069,15289.119
2023.10.12,04:00,15289.289,15315.099,15282.719,15303.749
2023.10.12,08:00,15304.259,15336.079,15230.209,15312.809
2023.10.12,12:00,15313.789,15338.287,15086.039,15183.059
2023.10.12,16:00,15183.839,15206.559,15182.629,15200.527
2023.10.12,20:00,15200.599,15215.569,15190.549,15198.549
2023.10.13,00:00,15198.319,15210.569,15175.739,15192.699
2023.10.13,04:00,15193.099,15205.409,15088.059,15137.629
2023.10.13,08:00,15137.769,15237.799,14983.189,14992.219
2023.10.13,12:00,14992.339,15076.289,14938.059,14997.329
2023.10.13,16:00,14997.519,14998.689,14977.169,14981.529
2023.10.15,16:00,14999.859,15042.559,14999.039,15042.559
2023.10.15,20:00,15042.577,15063.799,15028.119,15040.119
2023.10.16,00:00,15039.709,15061.349,14982.319,14993.539
2023.10.16,04:00,14993.597,15032.359,14959.339,15021.079
2023.10.16,08:00,15020.779,15201.409,15001.549,15145.589
2023.10.16,12:00,15145.339,15211.559,15087.359,15166.749
2023.10.16,16:00,15166.989,15182.499,15148.609,15166.759
2023.10.16,20:00,15166.747,15172.989,15139.519,15151.099
2023.10.17,00:00,15150.719,15177.799,15134.129,15168.319
2023.10.17,04:00,15168.317,15171.769,15100.829,15124.249
2023.10.17,08:00,15123.259,15163.699,14928.779,15152.069
2023.10.17,12:00,15151.769,15189.169,15058.809,15120.359
2023.10.17,16:00,15120.769,15129.989,15090.219,15091.719
2023.10.17,20:00,15090.639,15109.789,15067.059,15097.719
2023.10.18,00:00,15097.769,15104.569,15044.629,15081.819
2023.10.18,04:00,15081.879,15095.499,15019.309,15036.529
2023.10.18,08:00,15035.819,15106.619,14977.089,15012.999
2023.10.18,12:00,15011.879,15060.179,14862.849,14906.159
2023.10.18,16:00,14906.217,14952.719,14906.217,14925.649
2023.10.18,20:00,14925.839,14945.789,14869.239,14884.089
2023.10.19,00:00,14884.269,14921.589,14825.549,14863.609
2023.10.19,04:00,14863.219,14957.269,14858.579,14922.009
2023.10.19,08:00,14921.779,14998.309,14857.629,14927.709
2023.10.19,12:00,14928.239,15028.799,14745.699,14779.819
2023.10.19,16:00,14779.839,14781.299,14715.579,14738.029
2023.10.19,20:00,14737.519,14750.309,14712.059,14741.289
2023.10.20,00:00,14741.609,14750.299,14690.659,14724.729
2023.10.20,04:00,14726.609,14781.677,14715.719,14757.509
2023.10.20,08:00,14757.587,14781.809,14557.739,14622.579
2023.10.20,12:00,14622.219,14700.399,14551.369,14562.259
2023.10.20,16:00,14561.389,14567.299,14545.717,14546.219
2023.10.22,16:00,14592.219,14609.989,14563.109,14609.599
2023.10.22,20:00,14608.189,14614.899,14583.299,14589.239
2023.10.23,00:00,14588.829,14607.099,14530.789,14538.829
2023.10.23,04:00,14540.509,14568.799,14420.079,14492.399
2023.10.23,08:00,14491.829,14667.119,14414.879,14658.599
2023.10.23,12:00,14658.899,14752.809,14598.639,14605.869
2023.10.23,16:00,14605.699,14663.379,14604.789,14662.759
2023.10.23,20:00,14662.329,14667.809,14620.529,14655.059
2023.10.24,00:00,14655.087,14724.549,14651.769,14685.659
2023.10.24,04:00,14685.719,14718.319,14641.039,14706.209
2023.10.24,08:00,14706.217,14776.659,14661.889,14721.847
2023.10.24,12:00,14721.759,14762.089,14607.329,14744.669
2023.10.24,16:00,14745.799,14849.399,14678.409,14717.479
2023.10.24,20:00,14717.619,14718.979,14687.209,14688.089
2023.10.25,00:00,14687.899,14694.189,14615.529,14645.619
2023.10.25,04:00,14645.687,14685.299,14634.379,14669.799
2023.10.25,08:00,14669.587,14691.919,14481.229,14484.727
2023.10.25,12:00,14484.609,14500.619,14359.019,14387.089
2023.10.25,16:00,14387.179,14406.409,14244.669,14263.029
2023.10.25,20:00,14262.919,14293.049,14215.559,14233.269
2023.10.26,00:00,14233.299,14242.489,14170.049,14215.099
2023.10.26,04:00,14215.179,14279.599,14208.689,14244.789
2023.10.26,08:00,14244.509,14372.749,14140.849,14180.119
2023.10.26,12:00,14180.319,14245.599,14053.889,14110.109
2023.10.26,16:00,14110.809,14232.299,14094.109,14229.409
2023.10.26,20:00,14227.599,14232.609,14183.209,14220.919
2023.10.27,00:00,14220.789,14239.989,14190.389,14221.809
2023.10.27,04:00,14221.579,14257.609,14190.749,14195.059
2023.10.27,08:00,14195.017,14325.389,14184.519,14291.789
2023.10.27,12:00,14291.489,14302.799,14128.249,14183.089
2023.10.27,16:00,14183.109,14201.589,14181.179,14184.289
2023.10.29,16:00,14246.409,14262.999,14220.909,14257.029
2023.10.29,20:00,14256.779,14269.199,14243.769,14252.019
2023.10.30,00:00,14253.099,14302.099,14243.659,14278.119
2023.10.30,04:00,14276.669,14309.399,14263.109,14278.149
2023.10.30,08:00,14278.289,14394.749,14225.229,14246.389
2023.10.30,12:00,14246.309,14387.289,14237.609,14333.169
2023.10.30,16:00,14324.689,14332.689,14285.719,14299.019
2023.10.30,20:00,14299.037,14304.289,14244.069,14255.299
2023.10.31,00:00,14255.089,14333.999,14236.769,14332.099
2023.10.31,04:00,14331.899,14370.399,14296.539,14329.239
2023.10.31,08:00,14329.769,14358.499,14229.139,14353.539
2023.10.31,12:00,14354.329,14420.899,14331.259,14387.799
2023.10.31,16:00,14391.419,14391.609,14362.199,14371.599
2023.10.31,20:00,14371.557,14395.149,14357.869,14391.249
2023.11.01,00:00,14391.359,14410.899,14349.209,14357.839
2023.11.01,04:00,14357.869,14431.669,14330.069,14417.269
2023.11.01,08:00,14416.619,14568.539,14388.749,14505.099
2023.11.01,12:00,14504.817,14678.909,14477.089,14659.179
2023.11.01,16:00,14683.599,14729.669,14681.869,14720.079
2023.11.01,20:00,14720.067,14738.909,14718.159,14726.559
2023.11.02,00:00,14726.409,14767.299,14702.719,14760.079
2023.11.02,04:00,14760.117,14874.089,14759.619,14867.717
2023.11.02,08:00,14867.989,14892.759,14791.239,14873.839
2023.11.02,12:00,14874.279,14929.889,14864.539,14900.609
2023.11.02,16:00,14861.139,14883.789,14856.509,14874.009
2023.11.02,20:00,14874.287,14888.589,14870.009,14878.829
2023.11.03,00:00,14879.109,14889.799,14861.849,14866.169
2023.11.03,04:00,14866.217,14987.689,14853.589,14967.909
2023.11.03,08:00,14967.827,15116.889,14940.889,15109.639
2023.11.03,12:00,15109.919,15149.487,15079.859,15110.119
2023.11.05,16:00,15110.649,15123.887,15084.309,15092.749
2023.11.05,20:00,15092.757,15111.399,15089.029,15100.209
2023.11.06,00:00,15100.569,15138.809,15095.759,15126.829
2023.11.06,04:00,15126.897,15146.619,15116.039,15127.209
2023.11.06,08:00,15129.069,15179.887,15107.789,15147.579
2023.11.06,12:00,15147.699,15159.829,15061.739,15157.859
2023.11.06,16:00,15157.849,15158.289,15126.899,15130.249
2023.11.06,20:00,15129.679,15147.399,15123.769,15130.019
2023.11.07,00:00,15130.289,15151.609,15108.619,15144.789
2023.11.07,04:00,15145.159,15148.899,15100.559,15147.489
2023.11.07,08:00,15147.379,15327.089,15144.139,15299.129
2023.11.07,12:00,15299.529,15336.589,15254.809,15300.129
2023.11.07,16:00,15301.039,15301.599,15286.739,15290.039
2023.11.07,20:00,15290.339,15300.627,15273.309,15283.709
2023.11.08,00:00,15284.109,15293.659,15261.869,15279.899
2023.11.08,04:00,15280.047,15303.999,15268.719,15302.099
2023.11.08,08:00,15301.709,15343.239,15257.169,15263.509
2023.11.08,12:00,15263.809,15320.499,15213.319,15311.819
2023.11.08,16:00,15311.909,15311.909,15274.619,15285.289
2023.11.08,20:00,15285.307,15306.229,15282.529,15301.359
2023.11.09,00:00,15301.377,15326.909,15290.769,15301.769
2023.11.09,04:00,15301.629,15330.989,15291.669,15313.339
2023.11.09,08:00,15313.597,15384.909,15279.729,15374.619
2023.11.09,12:00,15374.717,15375.897,15168.789,15190.379
2023.11.09,16:00,15190.679,15195.489,15138.659,15163.549
2023.11.09,20:00,15163.557,15184.107,15161.889,15178.847
2023.11.10,00:00,15178.809,15203.259,15168.529,15179.749
2023.11.10,04:00,15179.629,15213.487,15138.329,15207.229
2023.11.10,08:00,15207.297,15381.899,15196.249,15380.769
2023.11.10,12:00,15380.639,15534.409,15375.729,15530.169
2023.11.10,16:00,15530.389,15537.687,15523.719,15534.859
2023.11.12,16:00,15518.109,15531.309,15471.109,15479.017
2023.11.12,20:00,15478.899,15481.799,15440.059,15444.209
2023.11.13,00:00,15444.117,15473.399,15440.109,15471.609
2023.11.13,04:00,15472.069,15499.299,15465.229,15493.089
2023.11.13,08:00,15492.779,15523.599,15397.037,15505.569
2023.11.13,12:00,15505.729,15523.889,15472.739,15482.119
2023.11.13,16:00,15483.179,15499.359,15480.179,15498.299
2023.11.13,20:00,15498.257,15512.899,15492.089,15507.619
2023.11.14,00:00,15507.799,15531.309,15497.839,15530.719
2023.11.14,04:00,15530.787,15542.789,15502.359,15517.529
2023.11.14,08:00,15517.239,15838.419,15490.659,15778.339
2023.11.14,12:00,15779.099,15849.889,15753.149,15810.929
2023.11.14,16:00,15810.029,15840.919,15806.879,15833.849
2023.11.14,20:00,15834.089,15861.089,15828.689,15849.549
2023.11.15,00:00,15849.679,15891.887,15840.699,15888.409
2023.11.15,04:00,15888.387,15917.989,15853.819,15916.919
2023.11.15,08:00,15916.539,15975.699,15823.569,15829.019
2023.11.15,12:00,15829.349,15859.989,15763.149,15823.119
2023.11.15,16:00,15822.169,15823.109,15763.939,15809.789
2023.11.15,20:00,15809.469,15809.469,15759.819,15785.789
2023.11.16,00:00,15785.809,15808.089,15782.239,15792.509
2023.11.16,04:00,15791.719,15807.779,15763.989,15768.819
2023.11.16,08:00,15768.949,15841.359,15734.709,15777.689
2023.11.16,12:00,15778.189,15843.399,15769.119,15834.859
2023.11.16,16:00,15834.879,15841.119,15820.599,15830.219
2023.11.16,20:00,15830.257,15840.219,15824.399,15831.219
2023.11.17,00:00,15831.317,15850.169,15813.109,15838.249
2023.11.17,04:00,15838.529,15856.619,15818.669,15838.989
2023.11.17,08:00,15839.049,15857.489,15764.659,15819.089
2023.11.17,12:00,15819.149,15879.199,15803.359,15836.319
2023.11.17,16:00,15836.729,15838.799,15822.829,15825.019
2023.11.19,16:00,15838.839,15843.989,15788.729,15803.999
2023.11.19,20:00,15803.849,15812.709,15791.759,15794.409
2023.11.20,00:00,15794.549,15829.889,15778.009,15824.269
2023.11.20,04:00,15824.809,15871.819,15824.809,15835.319
2023.11.20,08:00,15835.217,15963.149,15827.739,15955.729
2023.11.20,12:00,15956.149,16058.809,15945.889,16029.489
2023.11.20,16:00,16029.999,16050.099,16020.209,16044.169
2023.11.20,20:00,16043.959,16063.999,16039.309,16050.359
2023.11.21,00:00,16050.429,16054.829,16013.859,16026.389
2023.11.21,04:00,16026.167,16035.499,15980.119,15983.179
2023.11.21,08:00,15982.989,15984.759,15863.629,15907.319
2023.11.21,12:00,15907.339,15946.359,15888.539,15936.819
2023.11.21,16:00,15934.629,15936.789,15889.709,15911.859
2023.11.21,20:00,15913.469,15930.709,15907.429,15918.139
2023.11.22,00:00,15918.359,15928.789,15889.889,15906.919
2023.11.22,04:00,15906.867,16007.499,15901.329,15993.849
2023.11.22,08:00,15994.159,16121.309,15956.989,16033.549
2023.11.22,12:00,16033.989,16054.699,15962.359,15997.409
2023.11.22,16:00,15998.359,16003.119,15988.519,16002.539
2023.11.22,20:00,16002.669,16017.549,16000.569,16004.519
2023.11.23,00:00,16004.289,16037.999,16004.079,16035.219
2023.11.23,04:00,16035.257,16041.809,16013.209,16015.229
2023.11.23,08:00,16015.599,16029.989,16007.729,16018.749
2023.11.23,16:00,16031.729,16032.079,16015.809,16025.659
2023.11.23,20:00,16025.647,16026.659,16013.619,16017.569
2023.11.24,00:00,16017.547,16019.099,15982.769,15999.259
2023.11.24,04:00,15999.119,16026.629,15981.159,15993.209
2023.11.24,08:00,15993.259,16009.619,15937.809,15974.659
2023.11.24,12:00,15974.647,15977.049,15968.769,15974.019
2023.11.26,16:00,15964.179,15964.389,15923.219,15925.819
2023.11.26,20:00,15926.179,15942.889,15895.789,15904.059
2023.11.27,00:00,15904.189,15956.099,15896.729,15951.789
2023.11.27,04:00,15951.649,15975.099,15928.489,15961.189
2023.11.27,08:00,15961.289,16024.589,15928.519,16013.219
2023.11.27,12:00,16013.059,16047.619,15957.389,15965.389
2023.11.27,16:00,15965.669,15971.589,15946.309,15964.129
2023.11.27,20:00,15964.099,15973.309,15951.009,15957.069
2023.11.28,00:00,15957.319,15972.899,15909.529,15931.289
2023.11.28,04:00,15930.819,15970.179,15926.549,15930.599
2023.11.28,08:00,15930.559,16032.289,15905.169,16015.799
2023.11.28,12:00,16016.529,16019.889,15929.519,16007.139
2023.11.28,16:00,16007.559,16028.919,15999.969,16025.699
2023.11.28,20:00,16025.399,16045.499,16018.279,16034.579
2023.11.29,00:00,16034.489,16058.779,16015.619,16042.139
2023.11.29,04:00,16042.269,16104.019,16037.799,16103.989
2023.11.29,08:00,16103.727,16167.889,15993.869,16028.609
2023.11.29,12:00,16028.509,16061.099,15975.299,15987.449
2023.11.29,16:00,15986.519,16019.799,15986.519,16012.789
2023.11.29,20:00,16012.739,16019.399,15997.919,16017.349
2023.11.30,00:00,16017.509,16033.309,15993.759,15998.999
2023.11.30,04:00,15998.989,16040.719,15998.719,16036.489
2023.11.30,08:00,16037.009,16060.479,15830.759,15831.779
2023.11.30,12:00,15832.049,15955.319,15821.419,15943.499
2023.11.30,16:00,15944.319,15949.419,15915.229,15923.889
2023.11.30,20:00,15923.769,15935.299,15912.529,15920.609
2023.12.01,00:00,15920.527,15950.769,15910.719,15946.459
2023.12.01,04:00,15946.417,15965.599,15884.319,15889.239
2023.12.01,08:00,15889.429,15984.339,15831.279,15960.239
2023.12.01,12:00,15959.869,16016.289,15945.959,15992.089
2023.12.01,16:00,15991.599,16002.269,15977.309,15997.029
2023.12.03,16:00,15992.529,15993.389,15940.719,15943.539
2023.12.03,20:00,15943.409,15954.399,15934.009,15948.789
2023.12.04,00:00,15948.399,15970.239,15911.299,15954.279
2023.12.04,04:00,15954.539,15959.989,15897.139,15930.559
2023.12.04,08:00,15929.559,15935.109,15692.819,15797.629
2023.12.04,12:00,15798.119,15854.159,15765.339,15839.859
2023.12.04,16:00,15839.877,15842.889,15812.299,15813.519
2023.12.04,20:00,15813.839,15819.249,15797.249,15797.479
2023.12.05,00:00,15797.379,15800.369,15731.319,15770.649
2023.12.05,04:00,15770.697,15784.599,15732.169,15750.909
2023.12.05,08:00,15750.309,15932.689,15738.919,15840.209
2023.12.05,12:00,15840.499,15884.199,15799.769,15883.689
2023.12.05,16:00,15883.999,15938.509,15864.009,15937.309
2023.12.05,20:00,15937.369,15961.189,15936.109,15952.699
2023.12.06,00:00,15952.949,15960.689,15926.209,15934.869
2023.12.06,04:00,15934.319,15951.389,15894.829,15913.929
2023.12.06,08:00,15913.977,16011.359,15837.659,15890.329
2023.12.06,12:00,15889.429,15898.499,15776.939,15790.289
2023.12.06,16:00,15789.709,15803.999,15780.219,15794.239
2023.12.06,20:00,15794.649,15802.349,15778.859,15792.629
2023.12.07,00:00,15792.799,15815.889,15770.119,15799.229
2023.12.07,04:00,15799.389,15839.339,15781.999,15837.959
2023.12.07,08:00,15838.129,16006.699,15828.219,16005.349
2023.12.07,12:00,16005.439,16044.409,15989.329,16014.999
2023.12.07,16:00,16014.197,16014.209,15995.979,16003.169
2023.12.07,20:00,16003.137,16008.899,15986.719,16006.619
2023.12.08,00:00,16007.239,16008.189,15968.439,15987.619
2023.12.08,04:00,15986.899,16018.599,15950.859,15968.259
2023.12.08,08:00,15968.489,16095.919,15871.219,16011.159
2023.12.08,12:00,16010.899,16101.319,15973.819,16082.029
2023.12.08,16:00,16081.699,16081.699,16069.579,16076.029
2023.12.10,16:00,16075.909,16097.879,16053.049,16059.849
2023.12.10,20:00,16059.629,16061.299,16034.599,16037.009
2023.12.11,00:00,16036.589,16061.589,16033.609,16047.199
2023.12.11,04:00,16047.379,16074.859,16029.509,16062.409
2023.12.11,08:00,16062.209,16186.909,16042.659,16148.749
2023.12.11,12:00,16149.039,16232.599,16134.099,16220.909
2023.12.11,16:00,16220.739,16258.459,16214.619,16244.569
2023.12.11,20:00,16244.519,16249.169,16232.649,16242.839
2023.12.12,00:00,16242.889,16266.289,16241.409,16243.009
2023.12.12,04:00,16242.929,16268.929,16236.519,16265.649
2023.12.12,08:00,16265.909,16319.439,16171.109,16262.499
2023.12.12,12:00,16262.119,16355.749,16241.709,16354.119
2023.12.12,16:00,16354.049,16390.719,16350.309,16382.699
2023.12.12,20:00,16382.589,16386.299,16376.429,16383.259
2023.12.13,00:00,16383.439,16395.389,16370.539,16386.239
2023.12.13,04:00,16386.399,16391.199,16370.029,16382.899
2023.12.13,08:00,16382.729,16433.609,16374.159,16380.979
2023.12.13,12:00,16381.299,16584.809,16355.449,16559.949
2023.12.13,16:00,16560.729,16641.399,16533.309,16640.629
2023.12.13,20:00,16641.049,16665.709,16631.269,16656.239
2023.12.14,00:00,16657.299,16664.409,16624.529,16629.759
2023.12.14,04:00,16629.889,16636.299,16601.079,16621.059
2023.12.14,08:00,16620.709,16658.669,16527.639,16564.719
2023.12.14,12:00,16564.599,16605.749,16416.829,16541.379
2023.12.14,16:00,16542.309,16560.659,16518.809,16546.499
2023.12.14,20:00,16546.379,16566.389,16533.589,16564.249
2023.12.15,00:00,16564.169,16588.779,16552.409,16584.229
2023.12.15,04:00,16584.287,16599.489,16577.559,16583.079
2023.12.15,08:00,16582.729,16672.489,16543.359,16649.369
2023.12.15,12:00,16650.399,16655.899,16549.119,16604.529
2023.12.15,16:00,16604.189,16617.239,16602.529,16607.259
2023.12.17,16:00,16613.669,16624.589,16588.739,16611.769
2023.12.17,20:00,16611.707,16639.399,16606.029,16638.809
2023.12.18,00:00,16638.659,16644.999,16594.749,16628.919
2023.12.18,04:00,16628.847,16641.089,16603.269,16627.289
2023.12.18,08:00,16627.279,16706.309,16616.779,16697.139
2023.12.18,12:00,16697.369,16766.299,16697.129,16731.129
2023.12.18,16:00,16731.399,16731.589,16705.259,16712.829
2023.12.18,20:00,16712.867,16728.739,16701.419,16718.879
2023.12.19,00:00,16718.379,16738.999,16708.409,16731.029
2023.12.19,04:00,16731.219,16779.429,16726.329,16762.199
2023.12.19,08:00,16762.489,16803.999,16736.359,16773.019
2023.12.19,12:00,16773.789,16816.499,16756.809,16809.709
2023.12.19,16:00,16810.469,16828.399,16804.159,16823.849
2023.12.19,20:00,16824.019,16835.709,16819.219,16830.769
2023.12.20,00:00,16830.469,16835.889,16772.119,16775.619
2023.12.20,04:00,16775.657,16781.329,16751.919,16761.919
2023.12.20,08:00,16761.887,16864.289,16760.399,16830.209
2023.12.20,12:00,16830.479,16854.489,16552.629,16559.669
2023.12.20,16:00,16558.699,16610.139,16550.509,16601.919
2023.12.20,20:00,16601.927,16635.259,16598.209,16635.019
2023.12.21,00:00,16634.849,16679.709,16631.269,16670.399
2023.12.21,04:00,16670.407,16687.589,16656.279,16679.969
2023.12.21,08:00,16679.869,16766.819,16643.979,16677.919
2023.12.21,12:00,16679.179,16765.739,16617.109,16750.439
2023.12.21,16:00,16750.417,16757.199,16730.369,16730.629
2023.12.21,20:00,16730.779,16735.369,16701.629,16713.679
2023.12.22,00:00,16713.779,16720.309,16692.849,16702.599
2023.12.22,04:00,16702.669,16753.009,16699.619,16746.939
2023.12.22,08:00,16747.129,16843.279,16731.349,16790.359
2023.12.22,12:00,16790.599,16822.119,16697.059,16783.309
2023.12.22,16:00,16782.339,16787.899,16767.579,16771.139
2023.12.25,16:00,16791.199,16812.989,16785.899,16798.549
2023.12.25,20:00,16798.249,16830.269,16793.329,16823.809
2023.12.26,00:00,16823.669,16838.679,16821.209,16825.289
2023.12.26,04:00,16824.549,16825.599,16786.819,16817.219
2023.12.26,08:00,16817.159,16863.299,16799.219,16852.399
2023.12.26,12:00,16852.619,16911.809,16838.859,16885.899
2023.12.26,16:00,16886.349,16895.479,16874.969,16876.069
2023.12.26,20:00,16876.129,16879.389,16866.719,16875.219
2023.12.27,00:00,16875.189,16893.519,16865.609,16882.979
2023.12.27,04:00,16884.149,16884.899,16866.429,16881.139
2023.12.27,08:00,16881.309,16918.299,16849.289,16887.119
2023.12.27,12:00,16887.229,16926.599,16861.619,16914.849
2023.12.27,16:00,16915.169,16940.289,16908.829,16937.069
2023.12.27,20:00,16937.027,16958.099,16935.769,16944.519
2023.12.28,00:00,16944.619,16961.519,16944.409,16951.789
2023.12.28,04:00,16952.289,16965.299,16948.039,16957.139
2023.12.28,08:00,16956.769,16968.389,16912.269,16922.209
2023.12.28,12:00,16922.319,16945.909,16889.629,16903.989
2023.12.28,16:00,16904.429,16920.899,16895.649,16920.809
2023.12.28,20:00,16920.877,16921.399,16900.009,16905.299
2023.12.29,00:00,16905.499,16943.009,16904.509,16929.769
2023.12.29,04:00,16929.899,16934.429,16888.469,16896.959
2023.12.29,08:00,16896.629,16920.629,16750.759,16789.329
2023.12.29,12:00,16789.259,16861.919,16755.759,16830.919
2023.12.29,16:00,16831.989,16833.959,16820.139,16823.819
2024.01.01,16:00,16829.339,16848.909,16825.809,16838.879
2024.01.01,20:00,16838.827,16850.489,16812.889,16819.719
2024.01.02,00:00,16819.979,16848.589,16814.839,16839.019
2024.01.02,04:00,16838.899,16840.019,16629.159,16635.169
2024.01.02,08:00,16634.489,16689.599,16508.659,16602.639
2024.01.02,12:00,16602.939,16611.699,16447.759,16546.559
2024.01.02,16:00,16546.769,16561.189,16538.569,16540.059
2024.01.02,20:00,16540.589,16544.499,16517.059,16518.409
2024.01.03,00:00,16518.439,16552.889,16495.959,16497.529
2024.01.03,04:00,16500.389,16511.899,16426.509,16432.799
2024.01.03,08:00,16432.567,16477.389,16368.929,16387.969
2024.01.03,12:00,16388.059,16454.909,16349.949,16369.109
2024.01.03,16:00,16369.959,16396.369,16356.139,16392.939
2024.01.03,20:00,16393.289,16395.859,16375.919,16381.899
2024.01.04,00:00,16381.929,16420.199,16373.319,16382.589
2024.01.04,04:00,16382.649,16413.789,16338.469,16352.429
2024.01.04,08:00,16352.399,16420.879,16277.019,16360.709
2024.01.04,12:00,16360.619,16366.399,16273.549,16283.729
2024.01.04,16:00,16282.829,16307.059,16274.899,16297.349
2024.01.04,20:00,16297.209,16307.699,16279.829,16280.789
2024.01.05,00:00,16281.009,16282.999,16236.889,16247.449
2024.01.05,04:00,16247.809,16259.089,16206.029,16230.799
2024.01.05,08:00,16230.529,16416.269,16173.219,16356.099
2024.01.05,12:00,16355.919,16358.389,16243.979,16300.949
2024.01.05,16:00,16301.909,16308.509,16296.379,16307.219
2024.01.07,16:00,16322.919,16338.209,16322.179,16333.379
2024.01.07,20:00,16333.249,16340.599,16278.349,16288.909
2024.01.08,00:00,16288.969,16302.269,16263.619,16265.209
2024.01.08,04:00,16265.909,16326.659,16218.749,16324.889
2024.01.08,08:00,16324.759,16521.489,16310.269,16519.629
2024.01.08,12:00,16519.569,16653.179,16516.849,16642.689
2024.01.08,16:00,16632.299,16636.389,16623.349,16630.179
2024.01.08,20:00,16629.899,16638.999,16619.949,16624.349
2024.01.09,00:00,16624.619,16630.709,16579.889,16588.409
2024.01.09,04:00,16588.419,16596.719,16529.749,16565.789
2024.01.09,08:00,16565.919,16681.029,16501.839,16680.759
2024.01.09,12:00,16681.609,16716.629,16629.139,16678.659
2024.01.09,16:00,16678.659,16700.089,16675.179,16686.909
2024.01.09,20:00,16687.349,16690.789,16671.549,16677.259
2024.01.10,00:00,16677.257,16713.889,16656.219,16707.799
2024.01.10,04:00,16707.909,16755.079,16683.839,16690.529
2024.01.10,08:00,16690.899,16746.019,16653.059,16727.089
2024.01.10,12:00,16727.599,16830.609,16717.329,16789.669
2024.01.10,16:00,16789.399,16837.899,16786.709,16825.799
2024.01.10,20:00,16829.089,16861.049,16828.289,16849.599
2024.01.11,00:00,16849.619,16899.629,16843.739,16893.669
2024.01.11,04:00,16893.489,16894.109,16844.609,16855.079
2024.01.11,08:00,16855.489,16906.589,16612.389,16632.399
2024.01.11,12:00,16632.859,16842.819,16630.909,16825.349
2024.01.11,16:00,16824.859,16828.739,16790.209,16793.839
2024.01.11,20:00,16794.099,16823.699,16781.889,16806.279
2024.01.12,00:00,16806.529,16834.899,16775.769,16823.569
2024.01.12,04:00,16823.349,16837.709,16727.029,16768.819
2024.01.12,08:00,16769.209,16903.819,16755.579,16788.119
2024.01.12,12:00,16788.869,16854.019,16777.879,16831.219
2024.01.12,16:00,16832.159,16832.409,16820.209,16821.579
2024.01.14,16:00,16818.399,16825.289,16800.269,16817.299
2024.01.14,20:00,16817.119,16853.069,16808.019,16853.069
2024.01.15,00:00,16852.909,16883.299,16829.169,16829.329
2024.01.15,04:00,16829.899,16845.589,16808.159,16824.279
2024.01.15,08:00,16824.229,16841.198,16798.709,16822.999
2024.01.15,12:00,16823.01,16834.053,16816.098,16830.409
2024.01.15,16:00,16820.299,16826.186,16752.831,16754.21
2024.01.15,20:00,16754.586,16779.089,16743.72,16757.097
2024.01.16,00:00,16756.898,16757.899,16674.187,16702.919
2024.01.16,04:00,16705.086,16778.399,16687.72,16773.864
2024.01.16,08:00,16773.709,16898.364,16718.376,16812.587
2024.01.16,12:00,16812.989,16832.22,16725.197,16830.364
2024.01.16,16:00,16830.719,16844.589,16819.308,16823.908
2024.01.16,20:00,16823.609,16826.32,16767.82,16785.298
2024.01.17,00:00,16785.186,16785.609,16680.198,16700.819
2024.01.17,04:00,16701.898,16771.332,16682.175,16753.719
2024.01.17,08:00,16753.764,16753.764,16559.731,16680.521
2024.01.17,12:00,16680.842,16755.321,16603.675,16739.886
2024.01.17,16:00,16739.389,16741.309,16709.631,16740.886
2024.01.17,20:00,16741.319,16747.797,16714.72,16723.299
2024.01.18,00:00,16723.164,16792.021,16718.754,16766.81
2024.01.18,04:00,16767.042,16900.319,16764.742,16881.654
2024.01.18,08:00,16882.387,16973.565,16851.798,16950.02
2024.01.18,12:00,16950.876,16997.176,16814.042,16979.243
2024.01.18,16:00,16979.332,17031.899,16963.243,17025.531
2024.01.18,20:00,17025.562,17050.72,17004.298,17041.52
2024.01.19,00:00,17041.889,17082.897,17020.254,17082.286
2024.01.19,04:00,17082.251,17125.499,17074.254,17110.797
2024.01.19,08:00,17110.643,17144.095,17039.775,17139.254
2024.01.19,12:00,17139.376,17319.499,17109.62,17314.321
2024.01.19,16:00,17314.899,17334.819,17308.643,17328.064
2024.01.21,16:00,17342.308,17435.12,17342.308,17429.097
2024.01.21,20:00,17429.154,17441.186,17409.721,17424.521
2024.01.22,00:00,17424.62,17429.121,17387.81,17409.076
2024.01.22,04:00,17409.232,17451.754,17392.553,17439.599
2024.01.22,08:00,17439.799,17452.609,17308.209,17380.198
2024.01.22,12:00,17380.297,17382.021,17304.054,17330.164
2024.01.22,16:00,17329.687,17345.319,17314.254,17341.819
2024.01.22,20:00,17342.553,17357.821,17324.621,17344.709
2024.01.23,00:00,17344.619,17357.309,17294.131,17309.51
2024.01.23,04:00,17309.519,17360.064,17306.321,17354.053
2024.01.23,08:00,17353.743,17397.899,17283.62,17341.789
2024.01.23,12:00,17341.754,17413.889,17316.709,17404.176
2024.01.23,16:00,17404.021,17464.108,17385.332,17461.021
2024.01.23,20:00,17460.02,17473.098,17444.71,17470.319
2024.01.24,00:00,17470.186,17529.02,17466.22,17525.109
2024.01.24,04:00,17523.775,17546.499,17517.22,17539.276
2024.01.24,08:00,17539.299,17641.864,17514.31,17624.886
2024.01.24,12:00,17624.765,17667.919,17479.819,17502.565
2024.01.24,16:00,17501.708,17509.589,17445.242,17503.108
2024.01.24,20:00,17503.253,17515.898,17469.564,17490.109
2024.01.25,00:00,17489.687,17535.521,17483.521,17515.831
2024.01.25,04:00,17516.12,17543.743,17490.664,17517.864
2024.01.25,08:00,17518.61,17631.897,17495.397,17604.298
2024.01.25,12:00,17604.342,17611.742,17422.597,17519.743
2024.01.25,16:00,17519.799,17531.598,17411.865,17413.387
2024.01.25,20:00,17413.531,17422.743,17366.586,17374.064
2024.01.26,00:00,17373.754,17405.231,17348.831,17366.276
2024.01.26,04:00,17368.11,17472.799,17351.32,17448.386
2024.01.26,08:00,17448.565,17515.687,17391.098,17495.989
2024.01.26,12:00,17495.62,17517.331,17390.232,17414.864
2024.01.26,16:00,17414.643,17417.398,17394.01,17395.386
2024.01.28,16:00,17385.376,17385.653,17344.664,17383.186
2024.01.28,20:00,17383.254,17434.289,17383.231,17418.153
2024.01.29,00:00,17418.065,17471.687,17412.764,17469.565
2024.01.29,04:00,17467.776,17477.753,17427.898,17442.643
2024.01.29,08:00,17442.743,17471.489,17409.71,17470.131
2024.01.29,12:00,17470.619,17604.589,17465.664,17595.164
2024.01.29,16:00,17595.786,17623.489,17575.643,17616.486
2024.01.29,20:00,17616.299,17618.699,17590.587,17600.008
2024.01.30,00:00,17600.965,17616.399,17553.508,17605.276
2024.01.30,04:00,17604.889,17608.976,17565.209,17568.12
2024.01.30,08:00,17568.987,17573.487,17509.71,17531.208
2024.01.30,12:00,17531.608,17538.575,17439.586,17476.775
2024.01.30,16:00,17475.089,17497.808,17302.387,17338.454
2024.01.30,20:00,17338.943,17344.409,17316.32,17341.689
2024.01.31,00:00,17341.507,17360.454,17319.531,17338.565
2024.01.31,04:00,17338.596,17340.809,17225.753,17319.964
2024.01.31,08:00,17320.231,17344.776,17181.231,17237.298
2024.01.31,12:00,17237.786,17381.254,17128.242,17137.298
2024.01.31,16:00,17136.309,17217.719,17118.686,17205.709
2024.01.31,20:00,17205.743,17227.189,17189.421,17218.798
2024.02.01,00:00,17218.708,17254.475,17164.21,17252.62
2024.02.01,04:00,17251.143,17264.708,17223.153,17247.586
2024.02.01,08:00,17247.584,17276.689,17170.008,17230.42
2024.02.01,12:00,17230.775,17356.889,17228.487,17343.097
2024.02.01,16:00,17342.586,17511.219,17320.298,17506.71
2024.02.01,20:00,17506.943,17535.486,17503.11,17511.175
2024.02.02,00:00,17510.731,17532.199,17484.031,17520.921
2024.02.02,04:00,17521.631,17547.899,17503.731,17528.464
2024.02.02,08:00,17529.164,17626.108,17371.432,17610.975
2024.02.02,12:00,17611.575,17684.009,17573.475,17639.286
2024.02.02,16:00,17639.508,17639.508,17609.499,17631.519
2024.02.04,16:00,17606.321,17636.897,17578.921,17593.597
2024.02.04,20:00,17593.819,17597.864,17573.721,17593.932
2024.02.05,00:00,17593.286,17635.086,17586.21,17627.465
2024.02.05,04:00,17627.452,17645.089,17584.342,17642.431
2024.02.05,08:00,17641.965,17648.321,17465.231,17570.32
2024.02.05,12:00,17570.384,17655.042,17565.01,17606.608
2024.02.05,16:00,17606.943,17622.889,17589.253,17618.299
2024.02.05,20:00,17617.797,17652.732,17615.71,17649.275
2024.02.06,00:00,17649.554,17679.109,17641.142,17655.254
2024.02.06,04:00,17655.419,17668.254,17582.032,17616.176
2024.02.06,08:00,17616.042,17679.165,17490.331,17498.865
2024.02.06,12:00,17499.676,17575.153,17473.12,17573.365
2024.02.06,16:00,17574.417,17579.789,17555.531,17571.164
2024.02.06,20:00,17571.875,17624.219,17567.586,17571.576
2024.02.07,00:00,17571.343,17577.886,17542.719,17568.721
2024.02.07,04:00,17568.308,17623.789,17561.586,17621.819
2024.02.07,08:00,17622.054,17785.198,17618.286,17754.789
2024.02.07,12:00,17754.743,17777.789,17690.064,17752.219
2024.02.07,16:00,17752.31,17768.131,17745.82,17753.799
2024.02.07,20:00,17753.676,17772.689,17751.954,17765.699
2024.02.08,00:00,17765.564,17777.189,17738.165,17753.142
2024.02.08,04:00,17752.798,17768.289,17716.297,17722.453
2024.02.08,08:00,17724.631,17813.399,17708.608,17805.797
2024.02.08,12:00,17805.997,17815.553,17746.654,17782.743
2024.02.08,16:00,17783.664,17795.019,17770.309,17777.154
2024.02.08,20:00,17777.042,17787.665,17770.042,17781.942
2024.02.09,00:00,17781.775,17844.299,17777.609,17837.475
2024.02.09,04:00,17837.451,17856.687,17802.475,17832.954
2024.02.09,08:00,17833.421,17927.699,17794.221,17912.543
2024.02.09,12:00,17912.664,17988.499,17898.298,17955.209
2024.02.09,16:00,17957.075,17959.598,17946.053,17947.709
2024.02.11,16:00,17959.343,17959.597,17921.321,17951.098
2024.02.11,20:00,17951.297,17958.619,17934.976,17937.519
2024.02.12,00:00,17936.953,17973.199,17933.565,17963.343
2024.02.12,04:00,17963.396,17977.275,17949.987,17958.286
2024.02.12,08:00,17958.865,18043.321,17926.41,18022.409
2024.02.12,12:00,18022.699,18031.099,17858.443,17886.365
2024.02.12,16:00,17886.586,17888.842,17839.875,17852.075
2024.02.12,20:00,17851.842,17862.189,17843.276,17852.199
2024.02.13,00:00,17851.81,17885.908,17811.943,17813.31
2024.02.13,04:00,17815.71,17827.809,17730.054,17755.41
2024.02.13,08:00,17755.875,17791.043,17511.065,17650.065
2024.02.13,12:00,17649.786,17656.299,17474.742,17607.22
2024.02.13,16:00,17608.164,17630.353,17599.186,17613.031
2024.02.13,20:00,17613.586,17615.699,17595.554,17610.098
2024.02.14,00:00,17610.03,17682.076,17608.864,17678.587
2024.02.14,04:00,17677.654,17737.609,17672.998,17716.089
2024.02.14,08:00,17716.175,17774.698,17632.186,17656.119
2024.02.14,12:00,17656.297,17813.976,17618.864,17799.453
2024.02.14,16:00,17799.517,17811.209,17786.075,17801.908
2024.02.14,20:00,17801.543,17811.199,17774.153,17805.608
2024.02.15,00:00,17805.475,17858.008,17797.332,17850.643
2024.02.15,04:00,17850.898,17851.209,17813.021,17838.599
2024.02.15,08:00,17838.351,17864.632,17715.889,17769.997
2024.02.15,12:00,17770.365,17867.642,17754.865,17845.92
2024.02.15,16:00,17846.432,17901.309,17845.298,17866.908
2024.02.15,20:00,17867.219,17881.989,17844.886,17872.197
2024.02.16,00:00,17871.942,17945.999,17865.12,17941.676
2024.02.16,04:00,17941.641,17959.387,17927.331,17928.443
2024.02.16,08:00,17928.853,17941.908,17652.442,17815.376
2024.02.16,12:00,17815.486,17841.41,17661.343,17684.442
2024.02.16,16:00,17686.089,17688.353,17657.519,17659.489
2024.02.18,16:00,17669.519,17735.489,17669.342,17733.208
2024.02.18,20:00,17733.354,17742.989,17686.686,17717.987
2024.02.19,00:00,17718.12,17727.389,17678.398,17718.398
2024.02.19,04:00,17718.232,17726.889,17695.676,17705.81
2024.02.19,08:00,17706.209,17747.419,17694.62,17724.665
2024.02.19,12:00,17725.442,17736.887,17719.775,17728.832
2024.02.19,16:00,17729.686,17729.686,17659.964,17678.197
2024.02.19,20:00,17678.008,17693.687,17608.798,17621.809
2024.02.20,00:00,17621.865,17665.919,17578.499,17616.465
2024.02.20,04:00,17617.276,17656.017,17555.631,17616.754
2024.02.20,08:00,17617.176,17665.665,17424.253,17447.497
2024.02.20,12:00,17446.789,17554.608,17393.086,17554.043
2024.02.20,16:00,17553.108,17554.231,17496.41,17497.731
2024.02.20,20:00,17497.432,17506.819,17478.765,17495.019
2024.02.21,00:00,17494.798,17525.998,17454.275,17458.289
2024.02.21,04:00,17459.308,17493.964,17424.254,17428.021
2024.02.21,08:00,17428.085,17466.408,17389.975,17446.608
2024.02.21,12:00,17447.343,17482.576,17313.765,17479.576
2024.02.21,16:00,17479.574,17731.209,17461.731,17715.889
2024.02.21,20:00,17715.51,17744.989,17703.32,17742.198
2024.02.22,00:00,17742.21,17841.087,17727.865,17831.198
2024.02.22,04:00,17831.054,17870.064,17802.231,17832.11
2024.02.22,08:00,17830.697,17929.02,17809.775,17899.831
2024.02.22,12:00,17900.064,18035.164,17883.621,17992.619
2024.02.22,16:00,17992.764,17998.776,17964.897,17976.764
2024.02.22,20:00,17976.887,18000.299,17972.054,17999.143
2024.02.23,00:00,17999.119,18003.875,17962.754,17971.899
2024.02.23,04:00,17971.721,17995.299,17948.643,17991.243
2024.02.23,08:00,17992.109,18094.575,17896.531,17987.153
2024.02.23,12:00,17987.184,18013.899,17914.575,17936.342
2024.02.23,16:00,17935.554,17937.64,17911.521,17911.521
2024.02.25,16:00,17915.364,17939.589,17873.375,17881.221
2024.02.25,20:00,17881.23,17915.999,17874.275,17900.576
2024.02.26,00:00,17900.899,17922.919,17880.721,17915.264
2024.02.26,04:00,17915.321,17955.719,17896.032,17929.332
2024.02.26,08:00,17929.542,18014.809,17918.742,18001.065
2024.02.26,12:00,18001.776,18014.087,17928.221,17931.842
2024.02.26,16:00,17929.375,17931.365,17893.875,17914.187
2024.02.26,20:00,17914.086,17923.087,17896.865,17910.042
2024.02.27,00:00,17909.798,17944.843,17883.098,17917.164
2024.02.27,04:00,17916.719,17995.531,17916.719,17985.319
2024.02.27,08:00,17987.209,17988.789,17897.231,17957.154
2024.02.27,12:00,17957.086,17986.31,17864.897,17973.198
2024.02.27,16:00,17973.13,17978.576,17956.532,17957.119
2024.02.27,20:00,17957.231,17971.599,17948.01,17955.631
2024.02.28,00:00,17955.553,17962.687,17893.343,17900.31
2024.02.28,04:00,17902.919,17917.619,17847.308,17878.842
2024.02.28,08:00,17878.82,17932.299,17832.387,17921.089
2024.02.28,12:00,17921.097,17924.187,17842.209,17876.564
2024.02.28,16:00,17875.664,17876.332,17824.22,17859.231
2024.02.28,20:00,17859.065,17885.299,17850.543,17884.921
2024.02.29,00:00,17884.819,17888.732,17785.32,17826.087
2024.02.29,04:00,17826.107,17851.276,17806.264,17832.043
2024.02.29,08:00,17831.442,18031.689,17818.386,17944.309
2024.02.29,12:00,17944.053,18068.289,17928.765,18024.731
2024.02.29,16:00,18024.421,18043.199,17995.91,18042.743
2024.02.29,20:00,18042.41,18091.989,18032.932,18078.943
2024.03.01,00:00,18079.254,18121.999,18075.52,18084.299
2024.03.01,04:00,18084.365,18105.731,17990.798,18053.043
2024.03.01,08:00,18052.986,18211.92,18030.743,18202.599
2024.03.01,12:00,18202.487,18335.41,18185.008,18297.409
2024.03.01,16:00,18297.397,18297.417,18278.098,18287.009
2024.03.03,16:00,18301.109,18328.287,18289.475,18303.175
2024.03.03,20:00,18303.021,18324.165,18298.543,18311.699
2024.03.04,00:00,18312.009,18333.799,18305.997,18327.199
2024.03.04,04:00,18325.587,18339.932,18273.976,18296.21
2024.03.04,08:00,18296.197,18313.519,18244.254,18282.265
2024.03.04,12:00,18282.241,18311.597,18219.289,18224.542
2024.03.04,16:00,18223.965,18226.764,18179.608,18190.431
2024.03.04,20:00,18190.676,18195.419,18152.342,18175.199
2024.03.05,00:00,18175.021,18175.475,18102.932,18112.987
2024.03.05,04:00,18115.51,18148.943,18073.975,18115.632
2024.03.05,08:00,18115.51,18142.387,17877.299,17907.587
2024.03.05,12:00,17907.697,17947.454,17802.089,17900.019
2024.03.05,16:00,17900.921,17954.443,17898.531,17916.599
2024.03.05,20:00,17915.609,17957.408,17913.898,17951.476
2024.03.06,00:00,17951.507,18008.619,17938.021,17990.119
2024.03.06,04:00,17990.009,18045.919,17990.009,18037.832
2024.03.06,08:00,18037.92,18103.719,17937.187,18095.589
2024.03.06,12:00,18095.689,18147.419,17957.909,18016.008
2024.03.06,16:00,18017.054,18023.02,17951.598,17971.131
2024.03.06,20:00,17971.408,17971.453,17908.443,17948.864
2024.03.07,00:00,17948.92,17967.897,17892.053,17953.021
2024.03.07,04:00,17954.586,18112.142,17950.175,18095.953
2024.03.07,08:00,18096.92,18284.799,18081.632,18279.853
2024.03.07,12:00,18279.599,18336.989,18264.487,18286.609
2024.03.07,16:00,18285.664,18288.899,18224.465,18245.699
2024.03.07,20:00,18245.153,18288.275,18235.721,18261.265
2024.03.08,00:00,18261.598,18332.297,18250.032,18302.187
2024.03.08,04:00,18302.13,18324.289,18230.097,18247.498
2024.03.08,08:00,18247.399,18418.087,18132.665,18158.486
2024.03.08,12:00,18158.241,18193.976,17995.021,18022.689
2024.03.08,16:00,18022.632,18061.464,18022.21,18043.165
2024.03.10,16:00,17983.732,18029.708,17959.12,18000.464
2024.03.10,20:00,18000.554,18038.098,17957.053,17967.986
2024.03.11,00:00,17968.053,18031.498,17923.521,17995.721
2024.03.11,04:00,17995.42,18035.054,17905.22,17934.665
2024.03.11,08:00,17934.587,18005.987,17874.719,17973.097
2024.03.11,12:00,17973.154,18006.131,17923.565,17967.331
2024.03.11,16:00,17987.297,18048.476,17986.231,18022.809
2024.03.11,20:00,18022.831,18054.819,18018.72,18053.221
2024.03.12,00:00,18053.043,18079.72,18013.253,18021.764
2024.03.12,04:00,18021.784,18116.986,17942.865,18051.798
2024.03.12,08:00,18052.098,18196.431,17914.443,18094.797
2024.03.12,12:00,18095.276,18228.389,18063.91,18204.831
2024.03.12,16:00,18205.089,18226.898,18197.186,18200.631
2024.03.12,20:00,18200.886,18209.165,18183.642,18206.909
2024.03.13,00:00,18206.953,18245.475,18176.099,18200.143
2024.03.13,04:00,18200.276,18225.308,18151.621,18164.176
2024.03.13,08:00,18163.953,18180.287,18026.675,18095.898
2024.03.13,12:00,18096.376,18148.165,18033.908,18089.853
2024.03.13,16:00,18088.309,18123.309,18088.309,18113.721
2024.03.13,20:00,18113.821,18126.899,18106.843,18126.154
2024.03.14,00:00,18125.921,18173.842,18120.842,18162.231
2024.03.14,04:00,18162.487,18169.589,18097.887,18116.342
2024.03.14,08:00,18116.499,18144.753,17952.153,18001.399
2024.03.14,12:00,18001.329,18080.889,17911.008,18009.589
2024.03.14,16:00,18002.676,18014.487,17974.31,18011.442
2024.03.14,20:00,18011.489,18019.489,17970.676,17975.498
2024.03.15,00:00,17975.343,18014.889,17956.187,18009.421
2024.03.15,04:00,18009.489,18073.099,17983.165,18003.165
2024.03.15,08:00,18003.397,18005.719,17759.221,17763.709
2024.03.15,12:00,17763.764,17858.498,17761.719,17826.465
2024.03.17,16:00,17845.421,17856.797,17817.198,17842.797
2024.03.17,20:00,17843.089,17895.499,17839.231,17891.176
2024.03.18,00:00,17891.242,17942.364,17889.208,17941.664
2024.03.18,04:00,17941.364,18042.708,17921.497,18030.32
2024.03.18,08:00,18030.318,18135.519,17995.154,17997.843
2024.03.18,12:00,17998.619,18060.499,17962.598,17985.121
2024.03.18,16:00,17962.232,17971.599,17910.719,17915.076
2024.03.18,20:00,17915.165,17961.364,17902.542,17940.743
2024.03.19,00:00,17940.899,18003.687,17910.82,17974.176
2024.03.19,04:00,17974.499,17983.765,17829.232,17882.598
2024.03.19,08:00,17882.342,18020.619,17806.075,17995.608
2024.03.19,12:00,17996.187,18041.043,17969.786,18027.532
2024.03.19,16:00,18019.632,18033.653,17996.687,18001.143
2024.03.19,20:00,18001.298,18004.699,17977.176,17986.51
2024.03.20,00:00,17986.699,18028.399,17983.921,17994.131
2024.03.20,04:00,17994.217,18080.654,17985.91,18048.098
2024.03.20,08:00,18048.689,18084.632,17997.209,18047.565
2024.03.20,12:00,18047.119,18291.619,18000.353,18283.487
2024.03.20,16:00,18289.398,18344.919,18288.921,18317.376
2024.03.20,20:00,18316.998,18362.243,18314.609,18357.01
2024.03.21,00:00,18357.486,18422.543,18353.398,18374.898
2024.03.21,04:00,18375.029,18430.353,18345.398,18414.309
2024.03.21,08:00,18414.487,18465.799,18375.331,18447.598
2024.03.21,12:00,18447.287,18447.789,18311.375,18332.587
2024.03.21,16:00,18338.675,18354.297,18328.708,18347.153
2024.03.21,20:00,18347.289,18354.608,18291.365,18334.82
2024.03.22,00:00,18335.065,18357.089,18297.032,18352.321
2024.03.22,04:00,18352.521,18364.999,18252.387,18288.554
2024.03.22,08:00,18289.731,18346.653,18266.22,18345.286
2024.03.22,12:00,18345.409,18391.043,18312.619,18324.689
2024.03.24,16:00,18339.525,18361.032,18316.554,18347.331
2024.03.24,20:00,18347.743,18364.542,18329.332,18330.989
2024.03.25,00:00,18330.942,18335.299,18295.52,18314.521
2024.03.25,04:00,18314.519,18319.542,18220.397,18239.21
2024.03.25,08:00,18239.342,18321.989,18179.354,18298.286
2024.03.25,12:00,18298.386,18340.798,18275.454,18283.499
2024.03.25,16:00,18300.797,18318.519,18295.987,18316.009
2024.03.25,20:00,18316.308,18324.999,18286.054,18303.619
2024.03.26,00:00,18303.776,18377.097,18301.81,18361.353
2024.03.26,04:00,18361.221,18387.798,18326.076,18337.565
2024.03.26,08:00,18337.541,18378.409,18305.054,18313.508
2024.03.26,12:00,18313.242,18333.465,18210.765,18243.431
2024.03.26,16:00,18250.042,18266.499,18239.186,18261.298
2024.03.26,20:00,18261.153,18287.819,18252.721,18287.531
2024.03.27,00:00,18287.376,18300.565,18249.687,18289.387
2024.03.27,04:00,18289.776,18329.265,18280.598,18327.808
2024.03.27,08:00,18328.119,18352.31,18156.076,18220.197
2024.03.27,12:00,18221.098,18305.254,18176.397,18295.609
2024.03.27,16:00,18288.465,18288.465,18259.61,18285.22
2024.03.27,20:00,18285.554,18289.232,18268.808,18285.143
2024.03.28,00:00,18285.043,18293.999,18256.819,18260.209
2024.03.28,04:00,18260.187,18305.754,18238.01,18277.021
2024.03.28,08:00,18277.132,18317.354,18236.742,18252.554
2024.03.28,12:00,18252.398,18290.653,18226.332,18251.664
2024.03.31,16:00,18315.242,18367.11,18315.242,18353.398
2024.03.31,20:00,18390.121,18391.875,18344.632,18366.098
2024.04.01,00:00,18366.242,18383.776,18348.553,18378.797
2024.04.01,04:00,18378.32,18379.108,18309.71,18323.265
2024.04.01,08:00,18322.887,18391.11,18208.743,18212.287
2024.04.01,12:00,18212.387,18304.175,18202.243,18284.389
2024.04.01,16:00,18283.82,18295.309,18248.108,18259.564
2024.04.01,20:00,18259.508,18279.489,18246.942,18268.598
2024.04.02,00:00,18268.664,18290.799,18238.054,18255.021
2024.04.02,04:00,18257.554,18301.086,18190.121,18193.654
2024.04.02,08:00,18193.665,18204.899,17996.165,18028.386
2024.04.02,12:00,18028.587,18140.299,18027.653,18129.253
2024.04.02,16:00,18127.275,18140.164,18118.61,18122.653
2024.04.02,20:00,18121.697,18122.72,18086.275,18104.065
2024.04.03,00:00,18104.096,18105.389,18057.254,18066.575
2024.04.03,04:00,18068.564,18105.02,18047.719,18099.21
2024.04.03,08:00,18098.964,18240.632,18027.12,18193.275
2024.04.03,12:00,18193.442,18229.309,18095.52,18164.319
2024.04.03,16:00,18164.087,18280.31,18161.254,18242.119
2024.04.03,20:00,18242.084,18250.389,18226.632,18249.419
2024.04.04,00:00,18249.121,18257.599,18207.021,18236.665
2024.04.04,04:00,18236.542,18259.609,18231.621,18250.365
2024.04.04,08:00,18251.209,18364.899,18239.121,18330.131
2024.04.04,12:00,18331.065,18362.089,17875.297,17882.887
2024.04.04,16:00,17881.851,17924.521,17881.021,17897.71
2024.04.04,20:00,17897.686,17917.819,17861.798,17916.589
2024.04.05,00:00,17916.265,17945.809,17903.721,17941.365
2024.04.05,04:00,17940.886,17972.654,17926.743,17950.82
2024.04.05,08:00,17951.053,18170.889,17859.219,18161.376
2024.04.05,12:00,18161.819,18210.709,18051.031,18097.543
2024.04.05,16:00,18097.508,18097.508,18085.076,18087.654
2024.04.07,16:00,18134.198,18136.397,18107.821,18121.419
2024.04.07,20:00,18122.686,18136.154,18073.264,18087.899
2024.04.08,00:00,18087.876,18146.532,18079.121,18126.089
2024.04.08,04:00,18125.841,18135.587,18050.131,18104.643
2024.04.08,08:00,18104.786,18182.219,18044.286,18107.589
2024.04.08,12:00,18108.386,18138.119,18059.287,18100.853
2024.04.08,16:00,18099.575,18126.189,18099.575,18108.798
2024.04.08,20:00,18108.896,18113.499,18092.454,18110.042
2024.04.09,00:00,18110.499,18141.499,18073.32,18083.042
2024.04.09,04:00,18083.286,18151.043,18060.931,18147.821
2024.04.09,08:00,18147.896,18211.943,17969.987,18070.019
2024.04.09,12:00,18070.499,18173.908,18024.876,18171.887
2024.04.09,16:00,18170.865,18215.843,18169.787,18178.397
2024.04.09,20:00,18178.231,18194.72,18176.842,18188.521
2024.04.10,00:00,18188.721,18212.089,18180.065,18200.521
2024.04.10,04:00,18200.81,18221.289,18151.232,18191.865
2024.04.10,08:00,18192.443,18278.921,17865.886,17961.509
2024.04.10,12:00,17961.343,18041.108,17930.553,18006.543
2024.04.10,16:00,18008.599,18014.009,17963.821,17979.797
2024.04.10,20:00,17980.419,18025.889,17972.397,18020.264
2024.04.11,00:00,18020.398,18037.886,18009.508,18021.964
2024.04.11,04:00,18022.243,18031.589,17933.731,17946.989
2024.04.11,08:00,17946.697,18146.489,17913.008,18140.343
2024.04.11,12:00,18141.099,18335.465,18110.11,18301.409
2024.04.11,16:00,18301.797,18318.331,18292.319,18309.287
2024.04.11,20:00,18309.209,18318.443,18293.786,18307.519
2024.04.12,00:00,18307.376,18325.886,18285.11,18288.089
2024.04.12,04:00,18288.475,18300.62,18179.376,18231.665
2024.04.12,08:00,18229.21,18247.808,18021.397,18084.876
2024.04.12,12:00,18085.61,18096.22,17949.354,18011.965
2024.04.12,16:00,18011.974,18022.964,18008.265,18018.243
2024.04.14,16:00,18002.599,18084.689,18000.775,18067.342
2024.04.14,20:00,18067.465,18075.654,18022.643,18060.498
2024.04.15,00:00,18060.643,18118.697,18057.753,18109.865
2024.04.15,04:00,18108.731,18127.399,18089.121,18122.489
2024.04.15,08:00,18120.12,18180.089,17987.12,18038.398
2024.04.15,12:00,18038.821,18053.964,17669.819,17704.432
2024.04.15,16:00,17704.008,17719.275,17676.008,17699.964
2024.04.15,20:00,17700.489,17722.454,17625.754,17675.476
2024.04.16,00:00,17675.276,17703.91,17651.464,17703.175
2024.04.16,04:00,17703.206,17746.643,17622.019,17736.664
2024.04.16,08:00,17736.454,17769.989,17652.342,17724.643
2024.04.16,12:00,17724.608,17820.343,17652.376,17710.665
2024.04.16,16:00,17710.519,17774.786,17706.519,17770.721
2024.04.16,20:00,17770.932,17772.499,17725.909,17764.197
2024.04.17,00:00,17765.842,17770.398,17613.721,17712.708
2024.04.17,04:00,17712.354,17777.589,17697.309,17744.32
2024.04.17,08:00,17743.899,17802.899,17565.643,17586.143
2024.04.17,12:00,17586.354,17634.875,17456.353,17491.132
2024.04.17,16:00,17490.987,17532.019,17477.721,17529.975
2024.04.17,20:00,17530.486,17577.399,17523.21,17573.599
2024.04.18,00:00,17573.519,17614.389,17556.132,17590.621
2024.04.18,04:00,17590.809,17600.632,17519.264,17553.809
2024.04.18,08:00,17553.486,17593.698,17397.41,17540.854
2024.04.18,12:00,17541.132,17560.209,17373.609,17396.753
2024.04.18,16:00,17396.687,17436.476,17326.309,17340.71
2024.04.18,20:00,17340.242,17347.889,17033.708,17189.62
2024.04.19,00:00,17189.786,17311.086,17188.421,17284.665
2024.04.19,04:00,17283.598,17358.689,17241.186,17355.509
2024.04.19,08:00,17355.308,17403.299,17141.531,17143.389
2024.04.19,12:00,17141.776,17195.709,16969.61,17038.11
2024.04.19,16:00,17039.098,17041.809,17013.654,17033.586
2024.04.21,16:00,17077.61,17128.689,17076.665,17126.586
2024.04.21,20:00,17126.499,17126.61,17056.775,17095.675
2024.04.22,00:00,17095.575,17161.699,17092.732,17114.609
2024.04.22,04:00,17112.119,17170.197,17090.22,17134.931
2024.04.22,08:00,17134.951,17187.665,17005.92,17108.186
2024.04.22,12:00,17108.997,17305.02,17092.164,17208.631
2024.04.22,16:00,17210.989,17213.709,17144.586,17180.565
2024.04.22,20:00,17181.289,17195.965,17149.787,17189.775
2024.04.23,00:00,17189.932,17227.798,17175.808,17222.143
2024.04.23,04:00,17224.742,17287.499,17223.176,17249.131
2024.04.23,08:00,17250.465,17468.109,17218.664,17424.587
2024.04.23,12:00,17424.899,17516.589,17424.64,17464.709
2024.04.23,16:00,17465.575,17578.689,17452.798,17561.01
2024.04.23,20:00,17561.199,17606.153,17548.12,17594.076
2024.04.24,00:00,17593.943,17608.189,17571.465,17588.554
2024.04.24,04:00,17588.654,17591.699,17528.365,17585.386
2024.04.24,08:00,17585.653,17658.376,17465.489,17469.619
2024.04.24,12:00,17468.754,17567.042,17429.408,17523.409
2024.04.24,16:00,17524.154,17538.289,17314.009,17330.165
2024.04.24,20:00,17330.287,17361.189,17323.12,17326.953
2024.04.25,00:00,17326.489,17330.999,17274.808,17319.498
2024.04.25,04:00,17319.309,17391.443,17318.42,17368.654
2024.04.25,08:00,17367.764,17381.01,17176.143,17287.519
2024.04.25,12:00,17286.509,17477.209,17270.72,17441.932
2024.04.25,16:00,17441.753,17690.131,17421.154,17629.864
2024.04.25,20:00,17629.965,17657.387,17613.753,17640.787
2024.04.26,00:00,17640.853,17664.299,17606.298,17629.486
2024.04.26,04:00,17629.597,17636.199,17583.464,17614.575
2024.04.26,08:00,17614.464,17757.486,17540.442,17719.753
2024.04.26,12:00,17719.843,17772.789,17698.431,17710.676
2024.04.26,16:00,17709.675,17718.108,17701.776,17706.121
2024.04.28,16:00,17730.287,17761.087,17725.331,17758.132
2024.04.28,20:00,17761.064,17783.843,17746.175,17772.253
2024.04.29,00:00,17772.197,17793.664,17753.842,17776.543
2024.04.29,04:00,17776.332,17791.732,17737.821,17784.989
2024.04.29,08:00,17783.843,17821.298,17702.743,17762.542
2024.04.29,12:00,17762.71,17805.499,17665.575,17780.609
2024.04.29,16:00,17780.899,17805.398,17779.72,17784.286
2024.04.29,20:00,17784.364,17795.186,17772.775,17786.398
2024.04.30,00:00,17786.587,17787.053,17747.364,17773.775
2024.04.30,04:00,17773.817,17779.521,17740.0,17750.342
2024.04.30,08:00,17750.395,17772.52,17610.02,17642.054
2024.04.30,12:00,17641.886,17653.609,17443.543,17446.786
2024.04.30,16:00,17446.075,17507.821,17351.798,17387.109
2024.04.30,20:00,17387.919,17407.097,17378.575,17405.642
2024.05.01,00:00,17405.586,17408.399,17334.589,17346.865
2024.05.01,04:00,17347.109,17368.599,17291.52,17325.643
2024.05.01,08:00,17324.908,17397.52,17296.765,17305.853
2024.05.01,12:00,17306.164,17676.119,17283.331,17311.609
2024.05.01,16:00,17312.376,17420.353,17312.321,17416.743
2024.05.01,20:00,17416.587,17447.686,17404.275,17436.621
2024.05.02,00:00,17436.51,17474.799,17407.075,17457.365
2024.05.02,04:00,17457.33,17500.865,17446.521,17458.897
2024.05.02,08:00,17461.319,17506.643,17283.131,17455.564
2024.05.02,12:00,17455.742,17578.819,17387.631,17542.621
2024.05.02,16:00,17543.554,17700.586,17538.865,17646.997
2024.05.02,20:00,17647.087,17679.897,17631.086,17655.909
2024.05.03,00:00,17656.019,17659.365,17612.454,17639.132
2024.05.03,04:00,17639.13,17671.432,17633.432,17640.598
2024.05.03,08:00,17640.486,17941.01,17640.198,17876.22
2024.05.03,12:00,17877.608,17915.965,17851.632,17891.51
2024.05.03,16:00,17890.375,17917.143,17889.787,17914.876
2024.05.05,16:00,17926.221,17929.319,17891.297,17894.71
2024.05.05,20:00,17895.076,17904.465,17885.497,17895.621
2024.05.06,00:00,17895.72,17918.999,17874.064,17890.776
2024.05.06,04:00,17891.319,17949.699,17890.654,17932.698
2024.05.06,08:00,17932.809,18014.699,17927.731,18004.721
2024.05.06,12:00,18004.542,18091.564,17961.589,18090.619
2024.05.06,16:00,18090.799,18094.519,18070.864,18077.789
2024.05.06,20:00,18077.698,18081.808,18062.554,18081.221
2024.05.07,00:00,18081.321,18089.653,18056.708,18057.621
2024.05.07,04:00,18057.819,18092.109,18044.543,18058.253
2024.05.07,08:00,18058.619,18153.875,18053.597,18144.765
2024.05.07,12:00,18144.697,18156.821,18058.808,18089.186
2024.05.07,16:00,18088.254,18107.286,18074.009,18097.265
2024.05.07,20:00,18097.464,18108.089,18085.22,18087.653
2024.05.08,00:00,18087.629,18106.21,18074.265,18094.253
2024.05.08,04:00,18093.899,18109.297,18040.176,18045.889
2024.05.08,08:00,18044.11,18138.398,17965.743,18070.799
2024.05.08,12:00,18071.197,18097.086,18035.042,18081.421
2024.05.08,16:00,18080.51,18080.51,18057.299,18061.287
2024.05.08,20:00,18061.575,18076.197,18053.565,18059.075
2024.05.09,00:00,18058.976,18061.497,18019.775,18025.519
2024.05.09,04:00,18025.575,18063.798,18004.032,18056.519
2024.05.09,08:00,18056.087,18139.089,18011.887,18079.975
2024.05.09,12:00,18080.208,18140.008,18071.675,18118.899
2024.05.09,16:00,18117.808,18143.176,18113.619,18133.319
2024.05.09,20:00,18132.999,18135.61,18114.754,18118.12
2024.05.10,00:00,18118.206,18178.953,18116.621,18146.199
2024.05.10,04:00,18146.21,18206.299,18132.497,18186.431
2024.05.10,08:00,18186.52,18250.053,18091.389,18140.365
2024.05.10,12:00,18140.886,18172.721,18111.097,18163.276
2024.05.10,16:00,18163.589,18164.399,18148.819,18151.499
2024.05.12,16:00,18140.276,18158.043,18132.531,18148.898
2024.05.12,20:00,18149.143,18182.799,18141.708,18181.22
2024.05.13,00:00,18181.187,18203.609,18177.886,18194.297
2024.05.13,04:00,18194.108,18224.289,18177.22,18221.52
2024.05.13,08:00,18221.529,18238.731,18156.809,18199.398
2024.05.13,12:00,18198.587,18214.099,18139.831,18201.053
2024.05.13,16:00,18201.132,18206.187,18179.331,18189.175
2024.05.13,20:00,18189.409,18195.299,18168.586,18171.308
2024.05.14,00:00,18171.342,18202.999,18169.72,18194.754
2024.05.14,04:00,18194.709,18213.71,18185.375,18191.865
2024.05.14,08:00,18191.032,18276.209,18075.898,18226.219
2024.05.14,12:00,18225.654,18336.087,18204.065,18314.921
2024.05.14,16:00,18314.997,18328.087,18307.186,18319.299
2024.05.14,20:00,18319.176,18339.819,18301.642,18325.576
2024.05.15,00:00,18325.541,18326.589,18294.731,18304.698
2024.05.15,04:00,18304.775,18322.742,18300.264,18312.543
2024.05.15,08:00,18312.654,18508.664,18295.208,18498.231
2024.05.15,12:00,18498.687,18607.889,18482.121,18597.253
2024.05.15,16:00,18597.354,18632.999,18570.608,18626.431
2024.05.15,20:00,18627.286,18643.799,18619.731,18637.821
2024.05.16,00:00,18637.942,18638.599,18611.765,18632.108
2024.05.16,04:00,18631.987,18635.386,18616.51,18620.421
2024.05.16,08:00,18619.921,18669.932,18578.754,18650.342
2024.05.16,12:00,18650.521,18650.521,18549.708,18557.664
2024.05.16,16:00,18558.11,18563.319,18542.753,18557.375
2024.05.16,20:00,18557.543,18573.419,18551.031,18556.854
2024.05.17,00:00,18557.286,18580.999,18550.721,18553.943
2024.05.17,04:00,18553.743,18583.486,18523.809,18575.086
2024.05.17,08:00,18575.231,18592.809,18534.432,18566.476
2024.05.17,12:00,18566.597,18571.054,18456.554,18551.71
2024.05.17,16:00,18550.975,18551.143,18532.719,18536.143
2024.05.19,16:00,18565.999,18583.598,18563.342,18579.71
2024.05.19,20:00,18579.853,18591.099,18570.954,18582.297
2024.05.20,00:00,18582.419,18591.398,18567.408,18573.843
2024.05.20,04:00,18573.841,18601.997,18566.319,18594.454
2024.05.20,08:00,18594.976,18683.808,18549.009,18655.309
2024.05.20,12:00,18655.519,18707.986,18619.531,18676.464
2024.05.20,16:00,18677.689,18685.797,18649.72,18663.964
2024.05.20,20:00,18664.152,18671.532,18653.642,18663.298
2024.05.21,00:00,18663.209,18675.608,18654.164,18667.143
2024.05.21,04:00,18666.676,18672.219,18641.621,18662.987
2024.05.21,08:00,18663.509,18677.942,18591.643,18659.642
2024.05.21,12:00,18660.008,18721.897,18648.964,18712.119
2024.05.21,16:00,18712.543,18729.276,18707.054,18727.632
2024.05.21,20:00,18727.342,18737.397,18720.343,18723.832
2024.05.22,00:00,18723.976,18734.419,18702.81,18714.198
2024.05.22,04:00,18713.81,18724.697,18668.986,18706.698
2024.05.22,08:00,18707.154,18755.797,18700.31,18736.675
2024.05.22,12:00,18736.853,18749.719,18602.186,18708.454
2024.05.22,16:00,18710.499,18798.089,18700.375,18795.376
2024.05.22,20:00,18795.987,18886.432,18783.209,18883.186
2024.05.23,00:00,18883.098,18891.32,18850.342,18855.943
2024.05.23,04:00,18855.665,18915.189,18852.321,18912.598
2024.05.23,08:00,18912.574,18945.643,18729.131,18843.119
2024.05.23,12:00,18843.719,18860.531,18549.354,18622.842
2024.05.23,16:00,18622.586,18643.889,18607.008,18629.121
2024.05.23,20:00,18628.965,18659.699,18622.576,18639.897
2024.05.24,00:00,18639.931,18645.789,18611.664,18634.589
2024.05.24,04:00,18634.897,18690.387,18630.82,18687.653
2024.05.24,08:00,18687.83,18846.131,18654.431,18824.021
2024.05.24,12:00,18824.689,18853.975,18765.119,18804.12
2024.05.24,16:00,18803.198,18808.389,18794.175,18799.019
2024.05.26,16:00,18812.565,18815.889,18765.332,18765.897
2024.05.26,20:00,18766.031,18785.589,18763.197,18779.598
2024.05.27,00:00,18779.865,18815.953,18777.398,18802.965
2024.05.27,04:00,18803.354,18813.865,18792.153,18807.865
2024.05.27,08:00,18807.907,18871.199,18797.398,18869.409
2024.05.27,12:00,18869.389,18886.189,18863.642,18881.686
2024.05.27,16:00,18859.598,18862.699,18835.853,18839.075
2024.05.27,20:00,18838.964,18860.175,18816.464,18858.564
2024.05.28,00:00,18858.508,18873.919,18840.453,18850.609
2024.05.28,04:00,18849.532,18911.364,18841.332,18856.853
2024.05.28,08:00,18856.089,18869.097,18771.921,18854.52
2024.05.28,12:00,18854.219,18876.719,18751.487,18874.599
2024.05.28,16:00,18875.41,18898.889,18858.876,18862.253
2024.05.28,20:00,18862.143,18866.653,18807.632,18819.176
2024.05.29,00:00,18819.331,18832.887,18777.665,18783.198
2024.05.29,04:00,18786.343,18807.31,18727.887,18749.998
2024.05.29,08:00,18750.399,18814.899,18687.942,18786.32
2024.05.29,12:00,18786.497,18811.265,18718.82,18741.187
2024.05.29,16:00,18740.953,18748.654,18642.675,18660.753
2024.05.29,20:00,18660.62,18669.132,18614.832,18623.487
2024.05.30,00:00,18623.632,18639.987,18595.908,18636.176
2024.05.30,04:00,18636.498,18698.399,18635.376,18682.764
2024.05.30,08:00,18682.853,18723.719,18560.32,18605.019
2024.05.30,12:00,18605.243,18664.853,18484.875,18540.764
2024.05.30,16:00,18538.886,18543.999,18491.321,18495.087
2024.05.30,20:00,18494.643,18504.499,18439.275,18498.321
2024.05.31,00:00,18498.21,18503.499,18450.02,18460.643
2024.05.31,04:00,18460.531,18508.799,18421.764,18498.32
2024.05.31,08:00,18497.876,18604.132,18239.619,18244.731
2024.05.31,12:00,18244.52,18546.297,18188.154,18536.176
2024.05.31,16:00,18536.51,18573.308,18516.754,18525.898
2024.06.02,16:00,18495.597,18545.353,18492.097,18539.387
2024.06.02,20:00,18539.153,18600.419,18539.143,18589.254
2024.06.03,00:00,18589.398,18622.176,18570.209,18584.154
2024.06.03,04:00,18585.354,18638.665,18572.343,18635.664
2024.06.03,08:00,18635.651,18703.164,18514.754,18556.087
2024.06.03,12:00,18557.119,18604.098,18389.154,18604.098
2024.06.03,16:00,18605.797,18622.364,18597.654,18603.389
2024.06.03,20:00,18603.21,18629.654,18592.753,18607.165
2024.06.04,00:00,18607.009,18611.419,18519.854,18570.753
2024.06.04,04:00,18570.82,18571.786,18464.809,18549.342
2024.06.04,08:00,18548.843,18617.489,18515.454,18536.786
2024.06.04,12:00,18536.665,18700.989,18521.531,18652.775
2024.06.04,16:00,18650.92,18690.987,18635.131,18689.398
2024.06.04,20:00,18689.886,18716.476,18667.232,18709.408
2024.06.05,00:00,18709.242,18714.487,18654.654,18682.186
2024.06.05,04:00,18680.709,18766.298,18679.709,18758.942
2024.06.05,08:00,18759.187,18936.786,18729.753,18914.843
2024.06.05,12:00,18914.453,19032.689,18904.465,19029.509
2024.06.05,16:00,19029.865,19061.086,19004.31,19044.819
2024.06.05,20:00,19044.599,19064.799,19021.787,19053.789
2024.06.06,00:00,19053.409,19057.176,19027.621,19046.754
2024.06.06,04:00,19046.864,19062.489,19026.653,19051.609
2024.06.06,08:00,19051.108,19076.419,18986.064,19018.499
2024.06.06,12:00,19018.397,19046.819,18974.21,19021.589
2024.06.06,16:00,19022.21,19044.175,19001.487,19039.265
2024.06.06,20:00,19039.143,19052.489,19031.32,19045.875
2024.06.07,00:00,19046.209,19066.465,19036.764,19044.719
2024.06.07,04:00,19045.319,19061.621,19016.343,19051.599
2024.06.07,08:00,19051.254,19096.686,18901.254,19047.709
2024.06.07,12:00,19047.599,19117.665,18958.854,19005.899
2024.06.07,16:00,19004.776,19007.864,18983.286,18987.775
2024.06.09,16:00,19002.308,19022.309,18987.443,18989.921
2024.06.09,20:00,18990.187,19013.687,18978.199,19005.421
2024.06.10,00:00,19005.786,19014.12,18955.61,18982.732
2024.06.10,04:00,18983.164,19002.376,18937.275,18988.686
2024.06.10,08:00,18988.684,19078.497,18941.831,19053.508
2024.06.10,12:00,19053.786,19093.721,18998.431,19078.009
2024.06.10,16:00,19078.319,19080.099,19041.142,19050.054
2024.06.10,20:00,19049.931,19061.719,19043.619,19055.942
2024.06.11,00:00,19056.289,19078.889,19047.631,19060.764
2024.06.11,04:00,19060.565,19067.508,18994.664,19016.976
2024.06.11,08:00,19017.389,19106.576,18964.554,19047.476
2024.06.11,12:00,19047.706,19213.62,19044.61,19209.921
2024.06.11,16:00,19208.81,19237.076,19193.653,19224.032
2024.06.11,20:00,19224.609,19234.299,19205.854,19234.097
2024.06.12,00:00,19234.419,19243.219,19208.531,19219.664
2024.06.12,04:00,19220.697,19245.099,19212.598,19237.098
2024.06.12,08:00,19237.107,19515.476,19230.831,19483.087
2024.06.12,12:00,19483.099,19557.099,19402.119,19461.187
2024.06.12,16:00,19462.065,19573.599,19432.876,19570.01
2024.06.12,20:00,19570.098,19607.81,19568.12,19606.631
2024.06.13,00:00,19606.629,19641.499,19589.21,19625.387
2024.06.13,04:00,19625.298,19630.198,19553.632,19579.219
2024.06.13,08:00,19579.532,19656.153,19508.364,19560.221
2024.06.13,12:00,19561.119,19605.209,19473.176,19569.321
2024.06.13,16:00,19569.109,19611.221,19561.821,19595.389
2024.06.13,20:00,19595.442,19619.689,19588.62,19616.719
2024.06.14,00:00,19616.486,19634.432,19584.653,19617.12
2024.06.14,04:00,19617.186,19630.443,19478.242,19514.875
2024.06.14,08:00,19514.906,19628.776,19510.331,19597.864
2024.06.14,12:00,19597.965,19669.899,19580.543,19668.119
2024.06.14,16:00,19666.897,19670.099,19658.753,19665.61
2024.06.16,16:00,19668.721,19705.999,19668.121,19692.286
2024.06.16,20:00,19692.642,19697.989,19665.62,19681.409
2024.06.17,00:00,19681.789,19714.12,19656.053,19699.331
2024.06.17,04:00,19699.52,19729.289,19672.665,19697.842
2024.06.17,08:00,19698.02,19743.399,19624.032,19734.543
2024.06.17,12:00,19733.743,19990.332,19727.243,19903.576
2024.06.17,16:00,19904.065,19929.275,19871.031,19915.432
2024.06.17,20:00,19915.331,19915.997,19869.254,19895.008
2024.06.18,00:00,19895.298,19926.289,19883.486,19916.819
2024.06.18,04:00,19916.498,19962.809,19915.732,19933.487
2024.06.18,08:00,19933.608,19979.898,19839.41,19899.087
2024.06.18,12:00,19899.189,19940.442,19872.297,19911.032
2024.06.18,16:00,19910.565,19943.199,19903.521,19933.943
2024.06.18,20:00,19933.952,19937.887,19919.508,19930.465
2024.06.19,00:00,19930.342,19950.908,19924.319,19945.02
2024.06.19,04:00,19944.999,19956.289,19933.854,19945.876
2024.06.19,08:00,19946.364,19963.408,19935.042,19955.553
2024.06.19,12:00,19955.999,19955.999,19939.52,19942.386
2024.06.19,16:00,19948.253,19951.089,19940.454,19948.997
2024.06.19,20:00,19948.786,20006.308,19947.732,20002.864
2024.06.20,00:00,20003.831,20083.989,19996.42,20053.076
2024.06.20,04:00,20053.243,20053.609,20004.242,20009.975
2024.06.20,08:00,20010.006,20018.242,19836.108,19880.253
2024.06.20,12:00,19879.921,19892.309,19678.632,19760.21
2024.06.20,16:00,19759.365,19804.686,19749.797,19798.308
2024.06.20,20:00,19798.32,19800.399,19761.22,19782.243
2024.06.21,00:00,19782.399,19814.086,19733.01,19757.053
2024.06.21,04:00,19756.853,19771.719,19676.587,19722.042
2024.06.21,08:00,19722.586,19794.308,19641.897,19794.308
2024.06.21,12:00,19795.197,19802.989,19678.098,19704.654
2024.06.21,16:00,19706.089,19733.786,19701.62,19731.721
2024.06.23,16:00,19734.82,19752.987,19728.019,19732.442
2024.06.23,20:00,19732.842,19742.799,19643.01,19687.175
2024.06.24,00:00,19687.376,19752.899,19677.431,19741.921
2024.06.24,04:00,19742.886,19753.897,19663.643,19678.031
2024.06.24,08:00,19678.132,19721.889,19549.087,19646.521
2024.06.24,12:00,19646.552,19650.186,19470.943,19479.099
2024.06.24,16:00,19476.987,19504.898,19458.343,19503.321
2024.06.24,20:00,19503.365,19527.589,19474.909,19525.821
2024.06.25,00:00,19526.087,19542.031,19463.486,19470.61
2024.06.25,04:00,19470.609,19582.443,19458.642,19551.042
2024.06.25,08:00,19552.019,19692.565,19525.398,19691.576
2024.06.25,12:00,19691.398,19715.689,19571.653,19705.32
2024.06.25,16:00,19703.431,19723.999,19690.397,19702.42
2024.06.25,20:00,19702.42,19744.799,19700.498,19727.108
2024.06.26,00:00,19727.297,19805.397,19718.31,19804.476
2024.06.26,04:00,19804.532,19806.808,19717.387,19735.52
2024.06.26,08:00,19735.72,19763.408,19637.854,19753.742
2024.06.26,12:00,19754.531,19765.408,19666.264,19745.365
2024.06.26,16:00,19745.676,19745.676,19646.632,19658.586
2024.06.26,20:00,19658.599,19675.889,19614.843,19651.521
2024.06.27,00:00,19650.142,19713.154,19649.797,19687.386
2024.06.27,04:00,19687.608,19732.087,19673.82,19714.564
2024.06.27,08:00,19714.698,19857.087,19693.154,19729.589
2024.06.27,12:00,19729.33,19805.319,19720.587,19787.564
2024.06.27,16:00,19787.532,19844.076,19785.598,19843.289
2024.06.27,20:00,19842.887,19887.219,19830.631,19878.575
2024.06.28,00:00,19878.343,19879.319,19848.132,19853.264
2024.06.28,04:00,19853.317,19880.575,19839.776,19874.531
2024.06.28,08:00,19874.599,20021.743,19788.698,19860.02
2024.06.28,12:00,19860.798,19866.81,19660.787,19682.131
2024.06.28,16:00,19682.219,19730.843,19681.286,19712.154
2024.06.30,16:00,19723.253,19740.208,19690.176,19701.597
2024.06.30,20:00,19703.01,19760.819,19687.698,19751.743
2024.07.01,00:00,19751.543,19775.889,19687.121,19701.153
2024.07.01,04:00,19704.375,19745.065,19657.276,19731.332
2024.07.01,08:00,19731.153,19748.099,19571.098,19734.754
2024.07.01,12:00,19734.098,19831.089,19716.719,19807.087
2024.07.01,16:00,19807.054,19816.698,19770.62,19777.82
2024.07.01,20:00,19778.132,19784.597,19720.799,19740.154
2024.07.02,00:00,19740.386,19774.576,19694.698,19724.399
2024.07.02,04:00,19724.217,19733.799,19669.421,19691.854
2024.07.02,08:00,19691.664,19914.409,19686.154,19853.032
2024.07.02,12:00,19852.154,20014.31,19824.098,20012.298
2024.07.02,16:00,20011.354,20012.409,19991.11,19995.387
2024.07.02,20:00,19995.899,20010.319,19989.454,19993.332
2024.07.03,00:00,19993.652,20019.708,19992.153,19998.631
2024.07.03,04:00,19998.897,20039.164,19992.142,20008.319
2024.07.03,08:00,20007.842,20147.099,19963.187,20144.986
2024.07.03,12:00,20144.918,20197.389,20135.275,20181.387
2024.07.03,16:00,20172.986,20173.165,20152.62,20163.508
2024.07.03,20:00,20163.589,20178.631,20158.61,20164.975
2024.07.04,00:00,20165.187,20171.198,20158.909,20168.265
2024.07.04,04:00,20168.198,20168.999,20157.686,20165.708
2024.07.04,08:00,20165.706,20171.099,20132.164,20148.453
2024.07.04,12:00,20148.186,20150.899,20136.721,20143.965
2024.07.04,16:00,20142.676,20163.598,20142.676,20157.509
2024.07.04,20:00,20159.132,20185.599,20157.821,20180.909
2024.07.05,00:00,20180.575,20226.031,20179.598,20208.842
2024.07.05,04:00,20208.52,20224.889,20192.943,20200.899
2024.07.05,08:00,20200.364,20373.489,20151.164,20362.999
2024.07.05,12:00,20363.086,20405.119,20343.187,20388.397
2024.07.05,16:00,20388.143,20388.143,20370.832,20378.386
2024.07.07,16:00,20365.399,20384.731,20353.675,20357.697
2024.07.07,20:00,20357.386,20369.375,20346.431,20363.986
2024.07.08,00:00,20364.121,20374.899,20350.221,20373.364
2024.07.08,04:00,20374.631,20398.099,20366.487,20395.464
2024.07.08,08:00,20395.484,20442.909,20361.843,20439.887
2024.07.08,12:00,20440.908,20460.232,20381.42,20437.886
2024.07.08,16:00,20436.12,20513.765,20428.631,20512.219
2024.07.08,20:00,20512.819,20522.398,20478.121,20508.198
2024.07.09,00:00,20507.997,20516.089,20486.71,20506.198
2024.07.09,04:00,20506.31,20521.487,20492.643,20499.498
2024.07.09,08:00,20499.999,20546.399,20444.299,20478.821
2024.07.09,12:00,20479.064,20490.421,20389.576,20453.453
2024.07.09,16:00,20453.064,20477.889,20445.62,20472.365
2024.07.09,20:00,20472.254,20490.108,20471.886,20484.586
2024.07.10,00:00,20484.242,20493.376,20471.254,20487.243
2024.07.10,04:00,20487.219,20534.597,20486.186,20524.62
2024.07.10,08:00,20524.908,20570.807,20477.587,20543.032
2024.07.10,12:00,20542.798,20689.309,20536.264,20666.043
2024.07.10,16:00,20666.876,20673.042,20650.821,20655.531
2024.07.10,20:00,20655.397,20658.099,20627.843,20657.586
2024.07.11,00:00,20657.62,20662.108,20641.753,20657.775
2024.07.11,04:00,20658.097,20665.908,20647.176,20656.786
2024.07.11,08:00,20656.729,20757.354,20256.297,20261.319
2024.07.11,12:00,20262.264,20318.989,20162.698,20215.254
2024.07.11,16:00,20215.219,20250.299,20194.787,20206.064
2024.07.11,20:00,20206.062,20240.389,20200.832,20211.865
2024.07.12,00:00,20211.808,20227.899,20163.686,20192.275
2024.07.12,04:00,20192.164,20239.01,20192.164,20234.797
2024.07.12,08:00,20232.886,20457.276,20128.52,20385.265
2024.07.12,12:00,20384.499,20528.676,20300.753,20328.898
2024.07.12,16:00,20329.887,20351.398,20316.12,20329.743
2024.07.14,16:00,20331.275,20352.553,20299.61,20351.52
2024.07.14,20:00,20351.354,20372.399,20340.331,20366.554
2024.07.15,00:00,20366.353,20423.665,20364.754,20407.11
2024.07.15,04:00,20407.32,20443.399,20399.309,20412.032
2024.07.15,08:00,20412.309,20586.853,20376.676,20493.064
2024.07.15,12:00,20492.553,20496.764,20301.71,20389.164
2024.07.15,16:00,20388.742,20443.889,20380.308,20428.664
2024.07.15,20:00,20429.564,20451.799,20415.875,20444.399
2024.07.16,00:00,20444.286,20450.089,20360.353,20378.254
2024.07.16,04:00,20378.597,20434.076,20338.597,20427.889
2024.07.16,08:00,20427.731,20481.489,20283.764,20348.464
2024.07.16,12:00,20348.075,20410.897,20262.276,20397.075
2024.07.16,16:00,20396.308,20404.532,20356.009,20363.319
2024.07.16,20:00,20363.689,20376.989,20323.321,20333.243
2024.07.17,00:00,20333.608,20336.089,20145.21,20160.92
2024.07.17,04:00,20161.509,20174.609,20057.876,20084.909
2024.07.17,08:00,20081.797,20117.919,19856.486,19889.476
2024.07.17,12:00,19889.876,19891.853,19793.264,19798.019
2024.07.17,16:00,19797.929,19873.209,19770.653,19864.487
2024.07.17,20:00,19864.554,19886.309,19832.032,19857.053
2024.07.18,00:00,19857.399,19968.475,19842.432,19905.189
2024.07.18,04:00,19905.319,19935.008,19825.02,19894.431
2024.07.18,08:00,19894.21,19968.689,19593.108,19604.443
2024.07.18,12:00,19604.565,19771.519,19569.789,19706.753
2024.07.18,16:00,19703.686,19793.699,19676.565,19762.721
2024.07.18,20:00,19763.453,19782.208,19752.71,19773.054
2024.07.19,00:00,19773.219,19777.454,19766.653,19776.231
2024.07.19,04:00,19619.036,19755.477,19610.362,19739.775
2024.07.19,08:00,19740.253,19792.492,19527.369,19637.418
2024.07.19,12:00,19637.103,19645.992,19475.992,19531.973
2024.07.19,16:00,19533.747,19555.899,19511.253,19517.601
2024.07.21,16:00,19588.287,19662.453,19557.308,19638.642
2024.07.21,20:00,19638.319,19644.808,19541.187,19599.219
2024.07.22,00:00,19599.41,19659.499,19563.164,19645.098
2024.07.22,04:00,19645.063,19720.799,19628.308,19719.142
2024.07.22,08:00,19719.217,19849.143,19626.431,19681.454
2024.07.22,12:00,19681.373,19860.72,19652.343,19818.076
2024.07.22,16:00,19820.397,19833.731,19776.231,19777.698
2024.07.22,20:00,19777.087,19791.332,19735.087,19755.797
2024.07.23,00:00,19755.831,19775.799,19691.198,19715.808
2024.07.23,04:00,19716.031,19838.299,19699.031,19818.143
2024.07.23,08:00,19818.265,19908.808,19746.999,19858.597
2024.07.23,12:00,19858.886,19864.642,19732.353,19750.875
2024.07.23,16:00,19750.917,19824.832,19614.11,19620.264
2024.07.23,20:00,19621.899,19665.686,19620.832,19626.676
2024.07.24,00:00,19626.765,19628.698,19536.264,19544.887
2024.07.24,04:00,19544.71,19580.609,19511.332,19530.819
2024.07.24,08:00,19530.708,19532.664,19194.52,19196.075
2024.07.24,12:00,19196.086,19216.32,19005.786,19040.908
2024.07.24,16:00,19040.119,19141.687,19027.087,19108.375
2024.07.24,20:00,19108.275,19139.887,19053.397,19105.065
2024.07.25,00:00,19105.11,19112.021,18992.209,19023.654
2024.07.25,04:00,19023.731,19072.499,18899.732,18968.219
2024.07.25,08:00,18968.098,19117.419,18721.21,19073.664
2024.07.25,12:00,19074.553,19228.489,18821.553,18829.708
2024.07.25,16:00,18828.742,18879.021,18780.243,18868.264
2024.07.25,20:00,18868.119,18936.465,18863.787,18918.097
2024.07.26,00:00,18918.897,18998.499,18909.531,18992.442
2024.07.26,04:00,18992.989,19066.475,18976.743,19057.531
2024.07.26,08:00,19057.021,19080.321,18890.608,19034.442
2024.07.26,12:00,19034.786,19147.189,18953.01,19023.576
2024.07.26,16:00,19025.386,19038.189,19014.721,19026.265
2024.07.28,16:00,19062.71,19102.899,19049.931,19091.254
2024.07.28,20:00,19091.164,19178.942,19087.92,19153.143
2024.07.29,00:00,19152.754,19183.899,19069.187,19087.709
2024.07.29,04:00,19087.41,19168.72,19076.742,19146.687
2024.07.29,08:00,19146.92,19227.275,18967.854,19115.186
2024.07.29,12:00,19116.376,19203.099,19040.487,19059.419
2024.07.29,16:00,19058.431,19083.009,18974.654,18984.621
2024.07.29,20:00,18984.099,19016.499,18927.931,18981.508
2024.07.30,00:00,18981.62,19102.819,18981.62,19086.365
2024.07.30,04:00,19086.62,19130.297,19057.654,19113.676
2024.07.30,08:00,19113.353,19171.243,18783.043,18785.754
2024.07.30,12:00,18786.642,18872.086,18659.621,18797.731
2024.07.30,16:00,18795.153,18920.309,18583.953,18916.42
2024.07.30,20:00,18915.319,18995.421,18871.164,18992.31
2024.07.31,00:00,18991.899,19093.319,18950.931,19077.499
2024.07.31,04:00,19073.875,19116.099,19034.821,19107.81
2024.07.31,08:00,19107.865,19367.076,19101.997,19322.889
2024.07.31,12:00,19323.565,19426.775,19198.676,19344.043
2024.07.31,16:00,19348.708,19541.889,19345.143,19530.264
2024.07.31,20:00,19531.053,19572.586,19476.087,19540.389
2024.08.01,00:00,19540.01,19547.632,19442.021,19473.621
2024.08.01,04:00,19472.287,19487.409,19361.221,19430.176
2024.08.01,08:00,19434.121,19539.298,19010.554,19024.353
2024.08.01,12:00,19025.232,19100.119,18735.332,18896.587
2024.08.01,16:00,18896.209,18912.075,18713.31,18784.631
2024.08.01,20:00,18779.721,18804.889,18557.81,18659.776
2024.08.02,00:00,18659.853,18672.854,18512.809,18619.121
2024.08.02,04:00,18619.832,18632.12,18516.721,18545.12
2024.08.02,08:00,18545.253,18632.586,18260.253,18471.365
2024.08.02,12:00,18470.253,18509.053,18321.743,18435.753
2024.08.02,16:00,18436.71,18442.399,18416.853,18430.343
2024.08.04,16:00,18153.831,18264.599,18096.876,18142.221
2024.08.04,20:00,18142.307,18151.499,17901.698,17905.853
2024.08.05,00:00,17905.62,17922.331,17234.797,17731.332
2024.08.05,04:00,17740.265,17867.789,17471.753,17522.608
2024.08.05,08:00,17525.309,18076.898,17242.62,17992.175
2024.08.05,12:00,17992.387,18175.087,17779.909,17907.854
2024.08.05,16:00,17904.586,18172.175,17883.097,18172.053
2024.08.05,20:00,18176.119,18320.399,18114.587,18277.197
2024.08.06,00:00,18277.543,18288.599,18107.664,18136.643
2024.08.06,04:00,18136.875,18155.009,17903.82,18074.453
2024.08.06,08:00,18074.219,18238.12,17852.854,18229.997
2024.08.06,12:00,18232.932,18369.899,18053.797,18060.02
2024.08.06,16:00,18060.698,18078.131,17923.153,17945.943
2024.08.06,20:00,17945.642,18304.297,17938.432,18275.508
2024.08.07,00:00,18277.708,18326.799,18110.642,18148.076
2024.08.07,04:00,18155.732,18350.899,18133.489,18285.165
2024.08.07,08:00,18286.942,18448.086,18232.265,18290.609
2024.08.07,12:00,18292.254,18297.021,17845.053,17867.365
2024.08.07,16:00,17864.809,17892.153,17642.309,17738.708
2024.08.07,20:00,17741.386,17972.199,17719.819,17914.909
2024.08.08,00:00,17914.964,17947.297,17773.464,17809.197
2024.08.08,04:00,17803.62,17911.019,17797.82,17886.686
2024.08.08,08:00,17890.676,18327.989,17852.71,18292.676
2024.08.08,12:00,18291.998,18446.953,18251.142,18412.476
2024.08.08,16:00,18414.164,18515.832,18406.265,18500.608
2024.08.08,20:00,18500.487,18500.487,18389.408,18463.342
2024.08.09,00:00,18463.143,18486.799,18330.064,18445.897
2024.08.09,04:00,18446.098,18549.908,18388.342,18424.51
2024.08.09,08:00,18425.708,18480.587,18282.699,18381.631
2024.08.09,12:00,18386.598,18572.876,18359.019,18507.589
2024.08.09,16:00,18509.354,18521.576,18493.764,18510.232
2024.08.11,16:00,18553.189,18555.943,18415.376,18526.397
2024.08.11,20:00,18526.021,18564.065,18483.453,18534.942
2024.08.12,00:00,18535.043,18588.289,18501.52,18577.643
2024.08.12,04:00,18574.997,18586.389,18525.019,18563.799
2024.08.12,08:00,18563.61,18664.121,18423.62,18620.453
2024.08.12,12:00,18619.431,18630.976,18483.175,18546.575
2024.08.12,16:00,18547.909,18570.399,18518.887,18557.632
2024.08.12,20:00,18557.864,18592.12,18539.853,18572.609
2024.08.13,00:00,18572.653,18719.709,18572.631,18679.399
2024.08.13,04:00,18679.331,18683.898,18551.119,18614.987
2024.08.13,08:00,18614.865,18898.099,18612.843,18881.532
2024.08.13,12:00,18881.354,19011.599,18866.864,19000.376
2024.08.13,16:00,19001.021,19023.899,18981.52,19017.632
2024.08.13,20:00,19018.187,19054.189,18983.654,19010.099
2024.08.14,00:00,19009.642,19033.589,18987.508,18997.142
2024.08.14,04:00,18997.354,19022.376,18965.043,19012.031
2024.08.14,08:00,19011.843,19109.932,18834.01,19103.354
2024.08.14,12:00,19103.899,19104.987,18923.229,19012.664
2024.08.14,16:00,19011.875,19061.198,19002.654,19008.664
2024.08.14,20:00,19008.52,19124.608,19007.631,19115.832
2024.08.15,00:00,19116.289,19121.831,19047.742,19097.275
2024.08.15,04:00,19097.653,19099.876,19006.765,19065.664
2024.08.15,08:00,19066.154,19444.609,19046.665,19424.654
2024.08.15,12:00,19423.999,19501.599,19412.22,19481.399
2024.08.15,16:00,19481.209,19541.353,19460.042,19515.298
2024.08.15,20:00,19515.354,19545.02,19478.297,19536.243
2024.08.16,00:00,19536.131,19584.332,19513.742,19535.809
2024.08.16,04:00,19538.587,19552.154,19451.164,19454.708
2024.08.16,08:00,19455.553,19500.299,19350.886,19482.232
2024.08.16,12:00,19481.264,19565.765,19471.376,19509.886
2024.08.16,16:00,19509.242,19526.286,19503.364,19523.499
2024.08.18,16:00,19575.82,19578.697,19529.287,19554.098
2024.08.18,20:00,19553.776,19592.219,19533.297,19552.397
2024.08.19,00:00,19551.898,19554.319,19467.61,19490.499
2024.08.19,04:00,19490.409,19523.899,19431.598,19515.821
2024.08.19,08:00,19516.299,19588.086,19440.731,19546.709
2024.08.19,12:00,19546.886,19768.289,19529.698,19767.632
2024.08.19,16:00,19767.21,19784.476,19740.208,19767.008
2024.08.19,20:00,19767.031,19819.899,19752.119,19782.997
2024.08.20,00:00,19782.698,19837.165,19779.631,19817.321
2024.08.20,04:00,19817.689,19819.108,19756.32,19780.565
2024.08.20,08:00,19780.643,19831.689,19650.82,19761.586
2024.08.20,12:00,19761.854,19776.409,19657.597,19718.654
2024.08.20,16:00,19718.643,19739.843,19694.976,19699.089
2024.08.20,20:00,19697.976,19750.354,19697.854,19740.375
2024.08.21,00:00,19740.508,19763.832,19708.954,19724.92
2024.08.21,04:00,19725.886,19768.599,19699.131,19741.076
2024.08.21,08:00,19741.208,19894.519,19716.943,19738.075
2024.08.21,12:00,19737.289,19862.809,19685.41,19816.897
2024.08.21,16:00,19817.897,19854.889,19792.076,19847.521
2024.08.21,20:00,19846.475,19855.289,19777.799,19793.808
2024.08.22,00:00,19793.643,19840.199,19787.676,19829.076
2024.08.22,04:00,19828.819,19898.186,19808.231,19888.276
2024.08.22,08:00,19888.542,19937.008,19579.02,19625.319
2024.08.22,12:00,19624.854,19745.243,19457.565,19499.343
2024.08.22,16:00,19500.021,19561.721,19482.243,19560.431
2024.08.22,20:00,19560.609,19602.031,19554.432,19588.232
2024.08.23,00:00,19588.053,19629.799,19587.397,19601.498
2024.08.23,04:00,19601.608,19676.999,19595.764,19659.975
2024.08.23,08:00,19659.999,19823.419,19544.775,19639.321
2024.08.23,12:00,19640.32,19734.754,19517.053,19711.71
2024.08.23,16:00,19714.232,19720.689,19697.219,19706.098
2024.08.25,16:00,19738.389,19752.864,19642.131,19688.343
2024.08.25,20:00,19689.097,19757.321,19676.954,19688.899
2024.08.26,00:00,19688.51,19762.121,19680.589,19753.52
2024.08.26,04:00,19753.875,19770.865,19670.831,19700.031
2024.08.26,08:00,19699.854,19727.831,19432.697,19482.665
2024.08.26,12:00,19482.586,19569.132,19441.143,19520.397
2024.08.26,16:00,19521.142,19523.532,19451.009,19499.032
2024.08.26,20:00,19499.198,19532.597,19472.064,19524.021
2024.08.27,00:00,19523.986,19549.875,19512.109,19543.799
2024.08.27,04:00,19543.409,19574.699,19481.854,19523.82
2024.08.27,08:00,19524.497,19621.397,19371.354,19538.376
2024.08.27,12:00,19538.586,19620.143,19511.389,19579.575
2024.08.27,16:00,19578.321,19589.364,19490.365,19516.697
2024.08.27,20:00,19516.875,19558.553,19509.11,19548.587
2024.08.28,00:00,19548.41,19583.619,19545.643,19577.099
2024.08.28,04:00,19574.965,19619.699,19539.653,19548.621
2024.08.28,08:00,19548.432,19586.164,19272.632,19360.899
2024.08.28,12:00,19361.208,19414.676,19212.808,19351.398
2024.08.28,16:00,19352.554,19365.042,19076.886,19128.586
2024.08.28,20:00,19128.71,19213.832,19127.808,19210.321
2024.08.29,00:00,19210.797,19328.343,19210.142,19306.242
2024.08.29,04:00,19303.743,19451.709,19297.531,19402.064
2024.08.29,08:00,19402.064,19628.354,19380.331,19569.187
2024.08.29,12:00,19570.399,19625.608,19273.898,19328.942
2024.08.29,16:00,19330.153,19387.219,19330.143,19372.875
2024.08.29,20:00,19372.875,19417.589,19337.698,19395.797
2024.08.30,00:00,19395.653,19482.119,19378.753,19464.386
2024.08.30,04:00,19464.609,19489.853,19441.665,19469.831
2024.08.30,08:00,19469.71,19575.553,19363.664,19411.031
2024.08.30,12:00,19411.297,19579.909,19320.02,19565.119
2024.08.30,16:00,19564.919,19573.398,19538.854,19544.219
2024.09.01,16:00,19563.543,19565.02,19518.221,19534.875
2024.09.01,20:00,19535.142,19575.999,19524.221,19539.031
2024.09.02,00:00,19539.099,19547.12,19460.319,19484.387
2024.09.02,04:00,19484.208,19556.499,19484.208,19553.365
2024.09.02,08:00,19552.775,19619.209,19538.187,19602.664
2024.09.02,12:00,19603.265,19609.12,19578.598,19596.819
2024.09.02,16:00,19609.732,19633.575,19496.82,19531.132
2024.09.02,20:00,19532.675,19559.075,19465.053,19512.053
2024.09.03,00:00,19511.875,19594.889,19470.021,19564.653
2024.09.03,04:00,19569.374,19582.889,19396.543,19446.387
2024.09.03,08:00,19446.575,19472.576,19099.264,19102.909
2024.09.03,12:00,19103.751,19159.587,18864.775,18963.608
2024.09.03,16:00,18963.497,18989.199,18886.042,18909.276
2024.09.03,20:00,18909.597,18935.443,18778.431,18833.298
2024.09.04,00:00,18833.431,18869.276,18783.598,18852.699
2024.09.04,04:00,18852.62,18893.643,18797.631,18825.632
2024.09.04,08:00,18824.643,19069.699,18791.776,18964.789
2024.09.04,12:00,18964.621,19042.253,18862.997,18912.809
2024.09.04,16:00,18912.032,18939.442,18846.497,18886.465
2024.09.04,20:00,18886.474,18960.599,18852.886,18860.375
2024.09.05,00:00,18859.397,18956.699,18839.064,18952.686
2024.09.05,04:00,18952.019,18952.343,18852.643,18871.842
2024.09.05,08:00,18871.197,19108.542,18783.353,18821.419
2024.09.05,12:00,18820.887,18998.876,18817.697,18935.098
2024.09.05,16:00,18934.096,18969.608,18856.343,18875.409
2024.09.05,20:00,18875.889,18879.432,18756.42,18835.864
2024.09.06,00:00,18835.986,18862.199,18672.143,18743.497
2024.09.06,04:00,18743.153,18756.298,18670.187,18747.275
2024.09.06,08:00,18747.219,18936.243,18413.732,18430.519
2024.09.06,12:00,18430.495,18513.632,18398.72,18427.819
2024.09.06,16:00,18425.697,18427.01,18396.819,18410.132
2024.09.08,16:00,18383.521,18428.731,18354.521,18422.265
2024.09.08,20:00,18420.397,18508.875,18418.598,18505.587
2024.09.09,00:00,18505.364,18588.632,18503.108,18587.143
2024.09.09,04:00,18587.185,18613.289,18550.22,18563.809
2024.09.09,08:00,18563.831,18685.289,18464.031,18609.698
2024.09.09,12:00,18610.299,18695.698,18534.354,18658.064
2024.09.09,16:00,18656.809,18704.621,18646.721,18682.121
2024.09.09,20:00,18682.076,18685.465,18606.775,18621.621
2024.09.10,00:00,18621.608,18650.975,18574.286,18649.597
2024.09.10,04:00,18649.721,18675.019,18551.889,18667.109
2024.09.10,08:00,18666.789,18791.708,18594.654,18597.299
2024.09.10,12:00,18595.721,18846.587,18562.221,18826.72
2024.09.10,16:00,18823.164,18835.799,18795.031,18809.389
2024.09.10,20:00,18809.464,18816.489,18706.619,18723.52
2024.09.11,00:00,18723.631,18797.132,18677.621,18793.653
2024.09.11,04:00,18788.899,18812.732,18736.721,18807.243
2024.09.11,08:00,18807.187,18899.275,18525.286,18765.286
2024.09.11,12:00,18764.42,19264.72,18760.71,19224.542
2024.09.11,16:00,19225.789,19240.308,19201.598,19216.964
2024.09.11,20:00,19216.786,19282.197,19206.986,19281.243
2024.09.12,00:00,19281.153,19315.375,19244.998,19254.489
2024.09.12,04:00,19254.887,19303.808,19232.975,19271.686
2024.09.12,08:00,19272.153,19365.997,19159.31,19243.699
2024.09.12,12:00,19243.599,19460.476,19236.487,19429.875
2024.09.12,16:00,19428.921,19452.12,19379.908,19435.12
2024.09.12,20:00,19434.732,19455.386,19402.554,19432.886
2024.09.13,00:00,19433.075,19470.243,19412.899,19417.231
2024.09.13,04:00,19419.62,19460.176,19407.643,19436.298
2024.09.13,08:00,19436.131,19525.631,19382.119,19517.887
2024.09.13,12:00,19516.743,19557.565,19460.653,19509.964
2024.09.13,16:00,19510.821,19510.821,19483.654,19495.865
2024.09.15,16:00,19465.514,19526.097,19464.981,19518.72
2024.09.15,20:00,19518.623,19523.264,19476.362,19510.297
2024.09.16,00:00,19510.459,19512.112,19463.275,19500.297
2024.09.16,04:00,19500.318,19524.492,19425.676,19435.743
2024.09.16,08:00,19436.199,19447.064,19283.799,19354.065
2024.09.16,12:00,19355.108,19434.764,19299.498,19422.131
2024.09.16,16:00,19422.206,19447.231,19409.131,19425.398
2024.09.16,20:00,19424.442,19435.286,19385.387,19399.689
2024.09.17,00:00,19399.376,19497.997,19394.342,19486.898
2024.09.17,04:00,19485.908,19554.754,19480.564,19545.286
2024.09.17,08:00,19545.076,19603.775,19463.031,19526.098
2024.09.17,12:00,19526.189,19536.599,19326.008,19434.521
2024.09.17,16:00,19433.475,19461.589,19424.398,19458.464
2024.09.17,20:00,19460.076,19468.708,19437.376,19439.91
2024.09.18,00:00,19440.098,19479.909,19423.332,19448.831
2024.09.18,04:00,19448.818,19482.098,19411.331,19455.187
2024.09.18,08:00,19457.009,19490.119,19343.32,19353.953
2024.09.18,12:00,19353.843,19652.097,19322.565,19346.287
2024.09.18,16:00,19344.264,19537.109,19327.643,19523.199
2024.09.18,20:00,19522.721,19627.908,19437.264,19623.599
2024.09.19,00:00,19623.442,19701.609,19601.531,19701.109
2024.09.19,04:00,19699.609,19777.476,19659.354,19768.832
2024.09.19,08:00,19768.874,19912.508,19718.865,19851.299
2024.09.19,12:00,19851.353,19956.143,19818.564,19835.542
2024.09.19,16:00,19834.789,19845.82,19792.108,19809.064
2024.09.19,20:00,19808.775,19830.389,19780.764,19810.887
2024.09.20,00:00,19811.289,19829.398,19783.597,19818.631
2024.09.20,04:00,19819.221,19823.342,19741.686,19778.186
2024.09.20,08:00,19778.708,19842.886,19625.065,19741.608
2024.09.20,12:00,19742.353,19852.708,19703.276,19797.232
2024.09.20,16:00,19799.799,19803.489,19770.865,19775.732
2024.09.22,16:00,19768.109,19834.419,19768.109,19830.72
2024.09.22,20:00,19830.853,19931.799,19823.832,19913.398
2024.09.23,00:00,19913.697,19924.789,19724.043,19828.553
2024.09.23,04:00,19828.764,19858.364,19784.865,19847.297
2024.09.23,08:00,19843.52,19897.532,19801.286,19877.064
2024.09.23,12:00,19877.097,19878.654,19790.632,19849.908
2024.09.23,16:00,19850.375,19859.343,19819.886,19843.731
2024.09.23,20:00,19843.489,19870.631,19798.72,19825.821
2024.09.24,00:00,19825.609,19928.732,19820.732,19928.075
2024.09.24,04:00,19925.099,19954.221,19826.319,19881.208
2024.09.24,08:00,19881.408,19992.908,19729.72,19966.299
2024.09.24,12:00,19967.031,19992.789,19880.797,19940.564
2024.09.24,16:00,19941.598,19964.386,19933.82,19952.654
2024.09.24,20:00,19952.575,19955.609,19882.775,19900.708
2024.09.25,00:00,19900.989,19912.799,19837.542,19881.242
2024.09.25,04:00,19882.198,19913.375,19852.832,19913.187
2024.09.25,08:00,19913.364,20044.409,19897.843,19982.521
2024.09.25,12:00,19982.808,19990.576,19910.675,19969.554
2024.09.25,16:00,19969.286,20059.297,19963.298,20053.719
2024.09.25,20:00,20053.908,20146.221,20052.642,20140.198
2024.09.26,00:00,20140.489,20275.832,20130.865,20259.899
2024.09.26,04:00,20263.298,20280.043,20227.142,20261.408
2024.09.26,08:00,20261.265,20313.799,19961.886,20096.598
2024.09.26,12:00,20096.354,20136.62,19964.153,20116.298
2024.09.26,16:00,20117.165,20162.589,20110.887,20124.986
2024.09.26,20:00,20124.865,20124.887,20061.487,20101.343
2024.09.27,00:00,20101.575,20139.276,20017.21,20029.586
2024.09.27,04:00,20029.398,20127.098,20026.054,20126.387
2024.09.27,08:00,20126.464,20176.099,20009.786,20013.321
2024.09.27,12:00,20013.598,20074.286,19953.289,20005.108
2024.09.27,16:00,20004.175,20008.043,19981.708,19987.72
2024.09.29,16:00,19967.431,20063.899,19964.619,20054.609
2024.09.29,20:00,20058.62,20068.289,19936.932,20001.142
2024.09.30,00:00,20001.299,20028.609,19928.81,20007.086
2024.09.30,04:00,20007.029,20007.029,19901.921,19912.032
2024.09.30,08:00,19912.154,20045.042,19906.597,19992.043
2024.09.30,12:00,19992.608,20073.276,19842.375,20037.119
2024.09.30,16:00,20035.997,20061.654,20002.054,20035.889
2024.09.30,20:00,20035.521,20118.686,20010.209,20072.809
2024.10.01,00:00,20073.02,20076.799,20003.62,20074.632
2024.10.01,04:00,20074.508,20112.689,20039.809,20060.454
2024.10.01,08:00,20060.286,20074.421,19619.931,19722.889
2024.10.01,12:00,19722.42,19875.641,19645.254,19770.986
2024.10.01,16:00,19773.199,19810.142,19685.908,19724.554
2024.10.01,20:00,19724.443,19787.998,19716.831,19776.843
2024.10.02,00:00,19776.62,19781.699,19672.921,19744.998
2024.10.02,04:00,19744.643,19767.442,19671.089,19725.875
2024.10.02,08:00,19725.709,19882.064,19627.476,19853.51
2024.10.02,12:00,19853.887,19877.799,19764.042,19801.598
2024.10.02,16:00,19803.386,19863.676,19798.698,19851.565
2024.10.02,20:00,19851.432,19851.842,19732.653,19745.397
2024.10.03,00:00,19745.621,19768.689,19647.942,19680.464
2024.10.03,04:00,19683.099,19773.886,19679.354,19773.886
2024.10.03,08:00,19773.708,19911.619,19692.931,19838.419
2024.10.03,12:00,19838.198,19849.887,19676.653,19784.82
2024.10.03,16:00,19783.842,19814.043,19744.654,19785.942
2024.10.03,20:00,19786.119,19872.376,19751.31,19815.599
2024.10.04,00:00,19815.475,19842.642,19775.021,19836.075
2024.10.04,04:00,19835.12,19887.487,19800.11,19866.053
2024.10.04,08:00,19865.509,20066.098,19814.82,19942.331
2024.10.04,12:00,19943.51,20046.887,19883.465,20027.698
2024.10.04,16:00,20028.875,20034.886,20019.565,20023.887
2024.10.06,16:00,20046.765,20067.699,20030.776,20034.343
2024.10.06,20:00,20033.42,20066.565,20005.22,20022.897
2024.10.07,00:00,20022.731,20037.386,19936.242,19946.976
2024.10.07,04:00,19947.276,19967.999,19861.797,19913.908
2024.10.07,08:00,19912.486,19993.287,19893.253,19957.008
2024.10.07,12:00,19957.864,19973.998,19757.321,19807.586
2024.10.07,16:00,19806.531,19829.989,19713.831,19793.165
2024.10.07,20:00,19793.253,19839.62,19765.376,19794.81
2024.10.08,00:00,19794.642,19836.987,19752.731,19816.631
2024.10.08,04:00,19816.753,19909.653,19795.843,19903.831
2024.10.08,08:00,19903.754,20080.486,19866.375,20064.431
2024.10.08,12:00,20064.398,20135.087,19972.275,20105.286
2024.10.08,16:00,20105.042,20106.062,20078.809,20081.108
2024.10.08,20:00,20081.142,20096.198,20041.386,20044.732
2024.10.09,00:00,20044.021,20058.899,20003.308,20035.087
2024.10.09,04:00,20034.32,20099.186,20016.32,20064.164
2024.10.09,08:00,20064.698,20255.597,20048.076,20253.021
2024.10.09,12:00,20253.643,20289.52,20162.765,20267.875
2024.10.09,16:00,20267.109,20267.109,20239.576,20261.353
2024.10.09,20:00,20252.73,20282.089,20244.608,20279.019
2024.10.10,00:00,20278.81,20282.475,20221.81,20231.309
2024.10.10,04:00,20231.419,20247.92,20210.231,20245.898
2024.10.10,08:00,20244.409,20287.789,20110.954,20285.464
2024.10.10,12:00,20285.398,20318.21,20183.387,20238.897
2024.10.10,16:00,20239.797,20281.364,20227.72,20269.019
2024.10.10,20:00,20268.854,20285.199,20257.22,20272.408
2024.10.11,00:00,20272.554,20273.089,20189.108,20226.864
2024.10.11,04:00,20226.532,20228.699,20171.71,20184.386
2024.10.11,08:00,20185.375,20298.787,20133.199,20290.489
2024.10.11,12:00,20289.319,20315.199,20226.521,20270.231
2024.10.11,16:00,20270.099,20274.689,20243.498,20243.498
2024.10.13,16:00,20235.587,20272.721,20233.51,20249.22
2024.10.13,20:00,20249.009,20254.365,20206.52,20230.809
2024.10.14,00:00,20230.898,20288.81,20225.875,20287.589
2024.10.14,04:00,20287.519,20348.599,20278.386,20329.297
2024.10.14,08:00,20329.843,20498.742,20325.065,20406.998
2024.10.14,12:00,20406.609,20487.52,20400.808,20442.308
2024.10.14,16:00,20443.089,20463.489,20424.021,20454.054
2024.10.14,20:00,20454.331,20458.365,20413.498,20455.831
2024.10.15,00:00,20455.986,20456.599,20410.22,20424.921
2024.10.15,04:00,20424.498,20444.309,20386.232,20435.753
2024.10.15,08:00,20435.608,20482.232,20155.619,20173.931
2024.10.15,12:00,20173.775,20239.432,20078.409,20168.276
2024.10.15,16:00,20166.942,20190.699,20141.276,20176.989
2024.10.15,20:00,20176.919,20216.489,20166.031,20212.931
2024.10.16,00:00,20212.553,20221.776,20156.387,20215.387
2024.10.16,04:00,20215.054,20216.987,20161.52,20200.576
2024.10.16,08:00,20200.787,20203.299,20032.508,20102.487
2024.10.16,12:00,20102.999,20203.732,20097.943,20170.942
2024.10.16,16:00,20169.975,20172.42,20137.82,20139.908
2024.10.16,20:00,20139.51,20152.689,20103.053,20123.421
2024.10.17,00:00,20123.575,20300.497,20114.431,20274.553
2024.10.17,04:00,20274.265,20360.499,20264.475,20344.299
2024.10.17,08:00,20343.953,20419.921,20194.02,20336.364
2024.10.17,12:00,20336.499,20356.999,20182.721,20190.775
2024.10.17,16:00,20191.821,20248.521,20185.519,20240.054
2024.10.17,20:00,20241.02,20241.408,20156.064,20197.397
2024.10.18,00:00,20197.232,20290.797,20193.586,20289.331
2024.10.18,04:00,20290.108,20314.599,20253.497,20303.589
2024.10.18,08:00,20303.22,20366.319,20269.497,20306.808
2024.10.18,12:00,20306.464,20360.787,20280.275,20321.909
2024.10.18,16:00,20319.91,20341.589,20312.809,20331.987
2024.10.20,20:00,20352.997,20361.999,20315.609,20319.275
2024.10.21,00:00,20319.375,20322.199,20264.332,20279.254
2024.10.21,04:00,20278.72,20298.989,20183.298,20197.853
2024.10.21,08:00,20197.775,20392.776,20182.754,20293.986
2024.10.21,12:00,20293.364,20361.732,20263.398,20359.843
2024.10.21,16:00,20359.742,20382.843,20349.321,20356.489
2024.10.21,20:00,20356.021,20356.021,20298.486,20308.108
2024.10.22,00:00,20308.332,20328.689,20273.097,20305.965
2024.10.22,04:00,20305.22,20315.799,20216.531,20250.521
2024.10.22,08:00,20250.942,20360.432,20201.298,20314.264
2024.10.22,12:00,20314.487,20444.286,20268.199,20383.776
2024.10.22,16:00,20383.531,20383.531,20332.875,20372.342
2024.10.22,20:00,20372.689,20377.576,20334.619,20354.299
2024.10.23,00:00,20353.843,20383.943,20336.51,20347.864
2024.10.23,04:00,20348.289,20362.043,20291.189,20312.897
2024.10.23,08:00,20313.108,20335.989,20153.01,20207.497
2024.10.23,12:00,20206.51,20206.51,19931.864,20071.053
2024.10.23,16:00,20069.197,20148.089,20058.898,20143.576
2024.10.23,20:00,20143.175,20196.799,20129.597,20173.709
2024.10.24,00:00,20172.132,20241.608,20159.554,20234.721
2024.10.24,04:00,20234.987,20272.397,20206.031,20268.797
2024.10.24,08:00,20268.665,20280.076,20113.586,20177.108
2024.10.24,20:00,20236.998,20268.31,20226.921,20231.019
2024.10.25,00:00,20231.01,20294.386,20220.52,20294.087
2024.10.25,04:00,20294.052,20312.12,20253.598,20301.064
2024.10.25,08:00,20301.208,20556.564,20299.02,20472.475
2024.10.25,12:00,20471.532,20516.176,20315.009,20351.876
2024.10.25,16:00,20352.576,20358.332,20330.065,20330.597
2024.10.27,16:00,20455.019,20504.419,20442.543,20471.153
2024.10.27,20:00,20471.031,20514.209,20456.954,20512.143
2024.10.28,00:00,20512.508,20523.375,20458.289,20516.91
2024.10.28,04:00,20517.054,20532.532,20437.197,20515.343
2024.10.28,08:00,20515.165,20520.889,20374.108,20387.799
2024.10.28,12:00,20356.554,20371.889,20347.887,20356.853
2024.10.28,16:00,20368.943,20381.776,20335.287,20371.51
2024.10.28,20:00,20371.899,20377.554,20310.175,20350.519
2024.10.29,00:00,20350.543,20413.176,20340.286,20384.619
2024.10.29,04:00,20384.108,20387.765,20320.264,20347.064
2024.10.29,08:00,20347.186,20516.289,20292.019,20506.153
2024.10.29,12:00,20506.298,20604.153,20506.265,20556.097
2024.10.29,16:00,20611.164,20633.021,20588.165,20626.686
2024.10.29,20:00,20626.662,20647.61,20573.342,20580.264
2024.10.30,00:00,20580.154,20624.099,20563.175,20582.131
2024.10.30,04:00,20578.221,20613.743,20533.776,20547.787
2024.10.30,08:00,20547.832,20559.698,20403.832,20506.889
2024.10.30,12:00,20506.376,20514.797,20334.543,20359.097
2024.10.30,16:00,20311.954,20325.476,20263.398,20298.709
2024.10.30,20:00,20298.786,20324.989,20265.398,20270.486
2024.10.31,00:00,20270.451,20272.689,20148.421,20179.265
2024.10.31,04:00,20179.143,20277.475,20154.421,20243.709
2024.10.31,08:00,20243.887,20256.698,19894.453,19954.832
2024.10.31,12:00,19954.931,19999.175,19877.831,19923.62
2024.10.31,16:00,19953.22,19985.642,19924.621,19947.399
2024.10.31,20:00,19946.175,19975.376,19892.131,19956.064
2024.11.01,00:00,19955.708,20001.289,19929.876,19970.675
2024.11.01,04:00,19970.354,20020.343,19956.308,19988.299
2024.11.01,08:00,19987.598,20165.11,19933.31,20088.51
2024.11.01,12:00,20089.086,20129.799,20001.697,20054.798
2024.11.03,16:00,20013.042,20037.81,19951.897,20009.864
2024.11.03,20:00,20009.654,20127.397,20004.342,20114.153
2024.11.04,00:00,20114.01,20127.475,20015.442,20048.365
2024.11.04,04:00,20047.487,20092.099,19981.198,20045.998
2024.11.04,08:00,20046.142,20107.542,19894.61,19962.408
2024.11.04,12:00,19962.597,20057.153,19914.109,19968.408
2024.11.04,16:00,19968.384,20013.832,19954.121,19958.976
2024.11.04,20:00,19958.198,19998.364,19924.865,19967.353
2024.11.05,00:00,19967.508,20030.199,19967.42,20029.42
2024.11.05,04:00,20029.451,20053.508,19995.931,20031.675
2024.11.05,08:00,20031.799,20227.532,19990.031,20220.909
2024.11.05,12:00,20221.409,20252.442,20161.064,20219.397
2024.11.05,16:00,20220.153,20294.487,20205.51,20270.409
2024.11.05,20:00,20269.409,20521.431,20261.02,20478.465
2024.11.06,00:00,20478.075,20611.432,20348.61,20580.519
2024.11.06,04:00,20581.009,20609.986,20462.42,20566.587
2024.11.06,08:00,20567.089,20699.709,20522.909,20677.686
2024.11.06,12:00,20677.599,20804.22,20657.432,20762.154
2024.11.06,16:00,20761.232,20803.197,20736.943,20748.943
2024.11.06,20:00,20748.941,20808.209,20741.354,20796.775
2024.11.07,00:00,20796.875,20841.489,20784.165,20810.008
2024.11.07,04:00,20810.142,20851.999,20790.454,20842.519
2024.11.07,08:00,20842.776,21079.689,20833.686,21075.308
2024.11.07,12:00,21075.229,21132.953,21032.32,21100.986
2024.11.07,16:00,21102.11,21130.889,21089.187,21108.109
2024.11.07,20:00,21107.732,21128.609,21099.598,21108.176
2024.11.08,00:00,21108.265,21146.889,21095.62,21115.809
2024.11.08,04:00,21116.254,21127.386,21005.653,21066.809
2024.11.08,08:00,21066.763,21126.499,21040.219,21108.243
2024.11.08,12:00,21108.564,21153.898,21086.01,21121.565
2024.11.08,16:00,21121.332,21131.989,21113.198,21121.753
2024.11.10,16:00,21174.021,21202.031,21153.11,21165.797
2024.11.10,20:00,21165.532,21180.099,21149.143,21178.032
2024.11.11,00:00,21178.419,21214.064,21168.71,21183.065
2024.11.11,04:00,21182.999,21226.221,21159.142,21217.786
2024.11.11,08:00,21218.021,21230.919,21047.531,21095.521
2024.11.11,12:00,21094.62,21113.231,20988.721,21113.231
2024.11.11,16:00,21113.317,21123.789,21089.687,21105.131
2024.11.11,20:00,21104.898,21141.297,21082.81,21114.564
2024.11.12,00:00,21114.606,21132.253,21072.809,21122.064
2024.11.12,04:00,21122.031,21123.889,21021.142,21084.575
2024.11.12,08:00,21084.654,21143.999,21034.989,21045.564
2024.11.12,12:00,21044.631,21099.331,20945.797,21075.899
2024.11.12,16:00,21075.154,21089.097,21029.686,21035.32
2024.11.12,20:00,21035.699,21052.089,21023.419,21030.664
2024.11.13,00:00,21030.832,21070.097,20991.943,21068.899
2024.11.13,04:00,21068.618,21074.089,21005.219,21022.853
2024.11.13,08:00,21021.943,21133.687,20950.187,21055.82
2024.11.13,12:00,21055.031,21157.854,21012.076,21046.165
2024.11.13,16:00,21045.789,21066.909,21029.221,21041.875
2024.11.13,20:00,21042.02,21042.02,21004.876,21027.587
2024.11.14,00:00,21030.198,21063.319,20979.175,21055.089
2024.11.14,04:00,21054.885,21079.01,21037.832,21044.675
2024.11.14,08:00,21044.589,21064.864,20932.042,20982.375
2024.11.14,12:00,20918.109,20980.789,20916.054,20960.221
2024.11.14,16:00,20903.489,20903.489,20808.098,20820.954
2024.11.14,20:00,20820.01,20821.075,20779.054,20813.51
2024.11.15,00:00,20812.986,20823.199,20688.787,20726.719
2024.11.15,04:00,20729.11,20760.797,20701.498,20756.487
2024.11.15,08:00,20756.064,20758.154,20384.543,20398.91
2024.11.15,12:00,20398.632,20418.075,20311.231,20392.289
2024.11.15,16:00,20393.099,20427.064,20392.021,20402.243
2024.11.17,16:00,20414.265,20534.665,20381.775,20533.41
2024.11.17,20:00,20533.243,20561.699,20498.654,20554.121
2024.11.18,00:00,20554.576,20561.889,20483.754,20540.22
2024.11.18,04:00,20539.564,20540.72,20450.753,20462.754
2024.11.18,08:00,20463.265,20630.198,20387.021,20568.554
2024.11.18,12:00,20568.654,20577.019,20493.286,20533.242
2024.11.18,16:00,20533.489,20554.776,20507.875,20530.721
2024.11.18,20:00,20530.475,20600.553,20511.421,20585.953
2024.11.19,00:00,20586.087,20592.308,20467.442,20533.376
2024.11.19,04:00,20531.432,20552.099,20396.597,20518.21
2024.11.19,08:00,20518.409,20610.076,20287.119,20579.264
2024.11.19,12:00,20579.353,20700.676,20553.609,20673.686
2024.11.19,16:00,20674.51,20744.243,20662.832,20723.153
2024.11.19,20:00,20723.099,20732.809,20682.554,20711.908
2024.11.20,00:00,20712.075,20752.832,20695.52,20705.198
2024.11.20,04:00,20706.086,20738.61,20663.12,20729.531
2024.11.20,08:00,20729.864,20739.319,20388.398,20606.032
2024.11.20,12:00,20605.787,20680.721,20472.319,20669.786
2024.11.20,16:00,20668.732,20703.099,20561.176,20564.653
2024.11.20,20:00,20564.965,20603.564,20536.099,20592.609
2024.11.21,00:00,20592.631,20639.486,20521.509,20591.143
2024.11.21,04:00,20591.376,20723.654,20511.508,20676.831
2024.11.21,08:00,20676.421,20821.208,20431.887,20647.332
2024.11.21,12:00,20647.664,20793.119,20612.109,20735.92
2024.11.21,16:00,20734.864,20743.464,20678.098,20689.143
2024.11.21,20:00,20689.32,20763.109,20679.398,20727.709
2024.11.22,00:00,20729.22,20749.632,20681.51,20725.743
2024.11.22,04:00,20725.654,20726.797,20612.798,20715.589
2024.11.22,08:00,20715.543,20792.397,20645.897,20737.265
2024.11.22,12:00,20737.153,20801.053,20717.989,20769.787
2024.11.22,16:00,20770.353,20789.143,20762.176,20775.898
2024.11.24,16:00,20859.564,20878.597,20852.664,20877.732
2024.11.24,20:00,20877.631,20892.698,20873.575,20888.999
2024.11.25,00:00,20888.62,20895.199,20854.964,20881.743
2024.11.25,04:00,20879.664,20904.009,20867.11,20878.11
2024.11.25,08:00,20877.798,21004.697,20793.787,20832.997
2024.11.25,12:00,20833.42,20838.187,20709.143,20803.587
2024.11.25,16:00,20802.889,20859.553,20713.131,20724.132
2024.11.25,20:00,20725.521,20840.289,20682.031,20828.509
2024.11.26,00:00,20828.087,20850.765,20778.509,20796.799
2024.11.26,04:00,20796.509,20881.542,20788.443,20873.719
2024.11.26,08:00,20873.753,20952.208,20843.264,20888.697
2024.11.26,12:00,20889.008,20933.089,20827.62,20915.821
2024.11.26,16:00,20915.089,20932.889,20893.554,20911.132
2024.11.26,20:00,20912.032,20943.643,20883.186,20891.653
2024.11.27,00:00,20892.02,20914.889,20847.41,20862.019
2024.11.27,04:00,20861.82,20878.053,20829.532,20868.565
2024.11.27,08:00,20868.465,20895.92,20631.908,20651.32
2024.11.27,12:00,20651.821,20765.11,20611.389,20751.098
2024.11.27,16:00,20751.965,20789.009,20740.109,20782.709
2024.11.27,20:00,20782.909,20798.876,20770.719,20792.354
2024.11.28,00:00,20792.486,20806.899,20780.708,20791.386
2024.11.28,04:00,20791.443,20809.199,20782.81,20807.299
2024.11.28,08:00,20807.789,20844.399,20792.497,20817.153
2024.11.28,12:00,20818.154,20836.089,20818.154,20822.51
2024.11.28,16:00,20827.086,20832.889,20769.919,20780.097
2024.11.28,20:00,20780.165,20878.121,20763.653,20872.709
2024.11.29,00:00,20872.732,20876.109,20806.398,20841.231
2024.11.29,04:00,20841.397,20850.532,20783.621,20798.708
2024.11.29,08:00,20795.809,20946.686,20747.765,20936.742
2024.11.29,12:00,20937.086,20957.389,20919.72,20928.308
2024.12.01,16:00,20942.353,20944.742,20884.12,20898.132
2024.12.01,20:00,20898.386,20916.289,20887.632,20899.043
2024.12.02,00:00,20899.242,20914.665,20881.887,20912.665
2024.12.02,04:00,20912.786,20953.332,20882.075,20948.654
2024.12.02,08:00,20948.789,21177.719,20941.154,21169.999
2024.12.02,12:00,21169.597,21199.809,21116.554,21157.119
2024.12.02,16:00,21157.81,21179.719,21145.176,21152.343
2024.12.02,20:00,21152.008,21180.409,21144.697,21166.065
2024.12.03,00:00,21166.143,21184.419,21152.632,21158.889
2024.12.03,04:00,21157.665,21164.376,21128.689,21147.92
2024.12.03,08:00,21148.475,21207.409,21077.119,21151.119
2024.12.03,12:00,21151.153,21233.997,21135.497,21223.831
2024.12.03,16:00,21224.865,21282.589,21217.919,21269.153
2024.12.03,20:00,21269.687,21300.919,21266.897,21298.599
2024.12.04,00:00,21297.799,21333.343,21284.486,21332.032
2024.12.04,04:00,21331.554,21374.689,21323.086,21357.108
2024.12.04,08:00,21357.365,21443.442,21336.042,21421.331
2024.12.04,12:00,21420.689,21496.82,21388.187,21484.831
2024.12.04,16:00,21484.998,21485.876,21443.432,21445.053
2024.12.04,20:00,21445.199,21468.199,21443.131,21457.821
2024.12.05,00:00,21457.965,21467.387,21436.831,21451.354
2024.12.05,04:00,21451.453,21485.132,21437.632,21484.576
2024.12.05,08:00,21485.053,21499.031,21436.608,21479.376
2024.12.05,12:00,21478.842,21515.789,21409.02,21423.975
2024.12.05,16:00,21423.432,21424.889,21377.132,21407.698
2024.12.05,20:00,21406.309,21434.175,21402.776,21425.532
2024.12.06,00:00,21425.643,21447.309,21421.121,21441.454
2024.12.06,04:00,21441.064,21441.986,21396.965,21431.309
2024.12.06,08:00,21431.621,21602.265,21400.664,21569.965
2024.12.06,12:00,21570.443,21624.41,21552.953,21615.443
2024.12.06,16:00,21614.753,21614.753,21592.742,21599.153
2024.12.08,16:00,21596.442,21626.243,21582.609,21599.609
2024.12.08,20:00,21599.309,21613.72,21584.053,21595.199
2024.12.09,00:00,21595.208,21662.21,21592.432,21660.319
2024.12.09,04:00,21660.42,21660.42,21543.798,21582.91
2024.12.09,08:00,21582.742,21605.564,21398.497,21472.508
2024.12.09,12:00,21472.389,21509.643,21401.798,21445.565
2024.12.09,16:00,21444.698,21446.754,21419.553,21437.542
2024.12.09,20:00,21438.019,21445.343,21423.575,21428.853
2024.12.10,00:00,21428.631,21437.199,21409.453,21423.089
2024.12.10,04:00,21421.408,21495.908,21410.532,21489.353
2024.12.10,08:00,21489.187,21569.487,21412.475,21447.375
2024.12.10,12:00,21446.364,21465.699,21312.397,21365.532
2024.12.10,16:00,21366.475,21400.108,21365.176,21381.354
2024.12.10,20:00,21381.597,21396.375,21372.875,21390.175
2024.12.11,00:00,21390.065,21408.799,21364.864,21391.598
2024.12.11,04:00,21391.275,21418.289,21389.197,21396.231
2024.12.11,08:00,21396.142,21729.053,21394.732,21720.143
2024.12.11,12:00,21720.22,21779.419,21719.31,21754.576
2024.12.11,16:00,21754.719,21755.364,21707.608,21715.254
2024.12.11,20:00,21719.186,21728.289,21712.254,21726.021
2024.12.12,00:00,21726.675,21737.099,21707.71,21717.232
2024.12.12,04:00,21716.797,21727.287,21659.197,21666.532
2024.12.12,08:00,21666.332,21705.32,21590.675,21643.575
2024.12.12,12:00,21644.053,21715.175,21616.554,21616.554
2024.12.12,16:00,21617.608,21743.519,21583.043,21728.253
2024.12.12,20:00,21727.265,21734.997,21672.931,21693.22
2024.12.13,00:00,21693.464,21741.099,21682.232,21733.476
2024.12.13,04:00,21733.375,21810.608,21730.531,21806.619
2024.12.13,08:00,21806.765,21883.743,21643.398,21675.286
2024.12.13,12:00,21675.475,21802.864,21655.975,21775.008
2024.12.13,16:00,21774.508,21776.464,21748.165,21748.442
2024.12.15,16:00,21765.51,21787.899,21742.189,21780.953
2024.12.15,20:00,21780.575,21801.099,21762.976,21780.453
2024.12.16,00:00,21780.531,21798.698,21764.01,21791.075
2024.12.16,04:00,21790.597,21862.653,21786.397,21853.898
2024.12.16,08:00,21853.997,22037.565,21846.619,22036.875
2024.12.16,12:00,22036.532,22132.709,22018.709,22091.254
2024.12.16,16:00,22090.564,22096.899,22061.287,22068.864
2024.12.16,20:00,22068.387,22105.499,22063.22,22095.71
2024.12.17,00:00,22096.02,22100.299,22009.754,22024.687
2024.12.17,04:00,22024.864,22101.889,22020.21,22031.398
2024.12.17,08:00,22031.598,22061.521,21921.999,22017.075
2024.12.17,12:00,22017.219,22034.165,21929.753,21989.664
2024.12.17,16:00,21990.531,21991.589,21884.264,21963.608
2024.12.17,20:00,21963.409,22017.089,21963.276,22012.798
2024.12.18,00:00,22012.719,22036.808,21991.632,22013.687
2024.12.18,04:00,22013.042,22064.764,21991.553,22053.919
2024.12.18,08:00,22054.042,22055.908,21890.389,21993.576
2024.12.18,12:00,21993.265,22010.786,21126.12,21196.697
2024.12.18,16:00,21196.543,21248.131,21011.62,21239.065
2024.12.18,20:00,21239.365,21251.632,21130.887,21186.543
2024.12.19,00:00,21186.154,21290.999,21136.586,21289.021
2024.12.19,04:00,21289.019,21377.589,21238.075,21377.097
2024.12.19,08:00,21377.029,21400.409,21180.72,21281.332
2024.12.19,12:00,21281.909,21318.198,21082.876,21095.754
2024.12.19,16:00,21096.764,21150.919,20991.886,21003.875
2024.12.19,20:00,21003.619,21026.765,20929.697,20973.631
2024.12.20,00:00,20973.909,21026.876,20876.408,20916.298
2024.12.20,04:00,20917.231,20918.554,20733.82,20825.287
2024.12.20,08:00,20825.399,21526.22,20797.254,21492.51
2024.12.20,12:00,21493.521,21553.032,21248.865,21298.064
2024.12.20,16:00,21297.965,21359.943,21273.075,21295.91
2024.12.22,16:00,21316.187,21411.886,21316.187,21356.52
2024.12.22,20:00,21356.899,21438.187,21339.187,21434.821
2024.12.23,00:00,21435.51,21470.921,21392.199,21404.543
2024.12.23,04:00,21405.608,21422.365,21302.375,21398.576
2024.12.23,08:00,21398.41,21437.299,21217.043,21434.297
2024.12.23,12:00,21434.731,21511.875,21381.119,21489.408
2024.12.23,16:00,21490.589,21503.52,21449.043,21474.732
2024.12.23,20:00,21475.043,21499.108,21459.721,21490.654
2024.12.24,00:00,21490.543,21536.398,21477.665,21502.521
2024.12.24,04:00,21502.585,21545.764,21495.597,21538.631
2024.12.24,08:00,21538.719,21740.075,21526.81,21708.064
2024.12.24,12:00,21707.776,21802.665,21692.521,21799.586
2024.12.25,16:00,21811.265,21835.132,21798.265,21807.787
2024.12.25,20:00,21807.719,21865.319,21800.631,21840.676
2024.12.26,00:00,21840.889,21852.231,21712.942,21738.175
2024.12.26,04:00,21737.787,21747.243,21649.675,21703.608
2024.12.26,08:00,21703.61,21806.819,21632.854,21805.764
2024.12.26,12:00,21806.087,21841.021,21739.876,21771.042
2024.12.26,16:00,21771.797,21785.389,21725.043,21742.632
2024.12.26,20:00,21741.532,21747.599,21712.587,21717.742
2024.12.27,00:00,21716.22,21735.575,21672.21,21677.386
2024.12.27,04:00,21676.732,21725.097,21668.142,21711.31
2024.12.27,08:00,21710.842,21710.842,21278.419,21340.72
2024.12.27,12:00,21339.62,21494.186,21290.075,21480.553
2024.12.27,16:00,21481.553,21510.753,21481.221,21502.808
2024.12.29,16:00,21488.797,21521.309,21450.631,21490.799
2024.12.29,20:00,21490.064,21491.754,21454.21,21468.009
2024.12.30,00:00,21468.308,21469.889,21395.432,21431.531
2024.12.30,04:00,21431.676,21446.798,21223.142,21262.597
2024.12.30,08:00,21257.699,21275.498,21039.053,21244.72
2024.12.30,12:00,21244.553,21353.276,21190.32,21194.019
2024.12.30,16:00,21193.086,21200.965,21128.464,21154.487
2024.12.30,20:00,21154.942,21240.143,21153.798,21194.976
2024.12.31,00:00,21194.664,21202.632,21145.432,21170.209
2024.12.31,04:00,21170.265,21309.675,21163.508,21249.753
2024.12.31,08:00,21250.508,21283.998,21083.132,21125.197
2024.12.31,12:00,21126.164,21139.676,20974.42,21014.199
2024.12.31,16:00,21013.186,21042.186,20989.91,21035.775
2025.01.01,16:00,21070.242,21114.409,20915.776,21025.198
2025.01.01,20:00,21025.298,21133.231,21025.298,21118.389
2025.01.02,00:00,21118.81,21217.943,21112.41,21169.399
2025.01.02,04:00,21169.151,21283.943,21144.309,21237.62
2025.01.02,08:00,21237.431,21260.309,20962.264,21116.742
2025.01.02,12:00,21116.843,21142.143,20783.787,20972.842
2025.01.02,16:00,20972.698,21047.019,20952.031,21046.843
2025.01.02,20:00,21046.686,21067.398,21013.532,21032.119
2025.01.03,00:00,21032.187,21082.675,21015.009,21044.497
2025.01.03,04:00,21042.199,21095.153,21016.676,21049.987
2025.01.03,08:00,21049.664,21293.108,21034.865,21265.876
2025.01.03,12:00,21265.931,21360.597,21243.789,21310.375
2025.01.03,16:00,21309.175,21315.197,21288.908,21291.365
2025.01.05,16:00,21339.209,21345.543,21282.332,21299.321
2025.01.05,20:00,21299.242,21326.399,21285.331,21325.564
2025.01.06,00:00,21325.675,21427.589,21323.789,21421.065
2025.01.06,04:00,21420.842,21563.132,21419.365,21538.164
2025.01.06,08:00,21538.298,21702.499,21446.765,21663.243
2025.01.06,12:00,21663.397,21674.742,21455.564,21560.389
2025.01.06,16:00,21561.289,21607.808,21560.897,21573.386
2025.01.06,20:00,21573.406,21597.221,21528.276,21532.386
2025.01.07,00:00,21532.708,21577.365,21472.408,21569.331
2025.01.07,04:00,21569.373,21586.376,21528.753,21556.886
2025.01.07,08:00,21556.131,21617.853,21216.075,21251.164
2025.01.07,12:00,21252.097,21332.797,21096.11,21175.697
2025.01.07,16:00,21174.786,21230.509,21161.01,21222.898
2025.01.07,20:00,21223.109,21253.353,21203.232,21209.864
2025.01.08,00:00,21209.987,21251.299,21177.021,21228.508
2025.01.08,04:00,21228.342,21264.41,21037.953,21074.008
2025.01.08,08:00,21073.764,21232.599,21045.376,21199.054
2025.01.08,12:00,21199.743,21246.642,20980.71,21174.898
2025.01.08,16:00,21177.242,21205.676,21089.208,21124.865
2025.01.08,20:00,21124.808,21164.989,21111.676,21128.642
2025.01.09,00:00,21128.554,21146.708,21035.353,21111.909
2025.01.09,04:00,21111.675,21152.543,21094.608,21129.419
2025.01.09,08:00,21128.854,21151.731,21082.72,21119.653
2025.01.09,16:00,21121.142,21133.253,21004.732,21020.465
2025.01.09,20:00,21020.753,21138.899,21019.489,21127.154
2025.01.10,00:00,21127.499,21152.942,21058.875,21107.986
2025.01.10,04:00,21108.697,21196.853,21073.432,21145.932
2025.01.10,08:00,21146.309,21148.089,20701.909,20737.675
2025.01.10,12:00,20738.586,21010.353,20724.665,20848.799
2025.01.10,16:00,20847.687,20867.286,20831.364,20850.765
2025.01.12,16:00,20835.142,20869.609,20776.21,20831.775
2025.01.12,20:00,20832.043,20835.399,20692.853,20731.264
2025.01.13,00:00,20731.121,20762.331,20629.909,20636.521
2025.01.13,04:00,20641.864,20678.609,20528.108,20650.898
2025.01.13,08:00,20651.198,20714.219,20536.686,20571.853
2025.01.13,12:00,20571.731,20798.799,20552.598,20782.075
2025.01.13,16:00,20781.632,20924.099,20772.265,20888.797
2025.01.13,20:00,20888.898,20888.898,20833.075,20878.765
2025.01.14,00:00,20878.875,20979.289,20857.376,20959.064
2025.01.14,04:00,20959.264,20965.275,20808.608,20840.598
2025.01.14,08:00,20840.854,20973.698,20660.197,20663.499
2025.01.14,12:00,20661.22,20849.808,20614.808,20761.665
2025.01.14,16:00,20763.709,20825.721,20760.621,20796.198
2025.01.14,20:00,20796.242,20804.208,20768.197,20786.043
2025.01.15,00:00,20786.008,20800.489,20750.31,20773.265
2025.01.15,04:00,20773.398,20856.653,20767.331,20838.664
2025.01.15,08:00,20838.629,21238.543,20821.753,21105.265
2025.01.15,12:00,21104.864,21283.797,21094.61,21226.32
2025.01.15,16:00,21227.364,21278.386,21202.031,21258.889
2025.01.15,20:00,21258.542,21261.299,21215.087,21222.398
2025.01.16,00:00,21222.308,21398.309,21186.209,21372.308
2025.01.16,04:00,21369.876,21380.062,21264.319,21272.899
2025.01.16,08:00,21272.897,21331.999,21158.254,21240.775
2025.01.16,12:00,21240.751,21266.098,21086.419,21087.72
2025.01.16,16:00,21088.01,21089.865,21028.086,21086.897
2025.01.16,20:00,21087.075,21154.209,21084.821,21135.609
2025.01.17,00:00,21135.764,21167.654,21099.709,21161.62
2025.01.17,04:00,21161.629,21209.109,21153.864,21192.208
2025.01.17,08:00,21191.719,21524.131,21191.053,21430.543
2025.01.17,12:00,21430.541,21518.689,21406.676,21447.921
2025.01.17,16:00,21447.908,21447.908,21418.61,21430.831
2025.01.19,16:00,21442.697,21465.587,21375.686,21404.899
2025.01.19,20:00,21403.665,21424.498,21388.576,21413.642
2025.01.20,00:00,21413.897,21485.675,21410.398,21465.899
2025.01.20,04:00,21465.831,21484.408,21433.687,21442.652
2025.01.20,08:00,21465.197,21627.035,21455.763,21545.875
2025.01.20,12:00,21545.942,21565.596,21473.986,21535.998
2025.01.20,16:00,21550.51,21596.289,21304.51,21320.675
2025.01.20,20:00,21320.076,21497.41,21229.61,21456.008
2025.01.21,00:00,21455.94,21522.699,21429.01,21501.198
2025.01.21,04:00,21501.419,21581.017,21494.431,21545.676
2025.01.21,08:00,21545.608,21586.654,21377.587,21526.562
2025.01.21,12:00,21526.343,21621.397,21501.81,21564.975
2025.01.21,16:00,21565.886,21694.908,21562.331,21688.61
2025.01.21,20:00,21688.887,21728.687,21663.821,21721.519
2025.01.22,00:00,21721.409,21747.854,21691.886,21744.197
2025.01.22,04:00,21744.184,21771.889,21721.332,21763.453
2025.01.22,08:00,21762.531,21927.098,21751.321,21923.986
2025.01.22,12:00,21924.699,21942.389,21831.398,21846.632
2025.01.22,16:00,21846.543,21854.419,21794.543,21801.632
2025.01.22,20:00,21801.476,21817.189,21777.453,21814.687
2025.01.23,00:00,21814.898,21819.789,21714.475,21731.697
2025.01.23,04:00,21730.121,21757.419,21706.432,21750.542
2025.01.23,08:00,21750.475,21826.997,21718.032,21803.565
2025.01.23,12:00,21803.632,21898.719,21755.886,21897.853
2025.01.23,16:00,21898.343,21904.942,21857.442,21870.165
2025.01.23,20:00,21871.987,21920.689,21841.631,21857.697
2025.01.24,00:00,21857.553,21877.209,21834.389,21845.354
2025.01.24,04:00,21843.642,21905.899,21843.642,21893.543
2025.01.24,08:00,21893.497,21943.564,21835.121,21846.598
2025.01.24,12:00,21846.343,21871.709,21707.897,21771.043
2025.01.24,16:00,21772.189,21781.475,21755.019,21762.297
2025.01.26,16:00,21629.81,21629.81,21432.808,21449.089
2025.01.26,20:00,21448.387,21480.01,21338.021,21362.264
2025.01.27,00:00,21361.919,21371.386,21058.254,21108.276
2025.01.27,04:00,21105.099,21133.221,20628.832,20947.81
2025.01.27,08:00,20947.254,21291.843,20898.921,21082.298
2025.01.27,12:00,21084.075,21138.789,20966.964,21130.275
2025.01.27,16:00,21131.775,21229.019,21118.864,21158.419
2025.01.27,20:00,21158.531,21204.509,21092.831,21175.075
2025.01.28,00:00,21175.699,21271.299,21120.921,21268.386
2025.01.28,04:00,21268.443,21296.053,21131.276,21180.753
2025.01.28,08:00,21177.342,21357.031,21035.32,21348.731
2025.01.28,12:00,21349.099,21501.689,21346.954,21451.989
2025.01.28,16:00,21452.597,21455.987,21408.908,21442.764
2025.01.28,20:00,21442.789,21485.699,21431.519,21474.065
2025.01.29,00:00,21473.776,21574.065,21454.987,21545.297
2025.01.29,04:00,21544.408,21567.375,21506.289,21524.409
2025.01.29,08:00,21524.475,21525.076,21335.354,21362.275
2025.01.29,12:00,21362.808,21479.242,21246.865,21409.665
2025.01.29,16:00,21409.809,21467.489,21273.397,21464.964
2025.01.29,20:00,21465.399,21559.708,21458.22,21540.253
2025.01.30,00:00,21540.476,21589.131,21503.631,21581.964
2025.01.30,04:00,21582.089,21582.089,21454.854,21510.708
2025.01.30,08:00,21510.999,21627.697,21301.486,21490.221
2025.01.30,12:00,21489.187,21579.389,21384.131,21500.498
2025.01.30,16:00,21503.12,21609.899,21477.243,21593.298
2025.01.30,20:00,21593.519,21671.789,21566.631,21614.709
2025.01.31,00:00,21615.098,21692.142,21613.119,21638.431
2025.01.31,04:00,21640.954,21698.009,21639.254,21668.621
2025.01.31,08:00,21668.189,21847.954,21635.953,21785.432
2025.01.31,12:00,21785.631,21820.676,21422.189,21464.621
2025.01.31,16:00,21465.632,21476.643,21419.186,21456.553
2025.02.02,16:00,21025.775,21042.065,20837.498,21004.732
2025.02.02,20:00,21003.731,21035.743,20864.298,20904.976
2025.02.03,00:00,20905.389,21136.619,20887.731,21091.797
2025.02.03,04:00,21092.309,21158.299,21043.976,21066.443
2025.02.03,08:00,21066.609,21357.008,21001.175,21272.021
2025.02.03,12:00,21272.464,21408.986,21233.565,21294.742
2025.02.03,16:00,21295.91,21488.275,21277.308,21439.799
2025.02.03,20:00,21439.699,21440.008,21318.443,21340.176
2025.02.04,00:00,21340.476,21341.799,21134.297,21253.664
2025.02.04,04:00,21253.732,21387.889,21246.442,21346.765
2025.02.04,08:00,21346.664,21582.598,21296.943,21546.187
2025.02.04,12:00,21546.442,21576.476,21439.132,21559.921
2025.02.04,16:00,21556.198,21583.098,21444.121,21491.031
2025.02.04,20:00,21491.062,21516.709,21427.619,21454.775
2025.02.05,00:00,21454.932,21460.087,21345.121,21362.453
2025.02.05,04:00,21365.654,21407.989,21323.665,21404.308
2025.02.05,08:00,21404.108,21616.319,21379.999,21609.175
2025.02.05,12:00,21608.954,21662.465,21567.521,21653.197
2025.02.05,16:00,21655.154,21692.799,21643.964,21669.298
2025.02.05,20:00,21669.587,21701.143,21654.109,21699.942
2025.02.06,00:00,21699.475,21727.689,21666.276,21698.019
2025.02.06,04:00,21699.242,21725.243,21601.921,21658.609
2025.02.06,08:00,21658.731,21748.242,21635.12,21669.719
2025.02.06,12:00,21670.621,21778.687,21609.443,21767.931
2025.02.06,16:00,21768.741,21773.308,21660.576,21766.943
2025.02.06,20:00,21767.165,21801.753,21758.453,21759.421
2025.02.07,00:00,21759.775,21783.91,21729.498,21746.932
2025.02.07,04:00,21747.765,21779.487,21739.053,21767.532
2025.02.07,08:00,21769.098,21871.01,21514.664,21534.742
2025.02.07,12:00,21536.042,21637.087,21462.51,21495.308
2025.02.07,16:00,21494.21,21509.808,21492.154,21494.497
2025.02.09,16:00,21342.142,21605.519,21324.821,21604.464
2025.02.09,20:00,21604.343,21608.389,21565.621,21589.797
2025.02.10,00:00,21589.909,21636.899,21589.12,21600.632
2025.02.10,04:00,21600.31,21657.999,21591.297,21645.199
2025.02.10,08:00,21644.865,21795.909,21639.698,21774.389
2025.02.10,12:00,21774.409,21787.642,21719.732,21747.908
2025.02.10,16:00,21747.907,21751.919,21680.376,21715.02
2025.02.10,20:00,21714.786,21717.854,21656.308,21688.786
2025.02.11,00:00,21689.098,21703.199,21624.776,21668.489
2025.02.11,04:00,21667.776,21693.499,21634.542,21654.419
2025.02.11,08:00,21653.897,21780.464,21575.286,21700.253
2025.02.11,12:00,21700.431,21746.797,21622.487,21697.319
2025.02.11,16:00,21697.254,21738.719,21685.92,21721.142
2025.02.11,20:00,21721.331,21737.399,21683.331,21690.31
2025.02.12,00:00,21690.697,21721.619,21675.819,21705.843
2025.02.12,04:00,21705.999,21742.309,21643.586,21738.776
2025.02.12,08:00,21737.521,21755.999,21419.31,21693.499
2025.02.12,12:00,21692.232,21749.586,21668.31,21712.176
2025.02.12,16:00,21714.089,21817.332,21693.031,21807.164
2025.02.12,20:00,21807.287,21838.343,21785.365,21819.086
2025.02.13,00:00,21818.865,21832.789,21676.565,21687.743
2025.02.13,04:00,21686.708,21771.118,21665.153,21735.375
2025.02.13,08:00,21735.232,21970.119,21701.61,21873.053
2025.02.13,12:00,21873.554,22035.054,21802.797,22020.832
2025.02.13,16:00,22021.321,22021.531,21982.753,22011.42
2025.02.13,20:00,22011.71,22062.396,22009.62,22057.832
2025.02.14,00:00,22058.009,22076.953,22017.91,22033.264
2025.02.14,04:00,22032.954,22060.843,21958.232,21999.976
2025.02.14,08:00,21999.886,22091.91,21993.242,22059.909
2025.02.14,12:00,22058.664,22143.475,22012.876,22115.82
2025.02.14,16:00,22114.886,22140.321,22103.365,22135.198
2025.02.16,16:00,22156.808,22156.808,22118.954,22144.287
2025.02.16,20:00,22144.699,22199.286,22137.91,22198.41
2025.02.17,00:00,22198.632,22203.999,22152.121,22154.309
2025.02.17,04:00,22154.509,22192.019,22148.387,22170.431
2025.02.17,08:00,22170.797,22181.709,22116.186,22159.165
2025.02.17,12:00,22159.419,22165.419,22146.286,22156.809
2025.02.17,16:00,22153.809,22159.098,22123.108,22158.053
2025.02.17,20:00,22158.186,22193.499,22156.521,22192.964
2025.02.18,00:00,22192.71,22243.586,22173.632,22217.454
2025.02.18,04:00,22217.532,22231.699,22187.775,22210.676
2025.02.18,08:00,22210.576,22242.889,22048.764,22109.42
2025.02.18,12:00,22109.708,22160.789,22025.686,22159.653
2025.02.18,16:00,22161.019,22199.989,22144.142,22198.053
2025.02.18,20:00,22198.132,22213.508,22185.42,22189.954
2025.02.19,00:00,22190.042,22198.309,22169.243,22183.431
2025.02.19,04:00,22183.019,22192.431,22118.465,22151.075
2025.02.19,08:00,22150.809,22167.276,22043.998,22164.232
2025.02.19,12:00,22163.475,22224.487,22120.61,22169.998
2025.02.19,16:00,22169.964,22169.964,22121.019,22148.331
2025.02.19,20:00,22147.686,22150.089,22078.989,22096.508
2025.02.20,00:00,22096.298,22106.254,22061.964,22103.432
2025.02.20,04:00,22103.589,22140.699,22095.008,22128.399
2025.02.20,08:00,22127.954,22146.465,21876.642,21953.864
2025.02.20,12:00,21954.153,22071.921,21946.82,22070.089
2025.02.20,16:00,22069.41,22103.653,22045.843,22085.521
2025.02.20,20:00,22085.486,22091.008,22052.431,22054.775
2025.02.21,00:00,22054.687,22089.389,22034.632,22078.132
2025.02.21,04:00,22078.221,22149.989,22071.41,22147.265
2025.02.21,08:00,22147.01,22175.521,21875.308,21911.231
2025.02.21,12:00,21910.698,21931.189,21596.153,21615.265
2025.02.21,16:00,21614.232,21631.519,21609.476,21616.91
2025.02.23,16:00,21638.076,21725.976,21610.553,21696.964
2025.02.23,20:00,21696.899,21729.297,21667.287,21708.742
2025.02.24,00:00,21709.231,21734.21,21634.989,21709.097
2025.02.24,04:00,21708.064,21745.543,21673.189,21695.709
2025.02.24,08:00,21695.775,21738.12,21366.808,21509.487
2025.02.24,12:00,21509.986,21594.142,21342.643,21356.286
2025.02.24,16:00,21355.421,21387.354,21301.631,21369.054
2025.02.24,20:00,21368.353,21386.865,21333.02,21356.532
2025.02.25,00:00,21356.832,21380.089,21245.065,21253.11
2025.02.25,04:00,21252.897,21367.698,21221.999,21364.999
2025.02.25,08:00,21365.131,21386.753,20927.532,21106.52
2025.02.25,12:00,21105.743,21217.231,21047.654,21085.664
2025.02.25,16:00,21086.698,21187.398,21077.097,21187.287
2025.02.25,20:00,21185.665,21204.389,21138.332,21189.631
2025.02.26,00:00,21189.821,21240.889,21189.821,21228.61
2025.02.26,04:00,21228.608,21267.119,21198.053,21228.164
2025.02.26,08:00,21228.108,21350.708,21128.319,21291.389
2025.02.26,12:00,21291.186,21349.098,21007.021,21133.908
2025.02.26,16:00,21135.398,21204.654,21067.086,21080.453
2025.02.26,20:00,21080.321,21158.187,21051.199,21113.92
2025.02.27,00:00,21113.919,21270.943,21108.509,21265.419
2025.02.27,04:00,21262.02,21329.142,21235.575,21294.964
2025.02.27,08:00,21294.697,21324.899,20840.498,20953.698
2025.02.27,12:00,20953.619,21063.831,20545.043,20557.41
2025.02.27,16:00,20556.387,20639.099,20530.52,20568.086
2025.02.27,20:00,20570.331,20619.031,20468.01,20568.419
2025.02.28,00:00,20568.587,20631.719,20505.408,20611.099
2025.02.28,04:00,20611.576,20634.999,20533.11,20571.219
2025.02.28,08:00,20570.21,20729.521,20413.175,20650.121
2025.02.28,12:00,20649.642,20895.489,20436.675,20870.119
2025.02.28,16:00,20871.887,20880.587,20819.587,20850.899
2025.03.02,16:00,20951.01,20988.332,20792.232,20837.086
2025.03.02,20:00,20837.121,20915.864,20816.687,20905.389
2025.03.03,00:00,20905.119,20973.698,20841.276,20900.042
2025.03.03,04:00,20902.164,21052.889,20881.719,21023.353
2025.03.03,08:00,21023.231,21073.999,20714.776,20876.121
2025.03.03,12:00,20876.365,20916.842,20275.698,20429.81
2025.03.03,16:00,20430.887,20515.876,20421.832,20508.72
2025.03.03,20:00,20509.61,20528.176,20425.71,20487.387
2025.03.04,00:00,20487.919,20546.676,20424.797,20475.064
2025.03.04,04:00,20473.399,20524.153,20265.053,20278.789
2025.03.04,08:00,20279.032,20389.075,20033.409,20255.808
2025.03.04,12:00,20257.388,20689.687,20223.265,20354.654
2025.03.04,16:00,20355.709,20553.164,20352.587,20492.497
2025.03.04,20:00,20492.654,20525.698,20402.298,20495.497
2025.03.05,00:00,20495.621,20567.397,20464.476,20508.943
2025.03.05,04:00,20508.843,20587.476,20400.853,20443.476
2025.03.05,08:00,20444.664,20481.764,20179.564,20300.097
2025.03.05,12:00,20300.232,20685.697,20295.698,20618.753
2025.03.05,16:00,20620.289,20623.221,20539.054,20551.753
2025.03.05,20:00,20551.953,20606.71,20546.464,20599.354
2025.03.06,00:00,20599.187,20608.697,20393.898,20405.108
2025.03.06,04:00,20404.654,20447.243,20313.887,20332.065
2025.03.06,08:00,20332.287,20478.399,20191.376,20217.409
2025.03.06,12:00,20217.575,20241.108,19969.597,20056.709
2025.03.06,16:00,20056.187,20191.889,20040.642,20141.508
2025.03.06,20:00,20142.099,20186.097,20125.354,20150.142
2025.03.07,00:00,20150.599,20155.521,20080.564,20135.875
2025.03.07,04:00,20135.587,20193.943,20061.865,20091.098
2025.03.07,08:00,20090.686,20237.054,19734.632,19798.721
2025.03.07,12:00,19804.354,20255.575,19742.219,20196.332
2025.03.07,16:00,20195.289,20197.697,20115.698,20179.398
2025.03.09,16:00,20074.31,20075.264,19904.753,20036.721
2025.03.09,20:00,20036.419,20124.61,20031.553,20065.321
2025.03.10,00:00,20065.075,20110.243,19920.053,19929.531
2025.03.10,04:00,19929.22,20025.797,19832.22,19883.332
2025.03.10,08:00,19884.087,19912.131,19489.553,19511.353
2025.03.10,12:00,19511.753,19520.232,19240.789,19433.698
2025.03.10,16:00,19411.042,19412.608,19113.775,19177.086
2025.03.10,20:00,19178.053,19464.054,19116.375,19436.386
2025.03.11,00:00,19436.243,19537.854,19374.831,19533.71
2025.03.11,04:00,19533.099,19552.298,19410.319,19422.621
2025.03.11,08:00,19423.043,19585.142,19237.743,19297.675
2025.03.11,12:00,19298.553,19657.264,19175.742,19411.11
2025.03.11,16:00,19394.708,19473.564,19391.743,19440.454
2025.03.11,20:00,19441.019,19466.231,19409.753,19428.21
2025.03.12,00:00,19429.309,19529.443,19361.11,19520.643
2025.03.12,04:00,19522.299,19761.286,19497.921,19696.721
2025.03.12,08:00,19696.332,19752.02,19372.786,19603.308
2025.03.12,12:00,19604.131,19696.665,19508.908,19550.799
2025.03.12,16:00,19565.299,19673.565,19559.91,19623.821
2025.03.12,20:00,19623.054,19635.976,19445.276,19461.321
2025.03.13,00:00,19461.808,19491.453,19381.099,19472.409
2025.03.13,04:00,19471.575,19610.554,19440.865,19535.509
2025.03.13,08:00,19535.387,19570.287,19222.632,19270.299
2025.03.13,12:00,19269.087,19375.898,19152.154,19297.832
2025.03.13,16:00,19312.376,19409.842,19305.02,19385.365
2025.03.13,20:00,19385.289,19443.599,19372.508,19426.498
2025.03.14,00:00,19426.098,19439.264,19354.921,19412.475
2025.03.14,04:00,19412.608,19517.789,19383.798,19480.221
2025.03.14,08:00,19480.32,19691.489,19423.153,19671.119
2025.03.14,12:00,19671.208,19724.889,19595.797,19644.064
2025.03.16,16:00,19615.21,19622.619,19535.232,19585.753
2025.03.16,20:00,19584.687,19612.219,19568.098,19579.665
2025.03.17,00:00,19579.608,19610.919,19538.297,19603.309
2025.03.17,04:00,19603.121,19762.086,19588.62,19736.089
2025.03.17,08:00,19735.264,19832.12,19614.032,19685.232
2025.03.17,12:00,19685.32,19944.089,19658.742,19800.908
2025.03.17,16:00,19835.542,19846.589,19771.42,19784.397
2025.03.17,20:00,19784.498,19797.064,19701.12,19708.997
2025.03.18,00:00,19709.109,19818.709,19708.453,19804.908
2025.03.18,04:00,19805.176,19817.599,19682.51,19685.81
2025.03.18,08:00,19685.709,19710.189,19391.643,19518.154
2025.03.18,12:00,19518.008,19568.675,19440.042,19508.476
2025.03.18,16:00,19481.71,19584.164,19454.065,19563.299
2025.03.18,20:00,19562.254,19573.499,19518.065,19522.553
2025.03.19,00:00,19522.398,19549.289,19447.676,19508.775
2025.03.19,04:00,19508.697,19576.631,19493.231,19547.81
2025.03.19,08:00,19548.142,19722.32,19495.131,19660.832
2025.03.19,12:00,19660.698,19926.542,19565.253,19754.289
2025.03.19,16:00,19743.02,19840.443,19740.22,19831.608
2025.03.19,20:00,19831.498,19875.689,19809.01,19863.553
2025.03.20,00:00,19863.454,19873.487,19820.265,19839.097
2025.03.20,04:00,19838.987,19842.689,19520.0,19611.697
2025.03.20,08:00,19611.243,19891.686,19541.597,19666.065
2025.03.20,12:00,19666.075,19730.819,19588.232,19697.154
2025.03.20,16:00,19690.943,19725.299,19646.91,19712.086
2025.03.20,20:00,19711.553,19731.12,19660.565,19667.786
2025.03.21,00:00,19667.932,19695.164,19563.22,19596.02
2025.03.21,04:00,19596.164,19643.543,19472.297,19479.565
2025.03.21,08:00,19479.699,19696.498,19403.12,19695.309
2025.03.21,12:00,19693.721,19769.786,19602.197,19752.064
2025.03.23,16:00,19880.186,19936.543,19854.308,19920.321
2025.03.23,20:00,19920.253,19924.097,19894.143,19910.12
2025.03.24,00:00,19909.897,20025.053,19908.22,20008.21
2025.03.24,04:00,20008.209,20074.089,19977.064,20070.899
2025.03.24,08:00,20070.51,20174.799,20028.098,20136.053
2025.03.24,12:00,20137.099,20201.419,20103.132,20163.742
2025.03.24,16:00,20154.886,20164.698,20129.564,20162.898
2025.03.24,20:00,20161.389,20169.389,20123.587,20130.764
2025.03.25,00:00,20130.687,20166.576,20088.275,20099.032
2025.03.25,04:00,20098.686,20242.109,20091.609,20201.576
2025.03.25,08:00,20201.687,20294.065,20158.676,20248.542
2025.03.25,12:00,20248.476,20306.675,20200.62,20300.899
2025.03.25,16:00,20313.175,20336.153,20303.786,20327.097
2025.03.25,20:00,20326.809,20326.809,20269.12,20283.543
2025.03.26,00:00,20283.61,20297.699,20240.686,20252.232
2025.03.26,04:00,20253.265,20292.489,20229.41,20280.087
2025.03.26,08:00,20279.154,20286.02,19928.209,19936.041
2025.03.26,12:00,19936.063,19960.764,19848.741,19914.82
2025.03.26,16:00,19822.443,19898.32,19806.93,19875.064
2025.03.26,20:00,19875.875,19950.342,19873.52,19937.063
2025.03.27,00:00,19936.819,19946.841,19823.763,19915.285
2025.03.27,04:00,19914.742,19940.975,19834.375,19867.631
2025.03.27,08:00,19868.898,20000.319,19742.186,19811.798
2025.03.27,12:00,19812.209,19933.298,19778.586,19806.296
2025.03.27,16:00,19805.853,19816.442,19741.286,19793.919
2025.03.27,20:00,19793.796,19807.098,19772.307,19790.93
2025.03.28,00:00,19791.109,19817.975,19655.508,19714.197
2025.03.28,04:00,19714.197,19778.708,19673.131,19674.153
2025.03.28,08:00,19674.396,19775.174,19301.564,19308.353
2025.03.28,12:00,19306.596,19337.341,19229.642,19231.164
2025.03.30,16:00,19113.353,19142.118,19106.143,19132.588
2025.03.30,20:00,19076.464,19091.188,18979.974,19020.288
2025.03.31,00:00,19019.707,19084.875,19001.941,19080.32
2025.03.31,04:00,19076.407,19091.419,18938.608,18990.863
2025.03.31,08:00,18990.685,19081.774,18797.942,19042.075
2025.03.31,12:00,19042.264,19312.585,18996.741,19274.62
2025.03.31,16:00,19273.775,19275.786,19151.22,19183.02
2025.03.31,20:00,19183.72,19210.598,19107.818,19185.174
2025.04.01,00:00,19185.097,19303.153,19159.353,19219.388
2025.04.01,04:00,19219.318,19334.808,19136.009,19178.788
2025.04.01,08:00,19176.62,19434.418,19090.088,19420.008
2025.04.01,12:00,19420.33,19471.442,19213.063,19429.997
2025.04.01,16:00,19430.986,19518.32,19423.697,19470.519
2025.04.01,20:00,19470.397,19472.841,19384.23,19395.085
2025.04.02,00:00,19394.842,19418.298,19343.552,19361.809
2025.04.02,04:00,19361.785,19391.788,19251.118,19255.385
2025.04.02,08:00,19256.088,19541.686,19146.597,19496.563
2025.04.02,12:00,19496.598,19716.386,19432.488,19573.263
2025.04.02,16:00,19574.264,19808.218,18646.487,18706.386
2025.04.02,20:00,18704.82,18965.874,18704.82,18930.575
2025.04.03,00:00,18931.752,18973.986,18850.286,18922.463
2025.04.03,04:00,18920.075,19002.743,18774.976,18814.71
2025.04.03,08:00,18814.598,18900.989,18547.821,18721.408
2025.04.03,12:00,18719.375,18824.421,18502.409,18523.743
2025.04.03,16:00,18524.608,18545.932,18438.786,18498.008
2025.04.03,20:00,18498.153,18556.998,18367.143,18405.453
2025.04.04,00:00,18405.732,18519.153,18306.764,18429.599
2025.04.04,04:00,18426.921,18501.82,17665.12,17971.843
2025.04.04,08:00,17948.899,18112.209,17507.621,17812.953
2025.04.04,12:00,17732.999,17829.698,17388.008,17396.143
2025.04.04,16:00,17394.298,17428.464,17302.276,17382.321
2025.04.06,16:00,16537.476,16702.642,16324.253,16582.419
2025.04.06,20:00,16582.475,16884.221,16369.321,16670.932
2025.04.07,00:00,16670.775,16769.787,16341.497,16541.908
2025.04.07,04:00,16540.998,17136.942,16532.61,16921.132
2025.04.07,08:00,16923.519,18221.732,16535.875,17254.175
2025.04.07,12:00,17253.875,17679.908,17078.389,17422.91
2025.04.07,16:00,17424.71,17647.82,17424.71,17630.42
2025.04.07,20:00,17612.943,17749.297,17528.52,17636.898
2025.04.08,00:00,17637.489,17747.089,17538.775,17744.609
2025.04.08,04:00,17744.775,17886.319,17559.365,17880.898
2025.04.08,08:00,17878.22,18221.942,17791.598,17913.619
2025.04.08,12:00,17913.786,17933.032,16842.521,17099.076
2025.04.08,16:00,17103.319,17192.231,16746.297,16861.787
2025.04.08,20:00,16861.486,17063.989,16712.953,16797.775
2025.04.09,00:00,16799.289,17291.475,16606.486,17213.387
2025.04.09,04:00,17211.609,17286.486,16740.576,16826.076
2025.04.09,08:00,16826.809,17464.965,16770.043,17187.331
2025.04.09,12:00,17191.42,19224.532,17148.897,19124.309
2025.04.09,16:00,19098.82,19229.298,19072.754,19159.899
2025.04.09,20:00,19139.287,19181.12,18816.743,18861.009
2025.04.10,00:00,18861.109,19032.621,18715.289,18744.164
2025.04.10,04:00,18743.632,18849.576,18561.889,18772.997
2025.04.10,08:00,18770.608,18830.154,18115.754,18137.464
2025.04.10,12:00,18137.254,18527.664,17780.42,18339.876
2025.04.10,16:00,18341.998,18463.397,18183.221,18220.51
2025.04.10,20:00,18219.954,18396.032,17937.942,18343.608
2025.04.11,00:00,18343.432,18658.064,18301.953,18428.732
2025.04.11,04:00,18428.475,18565.875,18181.253,18429.454
2025.04.11,08:00,18428.976,18531.743,18137.932,18431.821
2025.04.11,12:00,18432.819,18732.089,18392.997,18668.41
2025.04.11,16:00,18666.576,18685.987,18640.898,18668.799
2025.04.13,16:00,18909.709,18969.719,18791.464,18870.953
2025.04.13,20:00,18871.209,18941.689,18815.186,18916.643
2025.04.14,00:00,18916.919,19021.553,18909.375,19015.408
2025.04.14,04:00,19014.719,19039.332,18883.509,18930.653
2025.04.14,08:00,18930.532,19114.131,18666.365,18690.554
2025.04.14,12:00,18692.598,18954.243,18600.531,18799.419
2025.04.14,16:00,18799.31,18820.22,18671.587,18710.61
2025.04.14,20:00,18710.597,18809.731,18710.597,18775.399
2025.04.15,00:00,18775.265,18900.821,18729.887,18871.098
2025.04.15,04:00,18871.286,18886.564,18731.298,18748.02
2025.04.15,08:00,18749.308,19003.631,18696.619,18910.52
2025.04.15,12:00,18910.62,18950.81,18745.864,18823.454
2025.04.15,16:00,18822.51,18841.798,18558.799,18592.975
2025.04.15,20:00,18592.831,18600.387,18501.608,18538.275
2025.04.16,00:00,18538.364,18547.287,18369.309,18385.731
2025.04.16,04:00,18388.51,18723.932,18379.542,18560.353
2025.04.16,08:00,18559.509,18604.864,18376.81,18457.943
2025.04.16,12:00,18458.076,18486.232,17991.542,18261.387
2025.04.16,16:00,18262.754,18312.586,18229.832,18285.999
2025.04.16,20:00,18287.353,18423.753,18261.321,18418.898
2025.04.17,00:00,18418.776,18535.286,18401.876,18501.776
2025.04.17,04:00,18501.41,18503.819,18341.053,18398.954
2025.04.17,08:00,18399.442,18508.189,18146.832,18217.131
2025.04.17,12:00,18216.864,18403.064,18194.989,18250.054
2025.04.17,16:00,18251.109,18311.586,18242.597,18288.81
2025.04.20,16:00,18169.276,18206.075,18131.653,18194.299
2025.04.20,20:00,18192.654,18248.809,18068.842,18099.308
2025.04.21,00:00,18099.342,18135.253,18029.719,18031.798
2025.04.21,04:00,18034.576,18092.197,17959.054,17985.209
2025.04.21,08:00,17985.097,18044.208,17673.143,17682.686
2025.04.21,12:00,17683.099,17838.02,17587.053,17808.597
2025.04.21,16:00,17808.799,17893.787,17752.631,17891.143
2025.04.21,20:00,17892.053,17954.586,17837.11,17869.397
2025.04.22,00:00,17869.265,18058.398,17860.032,17973.709
2025.04.22,04:00,17973.797,18010.919,17932.153,17942.621
2025.04.22,08:00,17942.819,18275.908,17934.21,18263.364
2025.04.22,12:00,18263.231,18397.789,18097.809,18263.564
2025.04.22,16:00,18265.319,18688.254,18232.02,18648.02
2025.04.22,20:00,18649.376,18657.754,18512.775,18589.786
2025.04.23,00:00,18590.264,18677.576,18569.108,18670.798
2025.04.23,04:00,18670.708,18828.82,18662.754,18747.331
2025.04.23,08:00,18747.297,19051.554,18683.353,18761.187
2025.04.23,12:00,18760.831,18850.108,18614.999,18671.721
2025.04.23,16:00,18672.698,18743.598,18627.043,18725.609
2025.04.23,20:00,18724.743,18761.765,18621.832,18643.408
2025.04.24,00:00,18642.919,18667.719,18537.342,18562.565
2025.04.24,04:00,18562.419,18725.321,18481.364,18656.72
2025.04.24,08:00,18656.286,19102.898,18655.819,19051.676
2025.04.24,12:00,19052.376,19222.075,19029.864,19204.642
2025.04.24,16:00,19204.186,19326.809,19198.398,19305.221
2025.04.24,20:00,19304.821,19357.421,19255.842,19338.842
2025.04.25,00:00,19338.764,19387.808,19265.364,19308.519
2025.04.25,04:00,19308.553,19341.497,19109.987,19146.842
2025.04.25,08:00,19146.71,19301.289,19108.021,19258.589
2025.04.25,12:00,19258.843,19448.076,19245.843,19421.71
2025.04.25,16:00,19422.719,19454.287,19417.653,19446.843
2025.04.27,16:00,19366.609,19404.898,19329.698,19349.209
2025.04.27,20:00,19349.876,19363.042,19285.408,19296.419
2025.04.28,00:00,19296.509,19410.843,19295.643,19361.519
2025.04.28,04:00,19361.708,19432.589,19333.131,19406.621
2025.04.28,08:00,19408.176,19516.189,19208.41,19243.932
2025.04.28,12:00,19242.554,19474.421,19153.865,19421.953
2025.04.28,16:00,19421.087,19428.689,19353.643,19426.353
2025.04.28,20:00,19426.208,19528.387,19394.086,19470.942
2025.04.29,00:00,19471.299,19518.021,19423.389,19507.619
2025.04.29,04:00,19507.62,19507.789,19346.498,19402.199
2025.04.29,08:00,19401.375,19513.599,19277.143,19436.697
2025.04.29,12:00,19437.698,19584.164,19369.354,19540.498
2025.04.29,16:00,19541.154,19563.198,19440.443,19459.021
2025.04.29,20:00,19456.642,19479.753,19381.087,19419.198
2025.04.30,00:00,19419.087,19490.476,19401.154,19481.608
2025.04.30,04:00,19476.499,19518.509,19407.475,19423.532
2025.04.30,08:00,19421.198,19430.889,19008.264,19343.721
2025.04.30,12:00,19344.199,19615.319,19237.965,19549.732
2025.04.30,16:00,19550.776,19837.009,19494.42,19819.464
2025.04.30,20:00,19821.098,19865.042,19809.92,19859.586
2025.05.01,00:00,19859.632,19878.098,19803.776,19858.219
2025.05.01,04:00,19858.221,19929.699,19834.031,19911.497
2025.05.01,08:00,19910.421,20026.575,19768.697,19863.819
2025.05.01,12:00,19863.243,19948.932,19758.298,19773.753
2025.05.01,16:00,19773.942,19822.554,19656.064,19696.075
2025.05.01,20:00,19695.954,19892.942,19661.489,19883.22
2025.05.02,00:00,19883.409,19906.921,19789.432,19808.999
2025.05.02,04:00,19808.898,19863.731,19770.286,19823.754
2025.05.02,08:00,19823.975,20110.286,19817.22,20101.143
2025.05.02,12:00,20101.309,20178.789,20054.743,20087.875
2025.05.02,16:00,20087.909,20126.642,20080.654,20108.376
2025.05.04,16:00,20046.264,20070.875,19957.208,19988.886
2025.05.04,20:00,19989.076,20015.053,19895.521,19961.243
2025.05.05,00:00,19961.131,20002.264,19922.165,19961.131
2025.05.05,04:00,19957.708,19981.153,19870.664,19884.254
2025.05.05,08:00,19884.153,20033.853,19874.609,20012.919
2025.05.05,12:00,20012.51,20101.121,19955.664,19974.776
2025.05.05,16:00,19975.21,19978.619,19916.565,19919.121
2025.05.05,20:00,19919.32,19939.82,19843.698,19898.189
2025.05.06,00:00,19898.042,19902.187,19804.653,19812.619
2025.05.06,04:00,19812.108,19819.953,19717.087,19749.986
2025.05.06,08:00,19750.476,19863.886,19650.942,19807.931
2025.05.06,12:00,19806.953,19937.476,19752.286,19787.153
2025.05.06,16:00,19787.02,20042.299,19767.053,19981.275
2025.05.06,20:00,19981.054,20019.776,19890.343,19917.12
2025.05.07,00:00,19916.131,19949.198,19866.675,19927.309
2025.05.07,04:00,19927.364,19943.687,19880.731,19909.708
2025.05.07,08:00,19909.332,19911.365,19702.276,19764.586
2025.05.07,12:00,19762.565,19968.409,19593.886,19865.109
2025.05.07,16:00,19865.565,19912.831,19830.587,19868.608
2025.05.07,20:00,19869.897,20085.597,19841.831,20080.599
2025.05.08,00:00,20080.309,20113.798,20040.265,20094.075
2025.05.08,04:00,20094.186,20178.165,20070.231,20114.499
2025.05.08,08:00,20114.375,20233.275,19897.499,20187.143
2025.05.08,12:00,20186.898,20249.198,20056.887,20066.897
2025.05.08,16:00,20067.021,20093.286,20046.12,20059.153
2025.05.08,20:00,20059.097,20121.076,20000.664,20105.199
2025.05.09,00:00,20105.299,20152.209,20076.776,20112.764
2025.05.09,04:00,20113.108,20195.276,20064.265,20126.587
2025.05.09,08:00,20123.976,20200.676,19979.287,20092.497
2025.05.09,12:00,20092.043,20107.019,19985.819,20058.287
2025.05.09,16:00,20058.389,20071.219,20046.065,20054.042
2025.05.11,16:00,20331.089,20423.543,20299.375,20373.964
2025.05.11,20:00,20373.51,20467.476,20362.964,20447.408
2025.05.12,00:00,20447.486,20851.509,20441.553,20732.076
2025.05.12,04:00,20730.298,20912.319,20699.997,20835.22
2025.05.12,08:00,20834.787,20885.689,20607.254,20683.289
2025.05.12,12:00,20683.732,20869.054,20674.976,20864.508
2025.05.12,16:00,20865.699,20910.919,20824.71,20824.742
2025.05.12,20:00,20825.297,20826.087,20759.032,20760.475
2025.05.13,00:00,20760.943,20798.898,20735.276,20763.953
2025.05.13,04:00,20763.821,20860.319,20742.486,20857.531
2025.05.13,08:00,20859.375,21220.943,20847.786,21201.486
2025.05.13,12:00,21201.531,21263.989,21170.721,21184.976
2025.05.13,16:00,21185.098,21216.553,21162.231,21208.165
2025.05.13,20:00,21207.121,21213.643,21163.031,21204.342
2025.05.14,00:00,21204.489,21269.397,21197.231,21221.632
2025.05.14,04:00,21221.989,21298.589,21154.11,21260.132
2025.05.14,08:00,21260.22,21321.532,21192.675,21296.708
2025.05.14,12:00,21295.989,21339.889,21202.686,21315.531
2025.05.14,16:00,21315.408,21329.389,21274.232,21292.508
2025.05.14,20:00,21292.265,21329.099,21282.198,21296.265
2025.05.15,00:00,21296.432,21305.399,21183.41,21189.242
2025.05.15,04:00,21188.897,21218.221,21109.31,21191.731
2025.05.15,08:00,21189.775,21362.219,21157.997,21345.209
2025.05.15,12:00,21345.987,21445.32,21219.419,21333.976
2025.05.15,16:00,21333.964,21360.589,21299.576,21333.264
2025.05.15,20:00,21333.509,21354.064,21268.153,21324.421
2025.05.16,00:00,21322.542,21374.519,21280.243,21361.198
2025.05.16,04:00,21361.264,21404.642,21349.12,21399.11
2025.05.16,08:00,21399.543,21422.131,21240.489,21331.931
2025.05.16,12:00,21331.72,21431.443,21325.708,21424.754
2025.05.16,16:00,21422.187,21429.219,21408.131,21415.454
2025.05.18,16:00,21268.954,21337.642,21232.008,21301.52
2025.05.18,20:00,21302.076,21302.787,21120.0,21132.964
2025.05.19,00:00,21133.131,21209.399,21083.442,21115.086
2025.05.19,04:00,21112.576,21133.799,21033.676,21125.109
2025.05.19,08:00,21124.808,21397.699,21076.12,21355.298
2025.05.19,12:00,21355.42,21463.889,21349.286,21445.609
2025.05.19,16:00,21444.653,21482.653,21400.531,21462.431
2025.05.19,20:00,21462.499,21485.289,21351.776,21357.286
2025.05.20,00:00,21357.176,21409.899,21317.175,21368.109
2025.05.20,04:00,21368.276,21406.999,21335.899,21387.689
2025.05.20,08:00,21386.275,21396.764,21280.499,21362.32
2025.05.20,12:00,21361.554,21399.753,21224.564,21373.609
2025.05.20,16:00,21373.042,21376.808,21270.62,21358.676
2025.05.20,20:00,21358.919,21370.686,21296.721,21304.808
2025.05.21,00:00,21304.831,21311.51,21213.765,21271.209
2025.05.21,04:00,21270.643,21282.365,21157.253,21266.908
2025.05.21,08:00,21267.064,21463.119,21190.142,21444.054
2025.05.21,12:00,21443.543,21486.264,21001.409,21078.389
2025.05.21,16:00,21076.919,21104.608,21039.908,21076.043
2025.05.21,20:00,21078.008,21137.289,21066.197,21095.687
2025.05.22,00:00,21095.553,21155.687,21085.108,21126.208
2025.05.22,04:00,21123.465,21172.364,21008.02,21008.532
2025.05.22,08:00,21011.986,21259.699,20969.719,21200.987
2025.05.22,12:00,21201.876,21266.587,21096.142,21115.075
2025.05.22,16:00,21114.389,21147.81,21070.242,21114.589
2025.05.22,20:00,21114.632,21143.664,21088.642,21126.708
2025.05.23,00:00,21126.564,21154.919,21029.742,21143.365
2025.05.23,04:00,21142.875,21167.389,20740.821,20767.708
2025.05.23,08:00,20769.553,20950.575,20663.631,20878.232
2025.05.23,12:00,20877.675,21025.176,20861.819,20920.854
2025.05.23,16:00,20922.099,20922.099,20877.132,20890.743
2025.05.25,16:00,20976.632,21170.286,20973.109,21132.819
2025.05.25,20:00,21132.621,21177.119,21112.164,21156.599
2025.05.26,00:00,21156.053,21221.797,21133.298,21216.708
2025.05.26,04:00,21216.543,21229.72,21182.354,21218.743
2025.05.26,08:00,21218.708,21252.321,21160.665,21218.286
2025.05.26,12:00,21218.609,21239.087,21213.154,21224.275
2025.05.26,16:00,21175.543,21192.899,21165.821,21182.054
2025.05.26,20:00,21180.397,21188.789,21088.52,21098.775
2025.05.27,00:00,21098.62,21305.386,21091.743,21279.399
2025.05.27,04:00,21280.686,21298.598,21218.898,21243.389
2025.05.27,08:00,21242.742,21349.119,21140.721,21342.587
2025.05.27,12:00,21343.243,21431.589,21339.289,21406.643
2025.05.27,16:00,21407.787,21427.399,21385.742,21413.387
2025.05.27,20:00,21413.176,21426.365,21381.31,21386.82
2025.05.28,00:00,21386.708,21405.499,21371.12,21376.108
2025.05.28,04:00,21375.886,21466.086,21350.076,21446.709
2025.05.28,08:00,21446.597,21508.308,21373.031,21382.419
2025.05.28,12:00,21382.721,21459.542,21293.365,21315.064
2025.05.28,16:00,21316.132,21721.589,21276.197,21709.865
2025.05.28,20:00,21709.765,21777.686,21655.589,21728.354
2025.05.29,00:00,21727.554,21793.021,21691.832,21793.021
2025.05.29,04:00,21795.353,21804.054,21593.887,21599.764
2025.05.29,08:00,21600.587,21637.919,21273.632,21296.209
2025.05.29,12:00,21294.765,21428.609,21249.032,21358.354
2025.05.29,16:00,21358.408,21374.899,21266.297,21268.354
2025.05.29,20:00,21268.553,21316.499,21220.419,21297.843
2025.05.30,00:00,21297.697,21363.808,21271.065,21314.31
2025.05.30,04:00,21314.999,21372.732,21301.531,21339.553
2025.05.30,08:00,21339.721,21371.909,21178.919,21274.353
2025.05.30,12:00,21276.553,21387.376,21023.564,21322.054
2025.05.30,16:00,21321.143,21359.731,21284.731,21326.898
2025.06.01,16:00,21261.619,21303.999,21232.81,21259.408
2025.06.01,20:00,21259.899,21281.064,21184.309,21187.208
2025.06.02,00:00,21187.01,21222.799,21119.165,21167.375
2025.06.02,04:00,21165.71,21246.786,21157.353,21211.543
2025.06.02,08:00,21212.654,21414.389,21192.608,21391.619
2025.06.02,12:00,21391.108,21500.198,21358.386,21491.153
2025.06.02,16:00,21490.776,21515.765,21425.554,21452.821
2025.06.02,20:00,21453.086,21460.232,21395.632,21419.687
2025.06.03,00:00,21419.209,21438.697,21362.621,21397.243
2025.06.03,04:00,21397.343,21492.999,21357.721,21485.164
2025.06.03,08:00,21485.62,21646.489,21461.876,21643.087
2025.06.03,12:00,21642.889,21717.819,21595.265,21664.287
2025.06.03,16:00,21664.598,21680.92,21626.531,21665.686
2025.06.03,20:00,21665.519,21686.842,21627.754,21639.898
2025.06.04,00:00,21640.008,21682.921,21633.519,21681.376
2025.06.04,04:00,21681.186,21722.708,21675.61,21707.643
2025.06.04,08:00,21707.831,21754.399,21603.408,21716.287
2025.06.04,12:00,21716.175,21763.697,21668.208,21718.865
2025.06.04,16:00,21715.589,21733.589,21699.853,21704.186
2025.06.04,20:00,21704.564,21729.076,21694.343,21713.108
2025.06.05,00:00,21712.876,21798.776,21687.098,21774.864
2025.06.05,04:00,21775.565,21803.786,21708.132,21730.499
2025.06.05,08:00,21729.999,21894.687,21655.587,21882.764
2025.06.05,12:00,21882.286,21885.097,21467.31,21551.989
2025.06.05,16:00,21550.821,21582.132,21457.732,21513.299
2025.06.05,20:00,21512.989,21584.808,21511.487,21576.464
2025.06.06,00:00,21576.665,21652.943,21568.676,21627.619
2025.06.06,04:00,21627.61,21661.443,21605.543,21638.309
2025.06.06,08:00,21638.021,21834.308,21629.51,21774.987
2025.06.06,12:00,21774.743,21838.443,21690.531,21756.119
2025.06.06,16:00,21757.008,21769.242,21748.799,21766.642
2025.06.08,16:00,21773.098,21781.199,21697.332,21730.586
2025.06.08,20:00,21731.099,21751.689,21685.519,21712.697
2025.06.09,00:00,21712.898,21763.887,21698.076,21763.887
2025.06.09,04:00,21763.209,21792.699,21727.143,21779.486
2025.06.09,08:00,21779.675,21860.91,21723.789,21810.799
2025.06.09,12:00,21811.565,21855.789,21785.899,21790.799
2025.06.09,16:00,21792.664,21816.431,21768.532,21805.786
2025.06.09,20:00,21805.719,21945.875,21788.419,21911.798
2025.06.10,00:00,21911.62,21914.408,21706.599,21766.975
2025.06.10,04:00,21767.154,21831.589,21733.232,21830.908
2025.06.10,08:00,21830.221,21867.675,21717.965,21849.375
2025.06.10,12:00,21848.487,21965.908,21794.309,21938.776
2025.06.10,16:00,21939.099,21976.586,21891.876,21929.719
2025.06.10,20:00,21929.309,21940.61,21857.308,21882.31
2025.06.11,00:00,21882.553,21909.865,21841.654,21903.854
2025.06.11,04:00,21903.687,21933.589,21857.353,21905.908
2025.06.11,08:00,21905.743,22068.853,21864.899,21971.389
2025.06.11,12:00,21971.309,21995.289,21768.331,21864.589
2025.06.11,16:00,21865.243,21871.353,21794.675,21813.899
2025.06.11,20:00,21814.219,21823.632,21730.853,21784.275
2025.06.12,00:00,21784.386,21834.531,21733.21,21750.664
2025.06.12,04:00,21750.742,21819.032,21693.721,21715.71
2025.06.12,08:00,21715.11,21954.997,21705.542,21900.309
2025.06.12,12:00,21900.321,21945.864,21871.821,21914.875
2025.06.12,16:00,21914.454,21924.419,21767.353,21767.419
2025.06.12,20:00,21769.898,21773.031,21454.153,21555.076
2025.06.13,00:00,21554.954,21633.708,21504.608,21619.621
2025.06.13,04:00,21614.108,21684.32,21559.987,21666.699
2025.06.13,08:00,21666.065,21826.575,21602.286,21817.743
2025.06.13,12:00,21817.608,21837.664,21587.587,21635.754
2025.06.13,16:00,21636.298,21662.597,21627.254,21662.209
2025.06.15,16:00,21591.21,21686.389,21535.542,21673.143
2025.06.15,20:00,21673.265,21704.397,21645.531,21676.153
2025.06.16,00:00,21675.999,21771.697,21656.042,21768.575
2025.06.16,04:00,21768.298,21795.399,21717.286,21794.908
2025.06.16,08:00,21794.808,21981.509,21775.231,21930.787
2025.06.16,12:00,21932.175,21968.799,21897.498,21936.631
2025.06.16,16:00,21937.108,21947.376,21778.732,21778.797
2025.06.16,20:00,21781.21,21879.399,21771.132,21842.576
2025.06.17,00:00,21843.098,21885.153,21767.643,21801.419
2025.06.17,04:00,21801.399,21845.789,21758.675,21835.187
2025.06.17,08:00,21835.01,21899.699,21790.354,21862.787
2025.06.17,12:00,21862.921,21897.499,21675.089,21721.499
2025.06.17,16:00,21726.119,21747.809,21630.798,21671.653
2025.06.17,20:00,21672.264,21777.254,21671.054,21736.499
2025.06.18,00:00,21736.065,21798.189,21712.298,21780.953
2025.06.18,04:00,21780.309,21831.819,21718.776,21774.286
2025.06.18,08:00,21774.109,21865.489,21695.821,21807.354
2025.06.18,12:00,21807.22,21849.076,21655.343,21718.743
2025.06.18,16:00,21718.387,21747.789,21683.065,21719.598
2025.06.18,20:00,21719.32,21722.742,21563.309,21654.209
2025.06.19,00:00,21654.086,21674.299,21554.353,21566.553
2025.06.19,04:00,21567.131,21626.999,21558.176,21585.375
2025.06.19,08:00,21585.521,21595.664,21424.098,21452.876
2025.06.19,12:00,21452.686,21513.899,21451.065,21477.321
2025.06.19,16:00,21602.265,21702.764,21596.487,21663.765
2025.06.19,20:00,21663.598,21703.187,21624.319,21677.031
2025.06.20,00:00,21676.809,21720.687,21667.297,21701.699
2025.06.20,04:00,21702.121,21782.699,21636.11,21744.198
2025.06.20,08:00,21744.42,21907.899,21556.987,21628.376
2025.06.20,12:00,21629.176,21688.899,21546.121,21621.987
2025.06.20,16:00,21622.421,21690.52,21619.797,21641.02
2025.06.22,16:00,21510.897,21565.608,21482.586,21541.799
2025.06.22,20:00,21541.909,21553.865,21488.42,21547.486
2025.06.23,00:00,21547.875,21685.419,21538.831,21677.297
2025.06.23,04:00,21676.365,21725.042,21556.732,21605.964
2025.06.23,08:00,21606.887,21798.264,21540.754,21718.889
2025.06.23,12:00,21719.819,21873.154,21519.253,21852.499
2025.06.23,16:00,21851.264,22037.519,21833.121,22018.532
2025.06.23,20:00,22018.653,22053.442,21977.486,22028.042
2025.06.24,00:00,22027.932,22162.931,22002.565,22090.12
2025.06.24,04:00,22088.642,22133.975,22034.109,22088.097
2025.06.24,08:00,22088.253,22166.008,22041.987,22141.009
2025.06.24,12:00,22141.054,22223.819,22136.132,22182.776
2025.06.24,16:00,22183.675,22207.986,22164.21,22202.42
2025.06.24,20:00,22202.798,22211.699,22170.998,22184.61
2025.06.25,00:00,22184.808,22214.589,22183.931,22201.787
2025.06.25,04:00,22201.908,22270.231,22185.32,22268.431
2025.06.25,08:00,22268.198,22328.943,22208.732,22224.21
2025.06.25,12:00,22223.499,22242.487,22167.787,22242.487
2025.06.25,16:00,22241.642,22266.389,22216.776,22243.264
2025.06.25,20:00,22243.132,22281.732,22235.553,22273.61
2025.06.26,00:00,22273.598,22336.631,22268.532,22310.531
2025.06.26,04:00,22311.032,22358.71,22304.709,22355.531
2025.06.26,08:00,22356.132,22394.521,22256.586,22387.986
2025.06.26,12:00,22387.219,22470.798,22374.521,22450.689
2025.06.26,16:00,22450.197,22494.131,22418.675,22461.62
2025.06.26,20:00,22461.597,22490.899,22445.589,22477.053
2025.06.27,00:00,22477.642,22543.176,22470.843,22519.243
2025.06.27,04:00,22519.386,22563.599,22507.397,22562.865
2025.06.27,08:00,22563.032,22603.799,22471.854,22592.319
2025.06.27,12:00,22592.286,22592.332,22383.109,22531.819
2025.06.27,16:00,22531.587,22531.587,22508.954,22520.232
2025.06.29,16:00,22557.598,22627.043,22538.376,22598.187
2025.06.29,20:00,22598.21,22661.099,22588.786,22654.021
2025.06.30,00:00,22653.775,22681.898,22630.675,22649.765
2025.06.30,04:00,22650.999,22695.789,22638.065,22674.665
2025.06.30,08:00,22675.099,22677.299,22577.732,22625.489
2025.06.30,12:00,22625.299,22716.299,22563.331,22669.665
2025.06.30,16:00,22669.108,22680.61,22631.831,22666.621
2025.06.30,20:00,22666.819,22699.909,22653.697,22657.843
2025.07.01,00:00,22657.876,22662.908,22608.11,22628.743
2025.07.01,04:00,22628.798,22643.619,22595.087,22611.164
2025.07.01,08:00,22611.176,22633.319,22384.709,22448.686
2025.07.01,12:00,22449.51,22551.576,22422.521,22479.165
2025.07.01,16:00,22478.732,22515.919,22458.597,22496.22
2025.07.01,20:00,22496.42,22533.187,22462.753,22527.153
2025.07.02,00:00,22527.11,22568.189,22505.387,22510.987
2025.07.02,04:00,22511.486,22524.686,22425.72,22449.787
2025.07.02,08:00,22449.454,22637.999,22372.589,22614.686
2025.07.02,12:00,22614.664,22641.664,22597.164,22632.132
2025.07.02,16:00,22632.687,22638.289,22619.565,22636.454
2025.07.02,20:00,22636.575,22669.899,22615.519,22649.998
2025.07.03,00:00,22650.099,22688.942,22639.11,22668.919
2025.07.03,04:00,22668.331,22680.409,22619.465,22650.931
2025.07.03,08:00,22651.142,22897.789,22639.643,22880.565
2025.07.03,12:00,22880.564,22891.487,22825.799,22866.386
2025.07.03,16:00,22840.164,22865.453,22832.564,22838.898
2025.07.03,20:00,22838.831,22852.975,22795.886,22813.097
2025.07.04,00:00,22813.154,22818.409,22746.331,22750.197
2025.07.04,04:00,22749.886,22775.589,22685.854,22724.621
2025.07.04,08:00,22724.875,22749.097,22692.443,22738.565
2025.07.04,12:00,22738.653,22739.431,22700.62,22708.954
2025.07.06,16:00,22804.819,22827.565,22766.386,22790.199
2025.07.06,20:00,22790.308,22805.289,22720.41,22780.476
2025.07.07,00:00,22780.086,22796.476,22724.019,22754.975
2025.07.07,04:00,22753.02,22795.342,22714.509,22787.321
2025.07.07,08:00,22785.586,22807.264,22686.309,22731.719
2025.07.07,12:00,22731.889,22762.919,22583.61,22686.864
2025.07.07,16:00,22684.309,22688.899,22613.075,22677.042
2025.07.07,20:00,22677.021,22741.775,22660.231,22719.243
2025.07.08,00:00,22719.198,22775.099,22707.609,22766.575
2025.07.08,04:00,22766.564,22766.81,22709.864,22743.108
2025.07.08,08:00,22742.187,22759.399,22647.119,22711.764
2025.07.08,12:00,22711.764,22768.254,22676.02,22695.698
2025.07.08,16:00,22695.697,22728.576,22689.376,22706.142
2025.07.08,20:00,22706.22,22706.22,22659.742,22679.589
2025.07.09,00:00,22679.342,22708.619,22649.154,22698.098
2025.07.09,04:00,22697.331,22756.121,22683.565,22743.765
2025.07.09,08:00,22743.875,22916.342,22728.642,22756.51
2025.07.09,12:00,22756.886,22865.519,22747.554,22860.543
2025.07.09,16:00,22860.042,22874.32,22840.664,22844.375
2025.07.09,20:00,22844.797,22844.797,22798.054,22806.797
2025.07.10,00:00,22806.532,22831.419,22788.643,22829.587
2025.07.10,04:00,22829.686,22886.499,22821.909,22880.821
2025.07.10,08:00,22879.576,22900.297,22713.487,22835.275
2025.07.10,12:00,22835.275,22861.031,22774.132,22826.954
2025.07.10,16:00,22826.432,22866.254,22808.932,22862.097
2025.07.10,20:00,22861.853,22863.097,22648.532,22785.397
2025.07.11,00:00,22785.443,22792.464,22715.32,22719.086
2025.07.11,04:00,22718.876,22741.499,22670.92,22725.987
2025.07.11,08:00,22725.908,22828.443,22682.532,22794.742
2025.07.11,12:00,22795.199,22839.898,22743.032,22773.843
2025.07.11,16:00,22774.365,22775.964,22757.42,22759.054
2025.07.13,16:00,22665.221,22707.586,22637.298,22686.289
2025.07.13,20:00,22686.464,22697.599,22661.421,22693.843
2025.07.14,00:00,22694.009,22703.599,22625.519,22702.189
2025.07.14,04:00,22701.532,22723.589,22684.521,22707.476
2025.07.14,08:00,22706.919,22843.408,22663.875,22829.886
2025.07.14,12:00,22829.764,22887.231,22820.742,22855.221
2025.07.14,16:00,22854.764,22859.843,22820.02,22833.775
2025.07.14,20:00,22834.599,22995.808,22820.064,22916.586
2025.07.15,00:00,22916.342,22992.119,22912.831,22983.298
2025.07.15,04:00,22983.009,23013.854,22966.343,22989.31
2025.07.15,08:00,22990.22,23046.075,22919.443,22980.819
2025.07.15,12:00,22981.319,23003.253,22874.199,22876.786
2025.07.15,16:00,22875.875,22882.743,22799.454,22839.297
2025.07.15,20:00,22839.064,22858.689,22802.576,22840.81
2025.07.16,00:00,22840.753,22869.798,22754.576,22807.109
2025.07.16,04:00,22807.253,22848.809,22794.843,22845.232
2025.07.16,08:00,22846.098,22915.575,22666.054,22819.543
2025.07.16,12:00,22819.508,22927.519,22783.521,22903.575
2025.07.16,16:00,22902.498,22903.197,22859.71,22868.732
2025.07.16,20:00,22869.632,22887.899,22846.453,22867.753
2025.07.17,00:00,22867.998,22980.608,22856.142,22942.275
2025.07.17,04:00,22941.464,22954.799,22902.21,22916.309
2025.07.17,08:00,22916.097,23083.31,22896.41,23078.589
2025.07.17,12:00,23078.286,23107.864,23065.808,23084.509
2025.07.17,16:00,23086.019,23122.587,23062.575,23115.242
2025.07.17,20:00,23115.599,23121.489,23094.21,23110.108
2025.07.18,00:00,23109.897,23143.908,23095.81,23103.431
2025.07.18,04:00,23103.721,23124.019,23085.931,23098.754
2025.07.18,08:00,23099.032,23155.489,23022.587,23086.753
2025.07.18,12:00,23086.965,23088.732,23013.408,23064.453
2025.07.18,16:00,23064.853,23066.453,23056.231,23062.009
2025.07.20,16:00,23050.998,23101.954,23044.342,23099.719
2025.07.20,20:00,23099.91,23116.699,23081.976,23086.12
2025.07.21,00:00,23086.409,23137.865,23085.865,23135.865
2025.07.21,04:00,23135.619,23147.921,23114.842,23116.897
2025.07.21,08:00,23117.098,23263.189,23063.442,23225.119
2025.07.21,12:00,23225.132,23262.676,23168.997,23185.498
2025.07.21,16:00,23184.464,23193.589,23177.321,23188.298
2025.07.21,20:00,23187.908,23208.554,23162.731,23170.831
2025.07.22,00:00,23170.786,23189.031,23126.275,23146.02
2025.07.22,04:00,23145.999,23173.454,23111.053,23172.453
2025.07.22,08:00,23171.531,23189.519,22955.689,23051.165
2025.07.22,12:00,23052.009,23101.453,23004.486,23066.71
2025.07.22,16:00,23065.975,23112.91,23017.065,23108.189
2025.07.22,20:00,23108.009,23112.521,23044.842,23084.587
2025.07.23,00:00,23084.431,23123.099,23078.419,23106.454
2025.07.23,04:00,23105.52,23128.987,23078.721,23103.043
2025.07.23,08:00,23102.764,23140.498,22996.21,23106.199
2025.07.23,12:00,23095.319,23171.043,23041.789,23171.043
2025.07.23,16:00,23170.931,23253.498,23150.953,23249.297
2025.07.23,20:00,23248.932,23270.509,23224.664,23227.743
2025.07.24,00:00,23227.676,23240.399,23201.442,23218.265
2025.07.24,04:00,23217.632,23251.498,23196.165,23234.943
2025.07.24,08:00,23234.143,23250.543,23148.853,23238.108
2025.07.24,12:00,23237.965,23270.899,23190.41,23223.798
2025.07.24,16:00,23224.154,23269.854,23214.631,23260.698
2025.07.24,20:00,23261.164,23295.32,23255.965,23282.509
2025.07.25,00:00,23282.376,23286.209,23209.62,23220.475
2025.07.25,04:00,23221.187,23245.408,23203.886,23219.287
2025.07.25,08:00,23220.499,23282.499,23188.554,23277.443
2025.07.25,12:00,23277.743,23331.475,23262.754,23274.598
2025.07.25,16:00,23275.476,23288.843,23260.986,23287.743
2025.07.27,16:00,23382.02,23410.699,23359.954,23388.776
2025.07.27,20:00,23388.521,23421.489,23380.308,23403.975
2025.07.28,00:00,23404.232,23439.743,23388.497,23402.787
2025.07.28,04:00,23402.521,23404.408,23339.987,23357.299
2025.07.28,08:00,23357.199,23385.732,23296.132,23352.831
2025.07.28,12:00,23353.253,23366.731,23300.51,23350.108
2025.07.28,16:00,23350.986,23390.689,23348.589,23388.631
2025.07.28,20:00,23388.875,23406.708,23377.208,23403.553
2025.07.29,00:00,23404.365,23458.608,23399.531,23448.153
2025.07.29,04:00,23448.299,23467.697,23436.02,23460.321
2025.07.29,08:00,23460.875,23513.099,23298.909,23363.608
2025.07.29,12:00,23362.82,23381.943,23281.887,23313.454
2025.07.29,16:00,23315.931,23341.076,23306.321,23334.709
2025.07.29,20:00,23334.919,23365.842,23326.642,23358.853
2025.07.30,00:00,23358.654,23370.554,23334.431,23359.553
2025.07.30,04:00,23359.598,23381.599,23323.599,23367.975
2025.07.30,08:00,23367.587,23403.399,23313.197,23392.365
2025.07.30,12:00,23392.308,23451.332,23219.953,23349.375
2025.07.30,16:00,23347.919,23605.289,23337.699,23590.564
2025.07.30,20:00,23590.421,23666.099,23577.854,23663.364
2025.07.31,00:00,23663.432,23710.097,23643.076,23690.908
2025.07.31,04:00,23690.542,23692.189,23618.265,23628.731
2025.07.31,08:00,23628.542,23674.843,23348.198,23448.31
2025.07.31,12:00,23448.342,23481.12,23171.643,23216.898
2025.07.31,16:00,23216.61,23278.986,23120.32,23167.72
2025.07.31,20:00,23166.531,23212.043,23101.597,23174.321
2025.08.01,00:00,23174.432,23194.789,22998.342,23039.497
2025.08.01,04:00,23039.998,23041.887,22901.476,22995.265
2025.08.01,08:00,22995.286,23038.365,22676.632,22883.453
2025.08.01,12:00,22883.231,22920.964,22670.01,22761.876
2025.08.01,16:00,22760.61,22774.097,22751.821,22772.789
2025.08.03,16:00,22738.789,22812.009,22703.631,22808.486
2025.08.03,20:00,22808.564,22870.099,22798.443,22868.987
2025.08.04,00:00,22868.589,22926.153,22829.843,22892.475
2025.08.04,04:00,22893.121,22959.498,22888.697,22925.399
2025.08.04,08:00,22925.342,23143.799,22918.31,23134.264
2025.08.04,12:00,23134.397,23188.442,23121.843,23178.153
2025.08.04,16:00,23178.442,23232.097,23166.942,23217.397
2025.08.04,20:00,23216.02,23257.275,23198.031,23225.565
2025.08.05,00:00,23225.821,23279.91,23207.42,23213.264
2025.08.05,04:00,23213.609,23278.865,23196.576,23266.32
2025.08.05,08:00,23267.386,23287.089,23002.097,23043.742
2025.08.05,12:00,23043.997,23139.476,23003.121,23021.154
2025.08.05,16:00,23024.22,23037.432,22935.086,22942.189
2025.08.05,20:00,22942.153,23058.999,22938.931,23055.243
2025.08.06,00:00,23055.231,23113.097,23044.153,23109.51
2025.08.06,04:00,23107.743,23116.176,22996.71,23065.489
2025.08.06,08:00,23064.531,23262.909,23030.275,23256.108
2025.08.06,12:00,23255.632,23331.109,23232.898,23310.454
2025.08.06,16:00,23310.331,23368.143,23278.075,23339.654
2025.08.06,20:00,23339.91,23398.986,23332.354,23377.498
2025.08.07,00:00,23377.789,23401.332,23343.009,23397.142
2025.08.07,04:00,23396.908,23526.042,23395.587,23469.61
2025.08.07,08:00,23468.932,23559.986,23371.11,23391.521
2025.08.07,12:00,23390.543,23406.686,23224.087,23395.908
2025.08.07,16:00,23394.798,23466.489,23392.554,23438.731
2025.08.07,20:00,23438.697,23481.519,23427.964,23452.286
2025.08.08,00:00,23452.264,23455.831,23402.232,23427.386
2025.08.08,04:00,23427.475,23480.698,23427.454,23473.497
2025.08.08,08:00,23473.332,23598.399,23417.31,23576.143
2025.08.08,12:00,23575.819,23619.499,23551.131,23609.264
2025.08.08,16:00,23610.019,23660.487,23609.053,23660.487
2025.08.10,16:00,23628.576,23643.089,23596.453,23602.409
2025.08.10,20:00,23602.308,23667.775,23601.775,23649.965
2025.08.11,00:00,23649.52,23659.799,23589.353,23601.476
2025.08.11,04:00,23601.075,23639.519,23563.221,23630.509
2025.08.11,08:00,23630.419,23663.699,23577.231,23660.431
2025.08.11,12:00,23660.387,23700.689,23484.231,23534.843
2025.08.11,16:00,23534.619,23544.789,23513.032,23534.597
2025.08.11,20:00,23534.809,23565.032,23526.81,23555.242
2025.08.12,00:00,23555.086,23574.364,23494.232,23564.021
2025.08.12,04:00,23563.932,23570.299,23506.498,23538.364
2025.08.12,08:00,23538.542,23719.808,23522.242,23699.754
2025.08.12,12:00,23699.799,23845.009,23697.819,23835.497
2025.08.12,16:00,23835.153,23862.189,23821.109,23858.565
2025.08.12,20:00,23858.689,23864.789,23820.01,23840.032
2025.08.13,00:00,23840.586,23888.708,23832.909,23887.475
2025.08.13,04:00,23887.91,23914.589,23875.343,23891.375
2025.08.13,08:00,23891.32,23968.398,23792.531,23825.31
2025.08.13,12:00,23825.31,23858.998,23786.986,23847.475
2025.08.13,16:00,23847.165,23867.009,23815.497,23852.453
2025.08.13,20:00,23852.643,23861.699,23820.32,23829.354
2025.08.14,00:00,23829.321,23838.799,23800.62,23836.41
2025.08.14,04:00,23836.342,23859.821,23820.197,23858.31
2025.08.14,08:00,23857.843,23909.409,23696.82,23834.142
2025.08.14,12:00,23833.864,23881.708,23767.675,23824.365
2025.08.14,16:00,23824.887,23824.887,23773.208,23796.421
2025.08.14,20:00,23796.386,23837.199,23781.475,23836.453
2025.08.15,00:00,23836.565,23870.389,23831.876,23847.654
2025.08.15,04:00,23847.998,23861.364,23779.965,23827.665
2025.08.15,08:00,23827.908,23831.486,23646.353,23699.586
2025.08.15,12:00,23699.076,23759.02,23675.442,23715.486
2025.08.15,16:00,23715.989,23721.609,23688.442,23719.786
2025.08.17,16:00,23746.786,23771.289,23745.208,23762.108
2025.08.17,20:00,23761.787,23793.099,23756.864,23769.109
2025.08.18,00:00,23769.132,23771.065,23684.108,23717.208
2025.08.18,04:00,23716.842,23722.599,23650.908,23681.753
2025.08.18,08:00,23681.299,23737.731,23632.754,23660.942
2025.08.18,12:00,23661.221,23729.489,23636.308,23710.689
2025.08.18,16:00,23709.587,23749.889,23702.375,23719.61
2025.08.18,20:00,23720.389,23720.389,23666.675,23668.697
2025.08.19,00:00,23668.587,23686.72,23645.554,23685.108
2025.08.19,04:00,23684.921,23719.389,23660.542,23689.508
2025.08.19,08:00,23688.553,23697.499,23431.91,23475.52
2025.08.19,12:00,23475.72,23494.432,23343.476,23388.189
2025.08.19,16:00,23387.586,23404.421,23332.698,23341.053
2025.08.19,20:00,23341.032,23343.499,23257.721,23263.797
2025.08.20,00:00,23263.664,23348.899,23253.61,23318.009
2025.08.20,04:00,23319.509,23370.432,23290.754,23332.731
2025.08.20,08:00,23332.232,23354.943,22957.576,23094.542
2025.08.20,12:00,23094.576,23291.042,23092.031,23248.61
2025.08.20,16:00,23248.399,23263.276,23227.253,23240.653
2025.08.20,20:00,23240.219,23290.299,23188.786,23262.764
2025.08.21,00:00,23262.698,23288.665,23232.932,23264.989
2025.08.21,04:00,23264.554,23278.609,23186.108,23202.608
2025.08.21,08:00,23202.489,23269.198,23078.653,23125.865
2025.08.21,12:00,23126.499,23177.109,23042.742,23140.81
2025.08.21,16:00,23141.443,23179.609,23122.908,23176.308
2025.08.21,20:00,23175.919,23177.621,23108.665,23122.764
2025.08.22,00:00,23122.776,23142.999,23005.665,23123.409
2025.08.22,04:00,23123.599,23207.299,23118.51,23179.62
2025.08.22,08:00,23179.798,23561.299,23135.331,23516.31
2025.08.22,12:00,23516.331,23576.589,23451.254,23494.343
2025.08.22,16:00,23493.064,23507.919,23476.432,23504.265
2025.08.24,16:00,23501.654,23517.889,23473.742,23503.008
2025.08.24,20:00,23503.12,23525.819,23449.508,23476.019
2025.08.25,00:00,23476.154,23496.632,23437.176,23454.321
2025.08.25,04:00,23454.308,23465.92,23390.687,23425.731
2025.08.25,08:00,23425.899,23547.599,23374.709,23532.431
2025.08.25,12:00,23530.908,23545.142,23420.408,23426.899
2025.08.25,16:00,23427.364,23453.197,23417.386,23429.231
2025.08.25,20:00,23429.386,23441.721,23304.654,23384.776
2025.08.26,00:00,23384.442,23416.843,23349.22,23375.131
2025.08.26,04:00,23375.199,23438.399,23372.753,23402.332
2025.08.26,08:00,23402.599,23484.742,23362.387,23452.689
2025.08.26,12:00,23451.931,23532.043,23413.731,23519.575
2025.08.26,16:00,23520.489,23557.087,23515.753,23548.064
2025.08.26,20:00,23548.408,23562.889,23528.353,23547.364
2025.08.27,00:00,23547.243,23555.331,23509.821,23528.364
2025.08.27,04:00,23528.697,23548.608,23501.52,23541.665
2025.08.27,08:00,23541.387,23567.243,23453.743,23560.198
2025.08.27,12:00,23560.11,23594.119,23479.942,23558.043
2025.08.27,16:00,23557.276,23566.409,23438.142,23447.297
2025.08.27,20:00,23447.299,23522.499,23426.72,23513.887
2025.08.28,00:00,23514.109,23571.599,23478.876,23570.742
2025.08.28,04:00,23570.686,23600.219,23522.02,23556.753
2025.08.28,08:00,23554.589,23691.686,23513.375,23626.51
2025.08.28,12:00,23626.409,23740.598,23621.319,23704.731
2025.08.28,16:00,23705.286,23712.298,23677.92,23690.421
2025.08.28,20:00,23690.71,23698.499,23661.232,23670.831
2025.08.29,00:00,23670.953,23683.899,23630.849,23631.664
2025.08.29,04:00,23631.783,23643.947,23559.349,23586.349
2025.08.29,08:00,23586.186,23627.25,23365.272,23383.109
2025.08.29,12:00,23383.26,23445.437,23351.604,23421.859
2025.08.29,16:00,23421.113,23437.748,23403.505,23417.708
2025.08.31,16:00,23428.242,23498.088,23416.525,23490.492
2025.08.31,20:00,23490.753,23504.749,23384.458,23394.569
2025.09.01,00:00,23394.569,23429.779,23323.499,23422.308
2025.09.01,04:00,23421.036,23454.969,23398.881,23419.279
2025.09.01,08:00,23418.011,23459.399,23395.772,23447.772
2025.09.01,12:00,23447.947,23458.914,23434.588,23452.279
2025.09.01,16:00,23459.97,23462.319,23383.97,23401.249
2025.09.01,20:00,23401.131,23439.499,23371.197,23393.253
2025.09.02,00:00,23393.649,23407.088,23225.697,23233.231
2025.09.02,04:00,23233.588,23288.881,23174.892,23180.529
2025.09.02,08:00,23180.0,23232.569,22981.066,23003.367
2025.09.02,12:00,23003.439,23244.106,22993.213,23230.455
2025.09.02,16:00,23230.661,23343.249,23223.944,23291.749
2025.09.02,20:00,23289.297,23297.599,23257.319,23281.536
2025.09.03,00:00,23281.492,23339.958,23265.675,23333.555
2025.09.03,04:00,23333.011,23415.708,23327.708,23373.175
2025.09.03,08:00,23380.25,23480.529,23327.381,23374.082
2025.09.03,12:00,23374.018,23422.999,23277.582,23408.116
2025.09.03,16:00,23408.507,23425.641,23390.97,23396.731
2025.09.03,20:00,23396.547,23490.492,23389.775,23427.37
2025.09.04,00:00,23427.286,23464.219,23409.849,23447.279
2025.09.04,04:00,23446.914,23492.899,23435.25,23455.283
2025.09.04,08:00,23454.544,23511.671,23368.87,23494.679
2025.09.04,12:00,23494.661,23637.246,23470.595,23623.127
2025.09.04,16:00,23623.377,23679.279,23616.255,23669.142
2025.09.04,20:00,23669.392,23705.399,23665.275,23704.649
2025.09.05,00:00,23704.503,23750.936,23703.142,23719.131
2025.09.05,04:00,23719.529,23762.649,23711.675,23732.131
2025.09.05,08:00,23733.753,23864.197,23468.338,23581.272
2025.09.05,12:00,23581.697,23656.759,23550.603,23655.074
2025.09.05,16:00,23654.693,23659.338,23636.42,23638.842
2025.09.07,16:00,23633.264,23750.399,23616.264,23743.47
2025.09.07,20:00,23743.742,23757.414,23701.958,23720.403
2025.09.08,00:00,23720.249,23747.338,23693.175,23719.261
2025.09.08,04:00,23722.458,23755.969,23706.892,23728.555
2025.09.08,08:00,23728.761,23851.506,23710.011,23835.261
2025.09.08,12:00,23835.13,23836.098,23724.901,23765.663
2025.09.08,16:00,23767.76,23797.499,23758.337,23774.981
2025.09.08,20:00,23774.925,23814.664,23758.425,23806.492
2025.09.09,00:00,23806.719,23852.381,23782.577,23822.62
2025.09.09,04:00,23823.425,23824.779,23779.231,23817.149
2025.09.09,08:00,23816.675,23824.099,23693.413,23750.589
2025.09.09,12:00,23750.582,23854.339,23747.62,23834.31
2025.09.09,16:00,23834.496,23881.936,23815.12,23856.664
2025.09.09,20:00,23856.286,23889.569,23848.675,23888.275
2025.09.10,00:00,23888.458,23924.044,23883.003,23908.999
2025.09.10,04:00,23908.794,23928.436,23853.208,23920.022
2025.09.10,08:00,23919.283,24009.97,23871.588,23917.739
2025.09.10,12:00,23917.967,23918.228,23755.85,23845.303
2025.09.10,16:00,23844.575,23887.797,23831.058,23875.297
2025.09.10,20:00,23874.981,23893.219,23846.058,23887.753
2025.09.11,00:00,23887.87,23909.447,23845.547,23905.37
2025.09.11,04:00,23904.925,23929.816,23882.719,23920.708
2025.09.11,08:00,23919.794,24016.18,23855.697,23994.936
2025.09.11,12:00,23995.044,24014.933,23965.054,23983.203
2025.09.11,16:00,23983.127,24005.899,23975.668,24000.231
2025.09.11,20:00,24000.249,24003.649,23972.731,23989.175
2025.09.12,00:00,23989.149,24019.936,23986.892,23990.816
2025.09.12,04:00,23990.892,24028.149,23949.5,24025.279
2025.09.12,08:00,24024.881,24095.321,23982.925,24070.825
2025.09.12,12:00,24070.929,24136.208,24051.406,24087.342
2025.09.12,16:00,24087.592,24090.147,24075.07,24089.114
2025.09.14,16:00,24094.025,24111.414,24081.62,24092.514
2025.09.14,20:00,24092.753,24112.536,24074.264,24103.558
2025.09.15,00:00,24103.447,24140.653,24102.275,24121.055
2025.09.15,04:00,24121.025,24129.37,24058.025,24126.044
2025.09.15,08:00,24126.029,24272.679,24122.503,24263.243
2025.09.15,12:00,24263.359,24296.287,24228.31,24293.065
2025.09.15,16:00,24293.424,24294.153,24268.19,24289.742
2025.09.15,20:00,24290.264,24327.989,24270.286,24326.458
2025.09.16,00:00,24326.307,24359.004,24318.507,24344.876
2025.09.16,04:00,24344.005,24388.651,24340.761,24347.647
2025.09.16,08:00,24349.089,24352.056,24247.644,24255.239
2025.09.16,12:00,24254.863,24306.537,24245.744,24272.142
2025.09.16,16:00,24272.328,24301.588,24269.655,24293.231
2025.09.16,20:00,24293.275,24300.249,24263.62,24268.936
2025.09.17,00:00,24269.249,24303.279,24253.499,24300.381
2025.09.17,04:00,24300.272,24300.533,24206.903,24253.011
2025.09.17,08:00,24253.958,24290.969,24150.881,24160.392
2025.09.17,12:00,24160.283,24295.524,23992.879,24225.235
2025.09.17,16:00,24222.221,24336.169,24218.849,24332.842
2025.09.17,20:00,24332.981,24393.136,24309.07,24384.57
2025.09.18,00:00,24384.919,24419.536,24335.611,24412.611
2025.09.18,04:00,24413.199,24505.153,24405.492,24492.279
2025.09.18,08:00,24492.327,24563.066,24348.436,24481.479
2025.09.18,12:00,24480.886,24541.449,24443.288,24444.952
2025.09.18,16:00,24444.734,24501.47,24434.543,24493.749
2025.09.18,20:00,24493.286,24502.447,24448.22,24466.014
2025.09.19,00:00,24466.142,24476.764,24408.381,24438.992
2025.09.19,04:00,24437.761,24489.544,24433.881,24489.37
2025.09.19,08:00,24488.12,24568.899,24469.077,24525.52
2025.09.19,12:00,24525.369,24636.969,24524.345,24608.794
2025.09.19,16:00,24609.783,24628.892,24602.447,24619.675
2025.09.21,16:00,24598.999,24616.742,24577.458,24601.547
2025.09.21,20:00,24601.469,24625.903,24578.522,24609.153
2025.09.22,00:00,24608.936,24611.981,24499.186,24536.029
2025.09.22,04:00,24536.761,24574.969,24511.403,24539.675
2025.09.22,08:00,24539.599,24693.186,24516.794,24666.708
2025.09.22,12:00,24666.599,24781.469,24665.599,24753.975
2025.09.22,16:00,24753.579,24761.492,24732.97,24755.881
2025.09.22,20:00,24757.149,24765.999,24743.786,24761.208
2025.09.23,00:00,24760.903,24773.566,24736.208,24758.275
2025.09.23,04:00,24757.664,24784.566,24731.62,24758.642
2025.09.23,08:00,24759.436,24768.958,24687.404,24703.127
2025.09.23,12:00,24702.975,24710.641,24537.57,24585.993
2025.09.23,16:00,24587.016,24620.499,24579.69,24600.249
2025.09.23,20:00,24600.186,24605.164,24569.903,24595.686
2025.09.24,00:00,24595.753,24656.708,24594.544,24656.708
2025.09.24,04:00,24656.794,24670.925,24634.761,24648.029
2025.09.24,08:00,24647.588,24657.327,24438.104,24439.04
2025.09.24,12:00,24439.193,24512.08,24387.941,24498.414
2025.09.24,16:00,24499.197,24519.958,24499.197,24519.12
2025.09.24,20:00,24518.881,24555.27,24515.664,24548.425
2025.09.25,00:00,24548.675,24551.049,24457.719,24500.12
2025.09.25,04:00,24500.858,24525.049,24350.12,24357.575
2025.09.25,08:00,24357.77,24460.571,24185.803,24443.003
2025.09.25,12:00,24443.253,24456.689,24220.531,24395.363
2025.09.25,16:00,24395.842,24435.742,24383.49,24386.819
2025.09.25,20:00,24386.253,24403.249,24349.97,24364.599
2025.09.26,00:00,24364.305,24441.719,24345.797,24416.849
2025.09.26,04:00,24416.088,24429.816,24340.458,24409.675
2025.09.26,08:00,24407.969,24517.327,24295.513,24356.634
2025.09.26,12:00,24356.35,24508.394,24344.698,24497.361
2025.09.26,16:00,24496.263,24517.279,24493.488,24516.271
2025.09.28,16:00,24503.014,24550.821,24501.553,24545.131
2025.09.28,20:00,24545.231,24590.999,24538.021,24587.864
2025.09.29,00:00,24588.054,24637.299,24586.32,24626.586
2025.09.29,04:00,24625.709,24677.149,24625.697,24652.077
2025.09.29,08:00,24651.779,24747.529,24605.0,24622.619
2025.09.29,12:00,24622.499,24643.255,24555.38,24610.453
2025.09.29,16:00,24610.573,24619.197,24585.447,24601.499
2025.09.29,20:00,24601.003,24633.87,24583.492,24619.925
2025.09.30,00:00,24619.72,24633.399,24532.403,24567.72
2025.09.30,04:00,24563.275,24596.708,24540.253,24579.772
2025.09.30,08:00,24579.731,24688.146,24499.036,24586.533
2025.09.30,12:00,24586.294,24688.033,24506.772,24672.066
2025.09.30,16:00,24672.599,24675.577,24599.22,24608.808
2025.09.30,20:00,24608.936,24615.297,24542.208,24550.297
2025.10.01,00:00,24550.069,24560.447,24412.522,24449.97
2025.10.01,04:00,24449.808,24581.664,24432.294,24577.088
2025.10.01,08:00,24577.197,24719.458,24505.066,24712.631
2025.10.01,12:00,24714.399,24815.642,24710.294,24793.042
2025.10.01,16:00,24792.608,24813.536,24775.633,24807.819
2025.10.01,20:00,24807.481,24861.969,24804.731,24849.403
2025.10.02,00:00,24849.499,24873.279,24837.025,24862.522
2025.10.02,04:00,24862.022,24936.294,24859.319,24934.599
2025.10.02,08:00,24934.75,24965.153,24780.569,24863.761
2025.10.02,12:00,24863.12,24913.0,24822.077,24894.522
2025.10.02,16:00,24894.772,24916.175,24864.569,24915.558
2025.10.02,20:00,24912.469,24965.981,24906.981,24961.899
2025.10.03,00:00,24961.319,24984.779,24947.403,24973.261
2025.10.03,04:00,24971.558,24987.544,24920.272,24928.969
2025.10.03,08:00,24928.0,24958.272,24841.87,24935.5
2025.10.03,12:00,24935.131,24945.87,24713.25,24788.149
2025.10.03,16:00,24788.649,24798.649,24766.469,24773.87
2025.10.05,16:00,24798.558,24882.197,24798.558,24862.469
2025.10.05,20:00,24862.305,24894.279,24846.153,24884.011
2025.10.06,00:00,24884.294,24903.958,24841.12,24876.544
2025.10.06,04:00,24876.529,24981.25,24873.708,24979.881
2025.10.06,08:00,24979.827,25036.761,24904.283,24999.969
2025.10.06,12:00,25000.294,25044.779,24971.197,24973.936
2025.10.06,16:00,24974.066,24989.855,24925.225,24936.638
2025.10.06,20:00,24936.399,24958.079,24916.3,24952.55
2025.10.07,00:00,24952.725,24980.072,24930.225,24954.449
2025.10.07,04:00,24955.083,25003.838,24920.849,25003.838
2025.10.07,08:00,25003.925,25067.149,24778.261,24821.87
2025.10.07,12:00,24823.12,24883.899,24788.469,24842.936
2025.10.07,16:00,24842.511,24883.279,24830.37,24833.577
2025.10.07,20:00,24834.761,24892.279,24827.914,24886.75
2025.10.08,00:00,24887.033,24894.349,24826.947,24883.653
2025.10.08,04:00,24884.029,24911.899,24858.805,24889.066
2025.10.08,08:00,24887.62,25056.599,24843.686,25050.631
2025.10.08,12:00,25050.37,25142.205,25029.62,25127.803
2025.10.08,16:00,25127.705,25194.511,25118.999,25180.838
2025.10.08,20:00,25180.914,25180.914,25108.881,25128.186
2025.10.09,00:00,25128.529,25168.653,25125.261,25136.794
2025.10.09,04:00,25136.469,25142.779,25094.142,25112.783
2025.10.09,08:00,25113.088,25136.653,24994.958,25066.325
2025.10.09,12:00,25066.799,25099.738,24964.131,25099.411
2025.10.09,16:00,25098.792,25150.399,25088.455,25149.511
2025.10.09,20:00,25149.631,25166.327,25121.708,25128.327
2025.10.10,00:00,25128.197,25165.436,25106.469,25130.055
2025.10.10,04:00,25129.544,25153.599,25062.772,25134.349
2025.10.10,08:00,25133.947,25198.779,24485.197,24645.283
2025.10.10,12:00,24642.558,24666.142,24206.881,24224.425
2025.10.10,16:00,24223.772,24270.066,24215.414,24264.469
2025.10.12,16:00,24379.749,24619.392,24379.749,24611.827
2025.10.12,20:00,24611.664,24680.664,24582.055,24602.958
2025.10.13,00:00,24603.529,24770.827,24599.555,24729.761
2025.10.13,04:00,24728.555,24733.12,24558.058,24622.077
2025.10.13,08:00,24621.849,24736.458,24549.294,24711.381
2025.10.13,12:00,24712.5,24780.566,24687.827,24740.279
2025.10.13,16:00,24740.588,24755.458,24718.719,24735.149
2025.10.13,20:00,24730.458,24867.066,24727.436,24733.903
2025.10.14,00:00,24734.153,24739.447,24421.992,24470.794
2025.10.14,04:00,24470.947,24535.522,24325.708,24477.044
2025.10.14,08:00,24476.892,24661.675,24247.219,24628.522
2025.10.14,12:00,24628.261,24770.511,24510.186,24580.399
2025.10.14,16:00,24579.903,24644.425,24524.642,24599.399
2025.10.14,20:00,24599.425,24681.649,24567.392,24635.164
2025.10.15,00:00,24635.099,24752.469,24628.75,24726.044
2025.10.15,04:00,24725.142,24817.099,24724.631,24786.675
2025.10.15,08:00,24786.338,24939.208,24698.25,24756.664
2025.10.15,12:00,24756.599,24814.436,24489.694,24750.249
2025.10.15,16:00,24749.172,24819.208,24745.825,24770.414
2025.10.15,20:00,24770.555,24783.783,24702.219,24742.892
2025.10.16,00:00,24742.577,24883.219,24738.131,24867.149
2025.10.16,04:00,24866.75,24912.25,24833.022,24892.511
2025.10.16,08:00,24892.033,25003.779,24769.044,24794.37
2025.10.16,12:00,24787.588,24818.969,24472.881,24659.142
2025.10.16,16:00,24658.969,24692.436,24555.033,24594.294
2025.10.16,20:00,24594.544,24670.088,24540.533,24566.338
2025.10.17,00:00,24566.077,24574.649,24265.392,24308.208
2025.10.17,04:00,24308.947,24566.131,24244.642,24563.327
2025.10.17,08:00,24563.522,24794.588,24506.87,24684.164
2025.10.17,12:00,24683.381,24883.399,24662.186,24818.197
2025.10.17,16:00,24818.316,24846.305,24807.029,24840.827
2025.10.19,16:00,24921.069,24928.947,24821.588,24845.779
2025.10.19,20:00,24845.12,24932.279,24790.033,24928.566
2025.10.20,00:00,24928.827,24988.149,24918.279,24956.522
2025.10.20,04:00,24957.914,24968.631,24874.294,24919.805
2025.10.20,08:00,24918.779,25177.599,24911.022,25148.029
2025.10.20,12:00,25147.697,25183.555,25121.338,25132.849
2025.10.20,16:00,25132.458,25180.088,25122.12,25159.529
2025.10.20,20:00,25159.838,25203.794,25147.077,25165.533
2025.10.21,00:00,25165.349,25167.029,25098.033,25113.055
2025.10.21,04:00,25114.029,25144.349,25089.055,25143.033
2025.10.21,08:00,25142.761,25162.649,25039.555,25158.436
2025.10.21,12:00,25153.022,25182.958,25086.37,25127.414
2025.10.21,16:00,25126.544,25134.0,25064.719,25084.761
2025.10.21,20:00,25084.642,25131.447,25056.338,25129.958
2025.10.22,00:00,25130.011,25177.708,25110.816,25137.305
2025.10.22,04:00,25136.899,25144.779,25046.153,25063.686
2025.10.22,08:00,25063.425,25128.838,24841.319,24939.558
2025.10.22,12:00,24939.427,24948.481,24647.569,24882.499
2025.10.22,16:00,24882.694,24919.249,24839.272,24842.936
2025.10.22,20:00,24842.827,24959.399,24797.75,24932.511
2025.10.23,00:00,24932.414,24973.62,24900.186,24937.87
2025.10.23,04:00,24938.208,24961.599,24809.522,24820.142
2025.10.23,08:00,24819.849,25058.849,24783.761,25037.131
2025.10.23,12:00,25036.969,25125.87,25027.649,25094.149
2025.10.23,16:00,25094.761,25153.649,25090.099,25147.522
2025.10.23,20:00,25147.686,25179.899,25135.37,25179.279
2025.10.24,00:00,25178.903,25230.827,25169.761,25187.197
2025.10.24,04:00,25187.458,25243.458,25173.87,25224.12
2025.10.24,08:00,25224.055,25396.903,25198.569,25373.164
2025.10.24,12:00,25373.25,25418.088,25348.708,25359.011
2025.10.24,16:00,25358.936,25373.066,25348.153,25356.936
2025.10.26,16:00,25602.469,25608.87,25554.161,25576.619
2025.10.26,20:00,25577.183,25626.679,25565.042,25616.161
2025.10.27,00:00,25616.303,25669.933,25615.15,25656.27
2025.10.27,04:00,25656.433,25706.299,25644.086,25684.847
2025.10.27,08:00,25684.564,25770.727,25650.183,25767.679
2025.10.27,12:00,25767.542,25834.727,25746.358,25827.803
2025.10.27,16:00,25853.599,25874.75,25831.261,25832.533
2025.10.27,20:00,25832.261,25845.899,25813.077,25814.642
2025.10.28,00:00,25815.849,25841.947,25800.261,25825.305
2025.10.28,04:00,25825.588,25881.403,25819.903,25869.899
2025.10.28,08:00,25869.12,26000.208,25863.392,25963.749
2025.10.28,12:00,25963.394,26085.772,25958.305,26009.969
2025.10.28,16:00,26036.547,26050.153,26021.522,26031.529
2025.10.28,20:00,26031.219,26109.029,26029.153,26102.436
2025.10.29,00:00,26102.186,26166.338,26101.414,26125.175
2025.10.29,04:00,26125.447,26152.892,26083.055,26116.925
2025.10.29,08:00,26117.055,26183.675,26061.099,26109.708
2025.10.29,12:00,26109.794,26230.536,25905.819,26084.958
2025.10.29,16:00,26018.286,26176.149,26012.764,26147.219
2025.10.29,20:00,26147.849,26257.272,25997.881,26064.055
2025.10.30,00:00,26064.403,26186.425,26047.753,26128.392
2025.10.30,04:00,26128.025,26149.414,25944.403,25945.892
2025.10.30,08:00,25945.761,26035.272,25802.816,25932.153
2025.10.30,12:00,25931.969,25934.279,25713.164,25856.261
2025.10.30,16:00,26014.503,26063.088,25991.294,26058.077
2025.10.30,20:00,26057.25,26077.279,26024.827,26056.425
2025.10.31,00:00,26056.349,26083.414,26008.153,26062.294
2025.10.31,04:00,26062.75,26136.588,26025.12,26075.761
2025.10.31,08:00,26075.708,26080.708,25794.805,25812.338
2025.10.31,12:00,25812.208,25981.649,25753.164,25847.87
2025.11.02,16:00,25889.72,25983.294,25879.036,25982.066
2025.11.02,20:00,25981.294,25988.208,25916.272,25950.099
2025.11.03,00:00,25949.805,25962.631,25882.653,25951.533
2025.11.03,04:00,25952.327,26047.283,25948.142,26018.272
2025.11.03,08:00,26018.142,26131.149,25883.011,25985.816
2025.11.03,12:00,25986.316,26031.349,25933.719,25979.283
2025.11.03,16:00,25977.664,26042.249,25853.261,25885.029
2025.11.03,20:00,25885.294,25901.414,25776.522,25793.642
2025.11.04,00:00,25794.664,25797.779,25600.294,25636.261
2025.11.04,04:00,25636.208,25662.436,25515.5,25626.029
2025.11.04,08:00,25623.969,25763.761,25533.892,25626.936
2025.11.04,12:00,25627.208,25628.197,25418.208,25451.649
2025.11.04,16:00,25451.686,25465.279,25284.242,25285.872
2025.11.04,20:00,25286.166,25394.199,25159.372,25341.644
2025.11.05,00:00,25341.999,25429.155,25330.6,25389.514
2025.11.05,04:00,25389.405,25428.35,25280.611,25405.047
2025.11.05,08:00,25405.1,25662.288,25364.416,25648.359
2025.11.05,12:00,25648.434,25752.016,25606.094,25617.209
2025.11.05,16:00,25615.995,25653.197,25531.577,25577.272
2025.11.05,20:00,25576.653,25620.779,25495.75,25617.186
2025.11.06,00:00,25617.294,25621.044,25508.25,25551.029
2025.11.06,04:00,25551.316,25670.149,25550.261,25657.925
2025.11.06,08:00,25656.403,25700.925,25083.424,25102.789
2025.11.06,12:00,25102.615,25320.324,25081.343,25140.399
2025.11.06,16:00,25140.649,25238.899,25124.009,25212.588
2025.11.06,20:00,25212.447,25222.088,25051.242,25139.219
2025.11.07,00:00,25138.272,25244.12,25136.186,25202.469
2025.11.07,04:00,25202.044,25217.914,24952.522,24982.011
2025.11.07,08:00,24981.936,25036.649,24611.694,24637.933
2025.11.07,12:00,24638.444,25065.768,24601.887,25057.272
2025.11.07,16:00,25057.49,25099.579,25054.651,25092.449
2025.11.09,16:00,25239.066,25280.999,25162.761,25224.033
2025.11.09,20:00,25223.131,25382.029,25219.903,25359.783
2025.11.10,00:00,25360.088,25428.327,25351.805,25426.686
2025.11.10,04:00,25427.099,25462.077,25399.197,25433.805
2025.11.10,08:00,25433.719,25561.197,25351.283,25419.527
2025.11.10,12:00,25417.482,25654.83,25406.247,25607.784
2025.11.10,16:00,25607.653,25667.5,25600.947,25637.75
2025.11.10,20:00,25638.066,25666.279,25582.25,25588.849
2025.11.11,00:00,25588.719,25602.761,25527.686,25530.914
2025.11.11,04:00,25532.011,25551.899,25479.436,25487.544
2025.11.11,08:00,25487.664,25542.149,25377.655,25407.043
2025.11.11,12:00,25407.419,25589.108,25403.693,25539.312
2025.11.11,16:00,25539.573,25593.97,25519.793,25580.547
2025.11.11,20:00,25580.438,25656.699,25575.416,25612.199
2025.11.12,00:00,25611.916,25708.927,25608.047,25689.405
2025.11.12,04:00,25689.297,25725.879,25617.22,25688.449
2025.11.12,08:00,25687.416,25708.249,25387.341,25430.195
2025.11.12,12:00,25431.659,25547.218,25418.767,25523.088
2025.11.12,16:00,25530.411,25549.729,25398.832,25461.279
2025.11.12,20:00,25460.729,25615.085,25453.565,25585.319
2025.11.13,00:00,25585.237,25617.369,25539.949,25574.254
2025.11.13,04:00,25573.852,25580.975,25428.4,25482.721
2025.11.13,08:00,25478.001,25494.333,25059.47,25093.132
2025.11.13,12:00,25092.512,25154.572,24905.106,24998.62
2025.11.13,16:00,25000.11,25056.881,24994.032,25012.055
2025.11.13,20:00,25011.62,25058.75,24927.794,24941.458
2025.11.14,00:00,24941.511,25023.142,24806.077,24888.805
2025.11.14,04:00,24889.088,24940.881,24576.577,24629.305
2025.11.14,08:00,24628.436,25175.681,24531.794,25156.328
2025.11.14,12:00,25156.523,25200.758,24981.531,25013.718
2025.11.14,16:00,25014.925,25050.347,24986.059,25041.691
2025.11.16,16:00,25048.529,25155.779,24933.753,25143.077
2025.11.16,20:00,25143.631,25197.149,25110.381,25187.197
2025.11.17,00:00,25187.37,25273.529,25141.403,25268.164
2025.11.17,04:00,25267.708,25273.316,25024.816,25043.599
2025.11.17,08:00,25043.708,25166.294,24860.144,25106.334
2025.11.17,12:00,25107.509,25109.662,24646.62,24799.751
2025.11.17,16:00,24800.208,24869.279,24746.555,24767.742
2025.11.17,20:00,24770.327,24875.066,24523.664,24646.099
2025.11.18,00:00,24646.131,24771.522,24520.044,24720.088
2025.11.18,04:00,24719.783,24774.279,24574.642,24609.219
2025.11.18,08:00,24612.631,24746.5,24296.772,24567.984
2025.11.18,12:00,24566.82,24723.864,24410.779,24496.832
2025.11.18,16:00,24495.875,24547.794,24416.805,24474.708
2025.11.18,20:00,24474.511,24574.599,24410.631,24440.62
2025.11.19,00:00,24441.653,24569.827,24365.261,24508.555
2025.11.19,04:00,24508.708,24648.033,24487.903,24613.87
2025.11.19,08:00,24613.708,24905.208,24492.022,24635.766
2025.11.19,12:00,24635.599,24747.006,24429.822,24642.524
2025.11.19,16:00,24642.893,25077.077,24593.507,25042.969
2025.11.19,20:00,25043.099,25111.399,25018.914,25103.088
2025.11.20,00:00,25103.305,25124.577,25037.425,25048.381
2025.11.20,04:00,25050.642,25074.011,24938.522,25072.029
2025.11.20,08:00,25071.436,25221.939,24432.633,24473.982
2025.11.20,12:00,24473.286,24561.205,24020.897,24055.499
2025.11.20,16:00,24057.601,24131.399,23946.349,24109.055
2025.11.20,20:00,24108.903,24163.761,24024.936,24097.349
2025.11.21,00:00,24096.208,24141.011,23987.511,24133.425
2025.11.21,04:00,24133.969,24188.029,23831.011,24117.914
2025.11.21,08:00,24117.697,24300.639,23853.761,24299.891
2025.11.21,12:00,24299.38,24520.071,24130.908,24241.531
2025.11.21,16:00,24240.585,24280.584,24229.785,24251.073
2025.11.23,16:00,24415.525,24462.242,24335.327,24376.153
2025.11.23,20:00,24376.088,24453.029,24345.327,24383.055
2025.11.24,00:00,24382.958,24493.088,24376.414,24482.664
2025.11.24,04:00,24481.555,24493.077,24292.481,24436.272
2025.11.24,08:00,24436.164,24816.78,24422.131,24773.789
2025.11.24,12:00,24775.707,24920.138,24755.766,24864.79
2025.11.24,16:00,24864.453,24917.044,24850.011,24888.75
2025.11.24,20:00,24888.936,24893.305,24846.175,24865.392
2025.11.25,00:00,24865.555,24886.327,24787.131,24797.25
2025.11.25,04:00,24798.37,24906.272,24753.142,24842.029
2025.11.25,08:00,24841.947,24888.664,24533.899,24831.175
2025.11.25,12:00,24830.827,25066.381,24825.544,25011.649
2025.11.25,16:00,25010.772,25065.12,25000.914,25059.055
2025.11.25,20:00,25058.881,25134.197,25051.011,25106.686
2025.11.26,00:00,25106.555,25174.077,25105.555,25110.899
2025.11.26,04:00,25110.588,25152.914,25057.533,25113.772
2025.11.26,08:00,25113.425,25310.038,25074.37,25288.284
2025.11.26,12:00,25288.437,25302.935,25218.143,25233.294
2025.11.26,16:00,25233.219,25273.479,25231.816,25267.516
2025.11.26,20:00,25267.875,25276.479,25241.331,25261.972
2025.11.27,00:00,25262.114,25274.049,25230.353,25238.599
2025.11.27,04:00,25238.125,25263.755,25231.233,25234.211
2025.11.27,08:00,25234.147,25254.853,25223.266,25233.516
2025.11.27,12:00,25234.099,25239.849,25231.505,25237.005
2025.11.27,16:00,25250.458,25295.299,25245.686,25285.488
2025.11.27,20:00,25285.575,25310.52,25276.131,25291.161
2025.11.28,00:00,25291.15,25291.15,25291.15,25291.15
2025.11.28,08:00,25311.803,25379.939,25275.131,25369.269
2025.11.28,12:00,25369.317,25443.242,25336.38,25421.19
2025.11.30,16:00,25472.492,25479.992,25257.197,25270.533
2025.11.30,20:00,25269.686,25294.029,25176.631,25180.149
2025.12.01,00:00,25180.099,25292.12,25143.316,25256.903
2025.12.01,04:00,25256.761,25289.649,25159.653,25173.947
2025.12.01,08:00,25174.219,25398.713,25157.631,25383.649
2025.12.01,12:00,25383.213,25443.669,25304.723,25350.081
2025.12.01,16:00,25349.875,25376.447,25330.533,25359.87
2025.12.01,20:00,25360.044,25395.772,25300.403,25323.272
2025.12.02,00:00,25323.881,25378.011,25276.653,25372.349
2025.12.02,04:00,25371.0,25460.029,25370.577,25450.458
2025.12.02,08:00,25450.555,25621.149,25367.008,25461.661
2025.12.02,12:00,25461.911,25597.539,25449.422,25551.303
2025.12.02,16:00,25550.967,25592.272,25529.794,25580.208
2025.12.02,20:00,25580.381,25628.279,25578.12,25613.055
2025.12.03,00:00,25613.12,25630.142,25566.62,25613.164
2025.12.03,04:00,25613.011,25617.164,25559.0,25608.153
2025.12.03,08:00,25607.794,25630.153,25374.838,25514.666
2025.12.03,12:00,25514.547,25639.199,25509.511,25611.248
2025.12.03,16:00,25610.595,25621.25,25578.566,25588.958
2025.12.03,20:00,25589.175,25618.649,25570.131,25595.631
2025.12.04,00:00,25595.511,25625.675,25559.719,25590.305
2025.12.04,04:00,25590.164,25648.208,25567.62,25614.805
2025.12.04,08:00,25613.469,25688.186,25462.988,25597.626
2025.12.04,12:00,25597.339,25606.238,25445.69,25580.811
2025.12.04,16:00,25581.949,25616.011,25568.0,25613.838
2025.12.04,20:00,25614.327,25676.588,25612.099,25671.511
2025.12.05,00:00,25671.261,25714.779,25663.272,25684.338
2025.12.05,04:00,25684.186,25695.511,25648.511,25663.029
2025.12.05,08:00,25662.708,25826.533,25538.805,25691.369
2025.12.05,12:00,25689.439,25719.318,25626.552,25687.014
2025.12.05,16:00,25687.145,25704.549,25685.188,25695.002
2025.12.07,16:00,25714.492,25731.749,25664.033,25710.066
2025.12.07,20:00,25710.447,25766.219,25706.675,25762.279
2025.12.08,00:00,25762.219,25784.399,25731.936,25737.969
2025.12.08,04:00,25738.022,25774.403,25725.838,25767.088
2025.12.08,08:00,25766.892,25823.892,25592.236,25603.224
2025.12.08,12:00,25603.387,25659.01,25529.779,25632.762
2025.12.08,16:00,25631.794,25695.149,25619.718,25686.349
2025.12.08,20:00,25686.279,25695.399,25642.458,25654.708
2025.12.09,00:00,25655.164,25679.279,25614.099,25661.903
2025.12.09,04:00,25661.088,25662.529,25576.742,25630.783
2025.12.09,08:00,25628.838,25680.965,25527.175,25674.007
2025.12.09,12:00,25673.888,25700.181,25649.035,25668.68
2025.12.09,16:00,25669.529,25669.615,25620.936,25621.5
2025.12.09,20:00,25621.175,25679.892,25610.381,25664.153
2025.12.10,00:00,25663.936,25715.914,25639.099,25691.044
2025.12.10,04:00,25691.149,25703.947,25586.044,25618.719
2025.12.10,08:00,25618.936,25685.764,25500.215,25619.807
2025.12.10,12:00,25619.709,25833.778,25565.131,25769.43
2025.12.10,16:00,25769.256,25777.146,25644.775,25657.327
2025.12.10,20:00,25657.392,25657.392,25356.514,25481.631
2025.12.11,00:00,25481.838,25516.779,25445.599,25510.131
2025.12.11,04:00,25509.12,25674.149,25502.708,25665.899
2025.12.11,08:00,25664.794,25672.75,25364.153,25477.121
2025.12.11,12:00,25477.046,25697.738,25471.501,25687.989
2025.12.11,16:00,25688.314,25721.373,25623.75,25628.511
2025.12.11,20:00,25628.816,25684.827,25628.12,25640.283
2025.12.12,00:00,25639.849,25685.533,25633.011,25643.936
2025.12.12,04:00,25643.849,25648.805,25514.208,25549.142
2025.12.12,08:00,25548.87,25613.925,25102.351,25159.18
2025.12.12,12:00,25158.757,25353.001,25129.99,25193.679
2025.12.12,16:00,25192.705,25209.219,25182.98,25199.991
2025.12.14,16:00,25209.925,25231.175,25119.014,25220.5
2025.12.14,20:00,25220.529,25269.649,25207.5,25254.838
2025.12.15,00:00,25254.338,25277.399,25216.749,25270.664
2025.12.15,04:00,25269.47,25347.197,25260.261,25337.783
2025.12.15,08:00,25337.958,25394.447,25015.687,25142.595
2025.12.15,12:00,25142.181,25165.619,25060.298,25062.519
2025.12.15,16:00,25063.248,25104.522,24974.033,24985.779
2025.12.15,20:00,24985.37,24995.899,24836.522,24896.62
2025.12.16,00:00,24896.392,24945.099,24808.272,24936.87
2025.12.16,04:00,24934.219,25057.522,24899.425,25031.675
2025.12.16,08:00,25031.5,25141.261,24912.447,25068.316
2025.12.16,12:00,25068.708,25189.659,24908.12,25120.036
2025.12.16,16:00,25119.786,25122.618,25016.253,25055.044
2025.12.16,20:00,25055.327,25130.349,25055.327,25064.642
2025.12.17,00:00,25064.805,25186.599,25042.272,25166.029
2025.12.17,04:00,25166.219,25258.066,25153.153,25237.186
2025.12.17,08:00,25236.87,25247.283,24745.805,24796.349
2025.12.17,12:00,24797.175,24847.756,24650.525,24652.804
2025.12.17,16:00,24652.989,24762.892,24652.989,24751.533
2025.12.17,20:00,24751.686,24776.327,24667.175,24752.899
2025.12.18,00:00,24751.066,24837.469,24718.511,24819.219
2025.12.18,04:00,24817.794,24879.022,24795.447,24859.392
2025.12.18,08:00,24859.399,25164.229,24829.283,25140.391
2025.12.18,12:00,25139.042,25155.499,24943.275,25008.888
2025.12.18,16:00,25009.389,25030.969,24962.071,25008.697
2025.12.18,20:00,25008.272,25086.279,24976.577,25070.153
2025.12.19,00:00,25070.077,25152.033,25031.349,25134.969
2025.12.19,04:00,25135.044,25157.5,25043.75,25045.142
2025.12.19,08:00,25044.881,25363.925,25038.294,25266.936
2025.12.19,12:00,25266.827,25358.675,25264.033,25342.153
2025.12.19,16:00,25343.881,25357.033,25329.164,25342.5
2025.12.21,16:00,25424.014,25444.149,25394.142,25417.522
2025.12.21,20:00,25417.816,25461.458,25416.653,25443.0
2025.12.22,00:00,25443.153,25479.029,25424.969,25450.849
2025.12.22,04:00,25449.399,25501.149,25446.175,25498.827
2025.12.22,08:00,25499.697,25556.719,25392.697,25479.849
2025.12.22,12:00,25480.011,25491.827,25438.958,25453.077
2025.12.22,16:00,25453.555,25491.288,25453.555,25490.527
2025.12.22,20:00,25490.408,25506.419,25451.472,25456.581
2025.12.23,00:00,25456.7,25476.147,25421.961,25458.538
2025.12.23,04:00,25457.919,25496.897,25429.494,25453.005
2025.12.23,08:00,25453.125,25543.711,25376.897,25540.384
2025.12.23,12:00,25540.515,25587.439,25518.453,25578.058
2025.12.23,16:00,25579.2,25598.538,25574.605,25590.2
2025.12.23,20:00,25590.788,25596.277,25554.625,25555.038
2025.12.24,00:00,25554.82,25574.222,25551.972,25563.57
2025.12.24,04:00,25563.979,25591.494,25557.592,25590.299
2025.12.24,08:00,25589.972,25657.873,25558.408,25648.539
2025.12.24,12:00,25648.603,25665.098,25632.273,25642.841
2025.12.25,16:00,25659.536,25690.447,25646.914,25683.783
2025.12.25,20:00,25683.899,25696.697,25655.077,25659.153
2025.12.26,00:00,25659.414,25669.279,25623.566,25637.697
2025.12.26,04:00,25635.772,25677.599,25635.566,25670.316
2025.12.26,08:00,25670.403,25715.011,25614.947,25656.34
2025.12.26,12:00,25657.09,25679.139,25632.039,25647.177
2025.12.26,16:00,25646.273,25655.299,25642.502,25650.557
2025.12.28,16:00,25656.547,25677.838,25628.599,25675.62
2025.12.28,20:00,25675.055,25677.055,25609.5,25640.099
2025.12.29,00:00,25640.447,25640.447,25516.511,25523.279
2025.12.29,04:00,25528.649,25561.033,25518.12,25530.779
2025.12.29,08:00,25529.399,25602.794,25441.261,25483.266
2025.12.29,12:00,25483.015,25559.099,25437.694,25525.783
2025.12.29,16:00,25525.686,25531.899,25487.686,25491.0
2025.12.29,20:00,25491.719,25539.577,25483.849,25536.338
2025.12.30,00:00,25536.447,25541.761,25472.261,25526.555
2025.12.30,04:00,25526.899,25539.577,25489.838,25514.12
2025.12.30,08:00,25514.305,25579.28,25461.794,25507.121
2025.12.30,12:00,25506.403,25531.217,25456.235,25465.534
2025.12.30,16:00,25465.339,25482.029,25400.186,25408.779
2025.12.30,20:00,25408.349,25429.066,25382.186,25409.827
2025.12.31,00:00,25411.349,25419.816,25345.12,25351.272
2025.12.31,04:00,25349.642,25422.958,25348.761,25420.653
2025.12.31,08:00,25420.469,25508.099,25338.644,25399.314
2025.12.31,12:00,25399.586,25425.889,25239.248,25248.323
2025.12.31,16:00,25249.488,25270.429,25235.461,25248.531
2026.01.01,16:00,25284.236,25315.008,25251.236,25311.811
2026.01.01,20:00,25312.975,25436.583,25311.67,25425.05
2026.01.02,00:00,25425.497,25516.599,25412.605,25508.099
2026.01.02,04:00,25508.149,25540.055,25477.881,25500.0
2026.01.02,08:00,25500.197,25602.779,25105.229,25155.301
2026.01.02,12:00,25155.128,25268.685,25081.76,25199.449
2026.01.02,16:00,25200.454,25229.335,25196.21,25211.407
2026.01.04,16:00,25251.297,25297.186,25225.011,25285.522
2026.01.04,20:00,25285.649,25309.279,25268.414,25305.599
2026.01.05,00:00,25306.75,25373.653,25273.25,25329.522
2026.01.05,04:00,25329.283,25404.316,25313.599,25375.055
2026.01.05,08:00,25378.529,25521.394,25338.153,25472.579
2026.01.05,12:00,25472.35,25486.674,25365.004,25401.796
2026.01.05,16:00,25402.177,25414.577,25370.588,25381.272
2026.01.05,20:00,25380.197,25465.088,25373.164,25464.044
2026.01.06,00:00,25463.969,25491.399,25344.533,25389.37
2026.01.06,04:00,25389.099,25466.197,25374.511,25458.272
2026.01.06,08:00,25457.838,25592.999,25408.294,25513.752
2026.01.06,12:00,25513.198,25651.801,25493.09,25628.21
2026.01.06,16:00,25628.537,25661.779,25625.828,25646.522
2026.01.06,20:00,25647.153,25652.279,25598.283,25603.838
2026.01.07,00:00,25603.686,25617.149,25570.892,25571.044
2026.01.07,04:00,25571.149,25599.588,25544.349,25583.544
2026.01.07,08:00,25581.022,25788.824,25573.033,25787.369
2026.01.07,12:00,25787.352,25812.939,25636.042,25653.559
2026.01.07,16:00,25654.281,25672.729,25630.729,25665.788
2026.01.07,20:00,25665.875,25667.516,25593.364,25601.95
2026.01.08,00:00,25602.599,25626.733,25494.483,25603.875
2026.01.08,04:00,25603.788,25619.027,25562.261,25589.761
2026.01.08,08:00,25588.436,25640.555,25394.631,25495.837
2026.01.08,12:00,25495.401,25527.519,25423.603,25504.228
2026.01.08,16:00,25504.271,25554.899,25492.514,25494.186
2026.01.08,20:00,25494.077,25521.772,25455.642,25505.75
2026.01.09,00:00,25505.969,25529.653,25480.5,25502.316
2026.01.09,04:00,25502.164,25594.399,25489.772,25576.0
2026.01.09,08:00,25577.011,25745.737,25443.12,25735.726
2026.01.09,12:00,25736.193,25812.289,25711.669,25759.668
2026.01.09,16:00,25760.505,25770.694,25754.14,25760.817
2026.01.11,16:00,25775.797,25777.547,25603.458,25619.5
2026.01.11,20:00,25618.37,25627.447,25541.131,25557.099
2026.01.12,00:00,25557.305,25582.131,25466.186,25492.511
2026.01.12,04:00,25496.533,25593.279,25493.772,25584.783
2026.01.12,08:00,25584.686,25799.808,25552.599,25791.181
2026.01.12,12:00,25790.463,25851.296,25770.886,25782.93
2026.01.12,16:00,25782.659,25795.348,25706.142,25709.708
2026.01.12,20:00,25709.588,25731.649,25680.783,25719.816
2026.01.13,00:00,25720.261,25766.805,25712.033,25740.425
2026.01.13,04:00,25740.631,25771.088,25705.555,25729.5
2026.01.13,08:00,25729.381,25879.783,25644.529,25842.234
2026.01.13,12:00,25842.332,25851.249,25640.393,25738.085
2026.01.13,16:00,25739.108,25760.951,25720.87,25743.544
2026.01.13,20:00,25743.899,25762.279,25709.87,25718.533
2026.01.14,00:00,25718.316,25719.529,25672.153,25694.294
2026.01.14,04:00,25694.37,25714.892,25538.055,25615.675
2026.01.14,08:00,25615.029,25638.231,25281.061,25301.043
2026.01.14,12:00,25300.51,25477.539,25262.251,25472.426
2026.01.14,16:00,25470.653,25491.889,25400.555,25440.149
2026.01.14,20:00,25439.719,25480.153,25400.022,25415.87
2026.01.15,00:00,25416.175,25584.719,25413.87,25577.338
2026.01.15,04:00,25576.87,25694.914,25572.947,25691.925
2026.01.15,08:00,25691.599,25791.529,25640.455,25759.61
2026.01.15,12:00,25760.019,25772.478,25516.738,25552.786
2026.01.15,16:00,25553.765,25608.675,25536.363,25606.849
2026.01.15,20:00,25608.044,25656.779,25594.925,25656.25
2026.01.16,00:00,25656.469,25690.779,25640.794,25662.37
2026.01.16,04:00,25662.327,25718.149,25651.649,25676.197
2026.01.16,08:00,25676.327,25735.87,25437.305,25561.926
2026.01.16,12:00,25561.991,25590.599,25499.209,25527.799
2026.01.16,16:00,25527.341,25544.987,25514.084,25521.87
2026.01.18,16:00,25305.282,25313.837,25219.163,25272.159
2026.01.18,20:00,25272.109,25293.609,25207.576,25222.793
2026.01.19,00:00,25222.609,25262.289,25168.891,25233.554
2026.01.19,04:00,25234.304,25239.289,25100.641,25171.804
2026.01.19,08:00,25171.424,25226.659,25079.663,25221.468
2026.01.19,12:00,25221.598,25259.859,25215.663,25243.902
2026.01.19,16:00,25229.264,25250.87,25171.599,25207.794
2026.01.19,20:00,25208.447,25284.338,25208.447,25226.936
2026.01.20,00:00,25227.088,25258.827,25015.653,25049.566
2026.01.20,04:00,25049.381,25132.055,24944.849,25106.131
2026.01.20,08:00,25107.011,25283.646,25029.914,25253.312
2026.01.20,12:00,25251.8,25260.298,24953.438,24996.057
2026.01.20,16:00,24995.371,25042.475,24960.769,25035.725
2026.01.20,20:00,25035.475,25084.061,25024.931,25053.329
2026.01.21,00:00,25052.975,25103.329,25042.997,25060.92
2026.01.21,04:00,25060.866,25081.877,24882.086,24942.855
2026.01.21,08:00,24942.931,25348.472,24898.258,25087.708
2026.01.21,12:00,25087.512,25502.64,25002.58,25324.731
2026.01.21,16:00,25326.507,25439.419,25326.507,25417.375
2026.01.21,20:00,25417.766,25460.479,25410.364,25432.766
2026.01.22,00:00,25432.592,25564.799,25341.125,25541.016
2026.01.22,04:00,25541.222,25573.233,25517.158,25548.95
2026.01.22,08:00,25548.979,25597.479,25394.983,25525.509
2026.01.22,12:00,25525.128,25576.262,25442.643,25519.584
2026.01.22,16:00,25519.449,25532.673,25442.869,25518.194
2026.01.22,20:00,25518.075,25572.429,25513.194,25564.227
2026.01.23,00:00,25564.369,25595.847,25445.27,25465.4
2026.01.23,04:00,25465.672,25522.064,25404.803,25492.608
2026.01.23,08:00,25492.672,25709.244,25421.466,25651.399
2026.01.23,12:00,25651.453,25670.555,25548.83,25601.122
2026.01.23,16:00,25600.23,25604.0,25568.456,25569.539
2026.01.25,16:00,25371.783,25487.458,25255.525,25452.649
2026.01.25,20:00,25455.149,25538.447,25440.761,25505.077
2026.01.26,00:00,25505.305,25611.686,25496.75,25597.649
2026.01.26,04:00,25596.892,25604.399,25452.066,25557.283
2026.01.26,08:00,25557.599,25794.049,25527.631,25772.433
2026.01.26,12:00,25772.238,25796.745,25709.136,25712.562
2026.01.26,16:00,25712.519,25774.279,25702.566,25770.153
2026.01.26,20:00,25768.849,25874.077,25766.87,25860.958
2026.01.27,00:00,25860.838,25899.719,25838.772,25855.816
2026.01.27,04:00,25855.544,25914.279,25839.142,25875.686
2026.01.27,08:00,25874.947,25973.926,25788.969,25946.555
2026.01.27,12:00,25946.914,25982.416,25907.069,25943.251
2026.01.27,16:00,25943.089,26078.697,25929.308,26076.827
2026.01.27,20:00,26078.011,26098.849,26063.349,26090.5
2026.01.28,00:00,26090.305,26219.0,26090.033,26150.197
2026.01.28,04:00,26149.958,26196.947,26123.029,26151.142
2026.01.28,08:00,26151.37,26176.022,25971.473,25986.961
2026.01.28,12:00,25987.147,26081.649,25981.485,26018.603
2026.01.28,16:00,26018.789,26166.203,25866.743,26035.008
2026.01.28,20:00,26037.061,26105.579,25958.311,26100.366
2026.01.29,00:00,26100.497,26152.42,26083.072,26121.519
2026.01.29,04:00,26121.399,26145.105,26029.042,26047.616
2026.01.29,08:00,26048.008,26076.105,25410.794,25591.986
2026.01.29,12:00,25591.811,25895.89,25589.626,25868.929
2026.01.29,16:00,25869.683,25900.279,25765.547,25811.399
2026.01.29,20:00,25811.316,25815.055,25617.947,25740.305
2026.01.30,00:00,25741.447,25768.033,25563.675,25649.544
2026.01.30,04:00,25648.87,25786.577,25531.381,25727.414
2026.01.30,08:00,25727.131,25820.381,25628.531,25641.701
2026.01.30,12:00,25640.995,25679.509,25454.7,25553.239
2026.01.30,16:00,25556.332,25589.906,25508.998,25534.917
2026.02.01,16:00,25387.779,25532.088,25261.047,25491.779
2026.02.01,20:00,25491.403,25523.469,25103.936,25229.555
2026.02.02,00:00,25229.392,25309.219,25068.279,25288.044
2026.02.02,04:00,25288.381,25413.529,25242.511,25374.779
2026.02.02,08:00,25374.066,25797.656,25342.914,25778.206
2026.02.02,12:00,25777.858,25833.119,25707.511,25741.133
2026.02.02,16:00,25740.759,25873.669,25721.909,25841.994
2026.02.02,20:00,25841.788,25879.505,25789.853,25868.777
2026.02.03,00:00,25868.82,25916.849,25841.214,25866.136
2026.02.03,04:00,25866.229,25899.353,25812.114,25871.353
2026.02.03,08:00,25871.2,25892.081,25361.77,25384.803
2026.02.03,12:00,25384.727,25395.353,25111.788,25337.142
2026.02.03,16:00,25338.74,25364.914,25258.681,25272.233
2026.02.03,20:00,25272.483,25369.729,25272.342,25330.125
2026.02.04,00:00,25330.038,25410.7,25297.538,25322.479
2026.02.04,04:00,25322.331,25386.799,25252.57,25302.669
2026.02.04,08:00,25300.961,25313.027,24824.892,24931.131
2026.02.04,12:00,24929.719,25017.338,24680.097,24896.76
2026.02.04,16:00,24898.011,25035.327,24775.689,25007.892
2026.02.04,20:00,25008.522,25069.153,24816.447,24911.149
2026.02.05,00:00,24911.805,25024.399,24863.447,24900.599
2026.02.05,04:00,24899.62,24996.849,24608.469,24693.447
2026.02.05,08:00,24693.577,24860.044,24449.799,24731.337
2026.02.05,12:00,24731.021,24788.038,24468.445,24540.236
2026.02.05,16:00,24539.811,24589.429,24149.816,24309.149
2026.02.05,20:00,24308.697,24484.153,24249.47,24362.392
2026.02.06,00:00,24363.0,24521.414,24339.511,24492.294
2026.02.06,04:00,24492.555,24781.279,24470.588,24690.838
2026.02.06,08:00,24691.708,24959.288,24609.783,24910.897
2026.02.06,12:00,24911.092,25132.089,24897.407,25056.779
2026.02.06,16:00,25056.339,25075.364,25035.018,25040.118
2026.02.08,16:00,25077.981,25259.936,25077.981,25176.533
2026.02.08,20:00,25176.469,25178.719,25094.022,25100.87
2026.02.09,00:00,25100.458,25141.958,25034.392,25074.75
2026.02.09,04:00,25074.272,25098.899,24881.577,25014.87
2026.02.09,08:00,25013.849,25315.799,24869.164,25303.056
2026.02.09,12:00,25302.828,25338.846,25224.819,25251.526
2026.02.09,16:00,25250.918,25310.066,25227.338,25249.642
2026.02.09,20:00,25249.779,25266.349,25193.425,25259.349
2026.02.10,00:00,25259.827,25280.903,25206.588,25248.588
2026.02.10,04:00,25248.294,25336.279,25247.892,25252.925
2026.02.10,08:00,25253.055,25361.044,25170.75,25241.61
2026.02.10,12:00,25240.687,25312.129,25113.903,25134.332
2026.02.10,16:00,25134.832,25213.816,25123.525,25207.87
2026.02.10,20:00,25208.208,25262.153,25208.022,25224.044
2026.02.11,00:00,25223.87,25243.044,25127.5,25167.849
2026.02.11,04:00,25167.914,25195.719,25064.783,25164.425
2026.02.11,08:00,25164.816,25382.529,24976.609,25099.149
2026.02.11,12:00,25097.257,25276.386,25060.688,25194.669
2026.02.11,16:00,25195.293,25224.095,25126.17,25185.105
2026.02.11,20:00,25186.355,25259.079,25162.3,25246.072
2026.02.12,00:00,25245.899,25288.714,25212.214,25273.329
2026.02.12,04:00,25273.17,25303.829,25249.627,25276.344
2026.02.12,08:00,25276.42,25339.333,24727.813,24800.941
2026.02.12,12:00,24801.127,24863.442,24642.57,24686.675
2026.02.12,16:00,24683.162,24790.5,24636.381,24658.219
2026.02.12,20:00,24658.338,24758.653,24656.936,24683.761
2026.02.13,00:00,24684.566,24710.414,24570.675,24701.827
2026.02.13,04:00,24702.088,24735.029,24552.925,24622.425
2026.02.13,08:00,24622.208,24861.619,24506.631,24823.262
2026.02.13,12:00,24822.599,24923.158,24661.74,24733.725
2026.02.13,16:00,24731.877,24756.867,24705.38,24727.56
2026.02.15,16:00,24723.253,24781.305,24687.22,24766.969
2026.02.15,20:00,24767.186,24805.029,24740.881,24758.044
2026.02.16,00:00,24758.175,24833.805,24726.599,24825.544
2026.02.16,04:00,24825.631,24851.0,24772.469,24800.87
2026.02.16,08:00,24800.849,24805.899,24601.761,24658.631
2026.02.16,12:00,24656.511,24700.511,24644.414,24666.25
2026.02.16,16:00,24679.753,24771.838,24671.003,24718.436
2026.02.16,20:00,24718.631,24754.511,24506.12,24553.029
2026.02.17,00:00,24552.958,24656.664,24488.881,24570.653
2026.02.17,04:00,24570.599,24628.044,24503.12,24515.414
2026.02.17,08:00,24515.294,24745.75,24381.642,24691.057
2026.02.17,12:00,24690.568,24819.779,24542.062,24708.357
2026.02.17,16:00,24707.335,24726.763,24637.49,24661.339
2026.02.17,20:00,24661.023,24774.889,24644.545,24771.001
2026.02.18,00:00,24770.915,24850.519,24737.382,24838.709
2026.02.18,04:00,24838.556,24896.519,24779.404,24825.198
2026.02.18,08:00,24825.012,25047.579,24687.36,24994.203
2026.02.18,12:00,24994.019,25059.794,24791.411,24891.732
2026.02.18,16:00,24891.178,24928.044,24850.577,24880.903
2026.02.18,20:00,24880.708,24932.783,24871.392,24889.5
2026.02.19,00:00,24889.37,24987.208,24874.142,24888.208
2026.02.19,04:00,24887.925,24906.761,24748.381,24802.077
2026.02.19,08:00,24802.261,24892.499,24697.0,24778.341
2026.02.19,12:00,24778.711,24838.106,24685.527,24796.497
2026.02.19,16:00,24796.279,24854.175,24767.392,24842.805
2026.02.19,20:00,24842.261,24876.399,24820.011,24842.805
2026.02.20,00:00,24843.099,24897.529,24838.142,24877.794
2026.02.20,04:00,24878.447,24925.577,24732.164,24771.077
2026.02.20,08:00,24770.947,25079.439,24620.588,25037.551
2026.02.20,12:00,25037.236,25059.842,24822.3,25015.777
2026.02.20,16:00,25013.504,25027.487,25004.35,25018.361
2026.02.22,16:00,24960.22,24999.775,24791.533,24796.349
2026.02.22,20:00,24794.37,24825.186,24753.664,24776.566
2026.02.23,00:00,24777.099,24876.899,24750.522,24872.599
2026.02.23,04:00,24872.827,24946.899,24827.294,24847.947
2026.02.23,08:00,24847.37,24982.719,24613.843,24681.121
2026.02.23,12:00,24681.012,24764.409,24623.242,24711.721
2026.02.23,16:00,24712.526,24772.469,24702.926,24764.197
2026.02.23,20:00,24763.261,24832.011,24743.153,24824.033
2026.02.24,00:00,24824.529,24835.305,24709.533,24740.149
2026.02.24,04:00,24739.783,24848.219,24737.011,24765.142
2026.02.24,08:00,24765.588,24990.259,24644.566,24972.77
2026.02.24,12:00,24973.314,25022.528,24933.145,24977.108
2026.02.24,16:00,24975.563,25023.764,24942.003,25020.499
2026.02.24,20:00,25020.405,25063.275,24949.47,24999.677
2026.02.25,00:00,24999.905,25039.499,24967.111,25022.879
2026.02.25,04:00,25020.883,25098.166,25004.449,25087.916
2026.02.25,08:00,25088.558,25309.058,25073.372,25265.026
2026.02.25,12:00,25265.178,25346.306,25262.916,25334.05
2026.02.25,16:00,25333.582,25370.75,25227.761,25268.653
2026.02.25,20:00,25268.892,25275.958,25218.0,25253.338
2026.02.26,00:00,25253.436,25345.149,25236.142,25302.664
2026.02.26,04:00,25301.697,25354.529,25298.381,25326.316
2026.02.26,08:00,25326.555,25367.899,24818.562,24918.267
2026.02.26,12:00,24918.148,25052.039,24845.715,25035.734
2026.02.26,16:00,25034.342,25042.969,24912.503,24943.981
2026.02.26,20:00,24943.938,24993.629,24928.242,24981.166
2026.02.27,00:00,24981.069,25045.499,24949.405,25025.069
2026.02.27,04:00,25024.879,25056.379,24855.6,24878.177
2026.02.27,08:00,24877.97,24979.46,24740.558,24926.2
2026.02.27,12:00,24926.755,24992.765,24832.429,24953.838
2026.02.27,16:00,24954.599,24955.566,24921.062,24931.706
2026.03.01,16:00,24624.836,24774.699,24622.77,24746.811
2026.03.01,20:00,24746.942,24861.449,24701.097,24720.258
2026.03.02,00:00,24718.725,24729.692,24438.333,24523.703
2026.03.02,04:00,24523.855,24689.181,24513.116,24590.269
2026.03.02,08:00,24589.964,25004.938,24556.127,24994.005
2026.03.02,12:00,24993.961,25059.122,24908.79,24983.108
2026.03.02,16:00,24982.911,24989.06,24889.142,24894.011
2026.03.02,20:00,24894.208,24923.533,24752.242,24774.033
2026.03.03,00:00,24774.219,24792.522,24469.142,24479.783
2026.03.03,04:00,24480.12,24569.5,24333.981,24546.197
2026.03.03,08:00,24546.499,24686.758,24315.588,24634.254
2026.03.03,12:00,24634.34,24811.164,24565.977,24718.84
2026.03.03,16:00,24719.09,24767.099,24635.294,24713.131
2026.03.03,20:00,24713.066,24736.533,24490.283,24553.279
2026.03.04,00:00,24552.816,24652.892,24464.283,24610.066
2026.03.04,04:00,24610.283,24859.305,24586.642,24765.642
2026.03.04,08:00,24765.12,25133.386,24760.675,25109.471
2026.03.04,12:00,25109.407,25181.669,25069.636,25087.116
2026.03.04,16:00,25087.497,25207.969,25057.546,25173.783
2026.03.04,20:00,25176.447,25182.899,24991.153,25068.219
2026.03.05,00:00,25068.649,25069.892,24939.099,25016.066
2026.03.05,04:00,25016.529,25170.794,25003.186,25035.011
2026.03.05,08:00,25034.5,25171.87,24899.536,25008.003
2026.03.05,12:00,25007.861,25087.37,24741.453,25013.764
2026.03.05,16:00,25014.819,25067.349,24970.812,25044.331
2026.03.05,20:00,25044.19,25107.756,25008.451,25079.201
2026.03.06,00:00,25079.719,25111.539,25003.919,25044.147
2026.03.06,04:00,25043.94,25051.995,24775.984,24805.969
2026.03.06,08:00,24805.82,24886.986,24582.886,24852.509
2026.03.06,12:00,24851.932,24892.329,24577.085,24639.526
2026.03.06,16:00,24639.124,24649.395,24596.94,24628.888
2026.03.08,16:00,24426.558,24426.558,24065.97,24091.779
2026.03.08,20:00,24091.794,24111.149,23973.761,24074.544
2026.03.09,00:00,24074.697,24310.533,24059.642,24286.349
2026.03.09,04:00,24286.577,24468.392,24257.881,24353.327
2026.03.09,08:00,24353.0,24719.919,24287.055,24680.01
2026.03.09,12:00,24680.293,25022.429,24546.881,24931.555
2026.03.09,16:00,24948.788,24948.788,24805.549,24907.505
2026.03.09,20:00,24907.114,24971.549,24827.016,24876.722
2026.03.10,00:00,24875.788,25119.027,24875.788,25059.299
2026.03.10,04:00,25059.386,25107.103,24865.331,24941.766
2026.03.10,08:00,24941.038,25152.774,24868.147,25127.295
2026.03.10,12:00,25127.023,25188.771,24913.369,25005.544
2026.03.10,16:00,24985.553,25060.811,24927.061,25036.725
2026.03.10,20:00,25036.844,25098.55,25026.627,25066.464
2026.03.11,00:00,25066.649,25070.638,24909.399,24941.269
2026.03.11,04:00,24941.116,25018.519,24870.877,24920.442
2026.03.11,08:00,24926.17,25107.699,24866.575,24983.09
2026.03.11,12:00,24982.242,25000.078,24850.829,24939.74
2026.03.11,16:00,24923.319,24923.319,24713.055,24770.283
2026.03.11,20:00,24771.088,24821.219,24676.458,24697.969
2026.03.12,00:00,24697.642,24881.149,24696.936,24856.969
2026.03.12,04:00,24857.197,24907.649,24781.305,24813.219
2026.03.12,08:00,24813.392,24832.279,24541.929,24642.719
2026.03.12,12:00,24642.534,24703.547,24520.78,24533.286
2026.03.12,16:00,24560.749,24625.399,24476.708,24609.197
2026.03.12,20:00,24609.403,24644.436,24547.283,24558.827
2026.03.13,00:00,24559.349,24582.511,24380.775,24496.403
2026.03.13,04:00,24497.469,24717.261,24494.029,24665.033
2026.03.13,08:00,24664.958,24788.327,24371.875,24380.833
2026.03.13,12:00,24381.007,24457.532,24334.587,24346.755
2026.03.15,16:00,24296.003,24510.925,24281.481,24496.164
2026.03.15,20:00,24496.779,24534.75,24454.481,24492.794
2026.03.16,00:00,24492.664,24569.149,24483.514,24514.631
2026.03.16,04:00,24514.892,24674.279,24464.022,24643.447
2026.03.16,08:00,24643.838,24746.872,24601.603,24657.886
2026.03.16,12:00,24658.908,24796.616,24619.708,24663.015
2026.03.16,16:00,24645.719,24655.814,24579.153,24589.042
2026.03.16,20:00,24589.679,24624.119,24555.653,24612.358
2026.03.17,00:00,24612.477,24629.549,24506.12,24543.936
2026.03.17,04:00,24543.544,24711.794,24543.544,24704.219
2026.03.17,08:00,24704.392,24882.37,24701.231,24764.686
2026.03.17,12:00,24764.555,24826.474,24750.743,24795.301
2026.03.17,16:00,24793.47,24852.5,24761.208,24849.316
2026.03.17,20:00,24849.599,24918.75,24849.599,24909.903
2026.03.18,00:00,24910.12,24981.099,24905.936,24942.077
2026.03.18,04:00,24941.761,24968.066,24640.903,24651.349
2026.03.18,08:00,24649.186,24768.219,24587.113,24618.285
2026.03.18,12:00,24618.73,24688.347,24392.74,24399.052
2026.03.18,16:00,24402.764,24422.338,24341.022,24397.881
2026.03.18,20:00,24397.772,24503.719,24379.099,24408.066
2026.03.19,00:00,24408.958,24426.077,24284.12,24324.088
2026.03.19,04:00,24324.399,24429.0,24201.958,24225.033
2026.03.19,08:00,24225.186,24358.239,24106.175,24237.083
2026.03.19,12:00,24236.582,24470.271,24162.232,24388.878
2026.03.19,16:00,24430.719,24441.077,24365.011,24380.783
2026.03.19,20:00,24381.219,24442.772,24367.414,24368.414
2026.03.20,00:00,24368.522,24397.779,24265.131,24341.349
2026.03.20,04:00,24341.761,24367.631,24102.283,24278.947
2026.03.20,08:00,24279.055,24309.719,24019.186,24059.959
2026.03.20,12:00,24060.427,24079.709,23758.867,23931.653
2026.03.22,16:00,23688.403,23883.029,23677.72,23737.272
2026.03.22,20:00,23736.903,23860.186,23724.5,23784.399
2026.03.23,00:00,23784.0,23820.838,23561.033,23719.219
2026.03.23,04:00,23719.37,24488.521,23603.197,24396.964
2026.03.23,08:00,24397.742,24465.953,24091.108,24151.289
2026.03.23,12:00,24151.02,24318.819,24093.997,24193.875
2026.03.23,16:00,24192.308,24272.253,24051.942,24107.321
2026.03.23,20:00,24108.419,24109.253,24006.275,24040.965
2026.03.24,00:00,24040.476,24289.599,23976.887,24163.12
2026.03.24,04:00,24163.414,24219.588,24050.892,24065.077
2026.03.24,08:00,24065.327,24173.375,23920.447,24068.854
2026.03.24,12:00,24068.808,24137.832,23951.243,24025.076
2026.03.24,16:00,24227.864,24282.632,24170.709,24238.253
2026.03.24,20:00,24238.098,24257.308,24110.131,24208.021
2026.03.25,00:00,24208.143,24323.376,24114.264,24228.887
2026.03.25,04:00,24229.165,24328.887,24162.786,24237.686
2026.03.25,08:00,24238.319,24315.589,24075.189,24209.097
2026.03.25,12:00,24208.676,24280.153,24099.076,24159.953
2026.03.25,16:00,24141.521,24198.499,24072.732,24143.709
2026.03.25,20:00,24144.476,24209.231,24039.075,24113.465
2026.03.26,00:00,24114.319,24128.899,23945.025,23986.219
2026.03.26,04:00,23985.708,23994.349,23867.772,23910.544
2026.03.26,08:00,23910.099,24028.838,23767.954,23794.887
2026.03.26,12:00,23795.213,23814.533,23564.318,23699.969
2026.03.26,16:00,23659.975,23712.866,23612.953,23624.181
2026.03.26,20:00,23623.8,23726.725,23612.638,23722.561
2026.03.27,00:00,23722.703,23781.322,23577.572,23584.453
2026.03.27,04:00,23585.061,23618.92,23403.833,23419.964
2026.03.27,08:00,23421.692,23469.329,23251.997,23288.457
2026.03.27,12:00,23288.338,23307.73,23086.218,23096.806
2026.03.29,16:00,23029.731,23059.664,22954.569,23027.25
2026.03.29,20:00,22946.077,23124.761,22913.5,23114.37
2026.03.30,00:00,23115.149,23233.947,23107.044,23216.838
2026.03.30,04:00,23216.25,23336.058,23192.708,23277.969
2026.03.30,08:00,23279.719,23356.131,23080.042,23188.921
2026.03.30,12:00,23189.063,23194.759,22841.095,22952.202
2026.03.30,16:00,22951.469,22964.686,22841.969,22863.077
2026.03.30,20:00,22863.447,23221.099,22780.544,23136.969
2026.03.31,00:00,23136.664,23189.208,23052.272,23187.838
2026.03.31,04:00,23187.022,23208.197,23056.12,23177.425
2026.03.31,08:00,23183.5,23404.522,23129.881,23262.883
2026.03.31,12:00,23262.525,23789.548,23253.47,23731.049
2026.03.31,16:00,23729.896,23865.302,23688.441,23857.059
2026.03.31,20:00,23856.716,23867.291,23776.118,23800.118
2026.04.01,00:00,23801.683,24000.672,23798.65,23897.835
2026.04.01,04:00,23897.727,24025.052,23823.661,24010.107
2026.04.01,08:00,24009.929,24139.78,23856.552,24127.466
2026.04.01,12:00,24127.302,24161.822,23938.59,24017.807
2026.04.01,16:00,24017.393,24031.859,23982.87,24008.306
2026.04.01,20:00,24008.425,24070.339,23640.251,23646.251
2026.04.02,00:00,23646.769,23705.795,23577.262,23703.578
2026.04.02,04:00,23704.534,23706.519,23507.751,23508.012
2026.04.02,08:00,23509.317,24038.697,23491.653,23960.87
2026.04.02,12:00,23960.899,24050.131,23882.664,24045.903
2026.04.02,16:00,24045.839,24053.708,24024.881,24035.001
2026.04.05,16:00,23893.558,23924.838,23809.022,23919.164
2026.04.05,20:00,23919.272,24154.033,23914.753,24039.708
2026.04.06,00:00,24039.783,24152.899,24034.753,24137.149
2026.04.06,04:00,24136.697,24225.425,24110.316,24133.816
2026.04.06,08:00,24133.697,24274.175,24074.544,24149.012
2026.04.06,12:00,24148.37,24200.522,24033.463,24190.691
2026.04.06,16:00,24191.329,24213.283,24129.338,24130.381
2026.04.06,20:00,24130.522,24188.816,23983.481,24051.283
2026.04.07,00:00,24051.142,24092.969,24029.153,24077.12
2026.04.07,04:00,24077.305,24250.947,24008.588,24041.197
2026.04.07,08:00,24042.511,24122.149,23776.334,23941.571
2026.04.07,12:00,23941.529,24211.276,23910.533,24199.986
2026.04.07,16:00,24200.453,24919.844,24177.521,24884.605
2026.04.07,20:00,24885.497,24952.083,24842.019,24936.322
2026.04.08,00:00,24936.699,25031.377,24936.3,24971.747
2026.04.08,04:00,24971.703,25075.199,24964.399,25039.105
2026.04.08,08:00,25039.449,25086.475,24752.103,24903.216
2026.04.08,12:00,24902.824,24982.784,24768.718,24906.354
2026.04.08,16:00,24906.099,24920.267,24841.653,24854.4
2026.04.08,20:00,24854.549,24877.683,24809.369,24847.249
2026.04.09,00:00,24848.65,24886.27,24793.672,24814.031
2026.04.09,04:00,24814.781,24866.869,24781.553,24858.292
2026.04.09,08:00,24858.216,25023.696,24787.115,25016.478
2026.04.09,12:00,25016.184,25096.48,24974.514,25078.129
2026.04.09,16:00,25077.939,25089.457,25028.174,25059.402
2026.04.09,20:00,25058.38,25137.043,25040.796,25126.109
2026.04.10,00:00,25126.039,25128.609,25056.315,25077.163
2026.04.10,04:00,25077.271,25135.968,25038.13,25103.391
2026.04.10,08:00,25104.446,25227.685,25080.293,25099.304
2026.04.10,12:00,25099.718,25136.457,25057.232,25116.849
2026.04.10,16:00,25116.936,25134.378,25109.394,25127.689
2026.04.12,16:00,24772.308,24854.779,24759.219,24818.642
2026.04.12,20:00,24818.903,24925.588,24785.099,24895.533
2026.04.13,00:00,24895.142,24963.316,24887.522,24936.653
2026.04.13,04:00,24936.827,25013.149,24920.283,24925.279
2026.04.13,08:00,24924.925,25194.843,24909.153,25145.92
2026.04.13,12:00,25145.42,25386.604,25119.308,25374.527
2026.04.13,16:00,25374.429,25457.779,25369.992,25425.149
2026.04.13,20:00,25425.219,25439.12,25399.37,25422.62
2026.04.14,00:00,25422.0,25482.25,25403.892,25458.099
2026.04.14,04:00,25457.414,25525.529,25449.675,25505.87
2026.04.14,08:00,25506.305,25736.846,25491.392,25713.577
2026.04.14,12:00,25713.294,25836.071,25710.978,25835.489
2026.04.14,16:00,25835.145,25873.449,25806.957,25856.079
2026.04.14,20:00,25856.127,25880.008,25828.681,25859.464
2026.04.15,00:00,25859.377,25894.449,25803.75,25841.25
2026.04.15,04:00,25841.708,25875.149,25771.719,25834.686
2026.04.15,08:00,25834.936,26052.243,25797.761,26032.954
2026.04.15,12:00,26033.107,26212.591,25936.037,26199.0
2026.04.15,16:00,26199.414,26253.805,26169.571,26245.827
2026.04.15,20:00,26245.903,26303.87,26229.761,26282.327
2026.04.16,00:00,26282.186,26325.055,26255.631,26298.088
2026.04.16,04:00,26297.892,26304.029,26203.5,26257.349
2026.04.16,08:00,26257.522,26378.235,26115.272,26370.946
2026.04.16,12:00,26371.294,26400.589,26194.097,26323.122
2026.04.16,16:00,26323.057,26333.469,26279.33,26325.022
2026.04.16,20:00,26326.219,26342.653,26295.316,26304.75
2026.04.17,00:00,26304.914,26338.349,26288.783,26336.175
2026.04.17,04:00,26336.675,26415.088,26323.903,26412.816
2026.04.17,08:00,26413.149,26716.869,26407.914,26644.36
2026.04.17,12:00,26644.176,26720.11,26576.709,26667.65
2026.04.17,16:00,26668.129,26681.918,26662.145,26680.166
2026.04.19,16:00,26437.275,26524.87,26378.22,26501.533
2026.04.19,20:00,26501.805,26557.529,26459.577,26522.316
2026.04.20,00:00,26522.011,26563.827,26455.664,26511.75
2026.04.20,04:00,26510.881,26570.794,26462.25,26553.029
2026.04.20,08:00,26553.761,26668.197,26411.648,26502.108
2026.04.20,12:00,26502.325,26594.191,26484.018,26588.19
2026.04.20,16:00,26588.006,26662.142,26578.764,26641.533
2026.04.20,20:00,26643.392,26682.566,26631.022,26657.447
2026.04.21,00:00,26657.529,26702.279,26651.511,26658.969
2026.04.21,04:00,26659.0,26746.816,26643.197,26716.75
2026.04.21,08:00,26716.577,26730.279,26508.399,26576.899
2026.04.21,12:00,26577.279,26631.568,26399.352,26488.539
2026.04.21,16:00,26487.978,26639.194,26448.496,26622.835
2026.04.21,20:00,26623.074,26681.809,26621.194,26657.161
2026.04.22,00:00,26657.28,26714.059,26619.835,26694.955
2026.04.22,04:00,26695.835,26711.999,26629.607,26683.357
2026.04.22,08:00,26683.107,26855.87,26662.661,26828.458
2026.04.22,12:00,26828.899,26940.568,26804.804,26928.057
2026.04.22,16:00,26928.318,26982.62,26918.46,26948.327
2026.04.22,20:00,26949.936,26951.149,26701.066,26760.142
2026.04.23,00:00,26760.066,26866.349,26745.761,26849.029
2026.04.23,04:00,26849.399,26901.208,26742.697,26884.664
2026.04.23,08:00,26881.197,27005.929,26817.566,26943.069
2026.04.23,12:00,26943.319,26967.478,26535.103,26777.606
2026.04.23,16:00,26777.399,26938.779,26761.024,26938.511
2026.04.23,20:00,26944.149,26993.75,26881.566,26889.522
2026.04.24,00:00,26889.649,26972.399,26875.186,26967.011
2026.04.24,04:00,26965.544,27221.186,26922.055,27132.914
2026.04.24,08:00,27133.849,27269.142,26988.414,27254.529
2026.04.24,12:00,27254.142,27313.769,27217.969,27295.429
2026.04.24,16:00,27295.21,27300.955,27270.6,27276.036
2026.04.26,16:00,27260.731,27282.72,27208.349,27248.75
2026.04.26,20:00,27249.577,27405.779,27243.436,27389.327
2026.04.27,00:00,27388.805,27404.12,27270.499,27290.077
2026.04.27,04:00,27289.816,27363.779,27252.87,27345.153
2026.04.27,08:00,27345.838,27346.529,27162.588,27229.859
2026.04.27,12:00,27229.026,27314.148,27210.759,27307.189
2026.04.27,16:00,27307.069,27368.87,27285.002,27355.529
2026.04.27,20:00,27355.219,27377.219,27251.686,27275.719
2026.04.28,00:00,27275.783,27304.849,27186.077,27203.164
2026.04.28,04:00,27202.947,27224.458,26946.37,26959.783
2026.04.28,08:00,26959.642,27115.827,26875.829,26919.755
2026.04.28,12:00,26918.961,27090.126,26895.422,27032.88
2026.04.28,16:00,27033.163,27114.799,27010.923,27113.499
2026.04.28,20:00,27113.799,27160.586,27058.608,27150.586
2026.04.29,00:00,27150.369,27184.216,27077.075,27105.179
2026.04.29,04:00,27108.488,27155.064,27065.619,27117.608
2026.04.29,08:00,27117.238,27182.12,26990.619,27107.229
2026.04.29,12:00,27106.815,27202.689,27019.4,27197.858
2026.04.29,16:00,27198.27,27422.819,26983.598,27418.41
2026.04.29,20:00,27418.726,27489.606,27254.171,27276.987
2026.04.30,00:00,27276.726,27278.189,27052.693,27219.193
2026.04.30,04:00,27218.834,27361.204,27192.084,27307.069
2026.04.30,08:00,27307.084,27412.498,27030.875,27254.118
2026.04.30,12:00,27254.069,27484.226,27215.326,27444.122
2026.04.30,16:00,27442.743,27517.899,27428.783,27465.761
2026.04.30,20:00,27470.066,27545.37,27463.936,27515.642
2026.05.01,00:00,27514.5,27515.719,27444.664,27451.599
2026.05.01,04:00,27454.577,27469.37,27408.458,27436.033
2026.05.01,08:00,27435.969,27790.447,27419.511,27764.779
2026.05.01,12:00,27764.272,27775.831,27670.867,27713.893
2026.05.01,16:00,27713.459,27713.459,27691.342,27696.449
2026.05.03,16:00,27767.049,27806.127,27695.594,27704.453
2026.05.03,20:00,27703.833,27824.833,27682.225,27811.638
2026.05.04,00:00,27811.486,27844.322,27752.855,27793.333
2026.05.04,04:00,27793.192,27803.192,27543.519,27708.079
2026.05.04,08:00,27711.899,27820.758,27577.619,27614.486
2026.05.04,12:00,27613.822,27699.799,27510.138,27661.369
2026.05.04,16:00,27661.21,27668.529,27615.816,27629.686
2026.05.04,20:00,27630.029,27731.327,27624.175,27724.033
2026.05.05,00:00,27723.686,27809.425,27701.958,27764.936
2026.05.05,04:00,27764.75,27841.425,27762.62,27826.392
2026.05.05,08:00,27825.055,28028.014,27812.294,28007.557
2026.05.05,12:00,28007.677,28065.448,27972.109,28013.759
2026.05.05,16:00,28013.73,28296.72,28007.022,28250.761
2026.05.05,20:00,28252.838,28253.566,28129.283,28193.37
2026.05.06,00:00,28193.294,28249.392,28180.816,28228.283
2026.05.06,04:00,28228.219,28514.392,28205.022,28419.447
2026.05.06,08:00,28420.029,28466.608,28218.066,28440.731
2026.05.06,12:00,28441.869,28605.416,28392.652,28591.491
2026.05.06,16:00,28591.241,28679.241,28535.569,28553.164
2026.05.06,20:00,28553.827,28599.381,28520.87,28575.219
2026.05.07,00:00,28575.261,28688.327,28568.772,28662.283
2026.05.07,04:00,28661.62,28698.279,28578.011,28615.783
2026.05.07,08:00,28610.958,28825.563,28592.25,28666.176
2026.05.07,12:00,28664.632,28665.299,28433.513,28564.615
2026.05.07,16:00,28564.507,28646.453,28452.231,28565.892
2026.05.07,20:00,28566.349,28669.149,28566.349,28659.783
2026.05.08,00:00,28660.958,28724.936,28645.088,28715.029
2026.05.08,04:00,28715.305,28801.529,28711.392,28785.279
2026.05.08,08:00,28784.827,29104.279,28750.327,29077.653
2026.05.08,12:00,29078.131,29226.011,29077.958,29223.903
2026.05.08,16:00,29225.149,29270.011,29220.631,29230.925
2026.05.10,16:00,29180.298,29238.012,29117.754,29195.415
2026.05.10,20:00,29195.762,29291.139,29142.665,29216.269
2026.05.11,00:00,29216.139,29246.139,29178.74,29214.49
2026.05.11,04:00,29214.426,29280.306,29155.751,29240.089
2026.05.11,08:00,29239.904,29364.169,29140.827,29354.528
2026.05.11,12:00,29354.876,29369.357,29259.148,29317.177
2026.05.11,16:00,29317.525,29348.683,29214.902,29321.216
2026.05.11,20:00,29312.042,29312.042,29120.281,29217.803
2026.05.12,00:00,29217.9,29230.858,29068.338,29131.75
2026.05.12,04:00,29132.099,29139.649,29025.164,29057.392
2026.05.12,08:00,29058.272,29186.529,28719.692,28731.262
2026.05.12,12:00,28731.067,29080.205,28632.204,29065.582
2026.05.12,16:00,29066.029,29082.447,28973.914,28978.131
2026.05.12,20:00,28978.089,29160.649,28952.631,29144.37
2026.05.13,00:00,29144.664,29266.806,29139.534,29266.175
2026.05.13,04:00,29266.469,29342.686,29244.295,29265.719
2026.05.13,08:00,29265.425,29296.149,28971.664,29203.944
2026.05.13,12:00,29203.726,29455.594,29193.893,29365.829
2026.05.13,16:00,29365.144,29541.033,29338.644,29525.149
2026.05.13,20:00,29525.349,29585.522,29414.503,29428.642
2026.05.14,00:00,29428.588,29533.414,29407.25,29466.881
2026.05.14,04:00,29468.044,29521.914,29374.447,29432.414
2026.05.14,08:00,29432.399,29669.697,29341.305,29651.139
2026.05.14,12:00,29650.932,29676.999,29491.432,29581.747
2026.05.14,16:00,29580.877,29632.419,29569.724,29586.746
2026.05.14,20:00,29586.648,29625.876,29393.713,29463.018
2026.05.15,00:00,29463.202,29463.202,29146.985,29305.441
2026.05.15,04:00,29305.839,29307.821,29077.952,29154.089
2026.05.15,08:00,29154.409,29281.891,28989.93,29183.909
2026.05.15,12:00,29184.196,29388.882,29109.868,29132.584
2026.05.15,16:00,29130.474,29132.225,29012.063,29055.611
2026.05.17,16:00,29029.021,29186.573,28915.334,29021.237
2026.05.17,20:00,29018.823,29047.498,28830.062,28959.215
2026.05.18,00:00,28960.117,29078.965,28894.726,29024.04
2026.05.18,04:00,29026.889,29177.164,28955.805,29079.914
2026.05.18,08:00,29080.022,29322.529,28842.476,28897.844
2026.05.18,12:00,28897.42,29012.682,28716.155,28997.778
2026.05.18,16:00,28998.484,29088.077,28969.114,29037.881
2026.05.18,20:00,29041.37,29091.62,28833.903,28893.208
2026.05.19,00:00,28893.664,29028.631,28788.772,29005.794
2026.05.19,04:00,29005.958,29020.75,28742.87,28757.772
2026.05.19,08:00,28757.316,28971.142,28567.296,28721.366
2026.05.19,12:00,28720.746,29031.869,28697.565,28826.229
2026.05.19,16:00,28826.461,28930.493,28772.982,28857.352
2026.05.19,20:00,28842.754,28923.015,28705.352,28802.609
2026.05.20,00:00,28803.298,28971.21,28777.482,28933.385
2026.05.20,04:00,28935.537,29062.993,28930.918,28987.885
2026.05.20,08:00,28987.102,29267.379,28914.613,29241.129
2026.05.20,12:00,29240.785,29304.429,29120.774,29302.689
2026.05.20,16:00,29303.839,29304.959,29022.742,29102.414
2026.05.20,20:00,29102.279,29290.686,29080.558,29271.327
2026.05.21,00:00,29271.12,29348.827,29116.088,29231.381
2026.05.21,04:00,29231.577,29371.805,29102.249,29162.899
2026.05.21,08:00,29162.522,29247.969,29039.48,29178.97
2026.05.21,12:00,29179.489,29463.394,29121.88,29354.084
2026.05.21,16:00,29354.639,29489.305,29343.634,29468.349
2026.05.21,20:00,29469.577,29520.424,29411.827,29495.175
2026.05.22,00:00,29495.425,29528.827,29451.022,29505.62
2026.05.22,04:00,29505.947,29587.529,29357.797,29431.392
2026.05.22,08:00,29431.088,29637.783,29413.316,29610.283
2026.05.22,12:00,29609.566,29667.321,29455.9,29474.304
2026.05.22,16:00,29474.434,29501.008,29464.934,29484.784
2026.05.24,16:00,29647.97,29805.338,29642.819,29766.5
2026.05.24,20:00,29769.664,29911.708,29749.72,29885.642
2026.05.25,00:00,29885.555,29918.029,29812.936,29895.458
2026.05.25,04:00,29897.403,29912.436,29850.772,29896.197
2026.05.25,08:00,29895.87,29917.149,29833.708,29846.37
2026.05.25,12:00,29846.719,29882.399,29836.892,29879.664
2026.05.25,16:00,29900.938,29900.938,29761.133,29805.394
2026.05.25,20:00,29806.264,29806.47,29697.125,29746.405
2026.05.26,00:00,29746.503,29771.927,29672.122,29700.416
2026.05.26,04:00,29701.253,29841.058,29685.003,29792.297
2026.05.26,08:00,29792.629,30042.995,29753.427,29850.609
2026.05.26,12:00,29850.913,30036.549,29846.043,30004.117
2026.05.26,16:00,30003.704,30033.077,29958.164,30028.599
2026.05.26,20:00,30028.62,30087.649,30000.381,30026.511
2026.05.27,00:00,30026.327,30072.761,29985.033,30069.436
2026.05.27,04:00,30069.947,30225.425,30060.697,30194.186
2026.05.27,08:00,30193.686,30306.827,29808.667,29861.022
2026.05.27,12:00,29860.663,29997.079,29822.336,29971.312
2026.05.27,16:00,29972.509,30066.099,29897.142,29909.881
2026.05.27,20:00,29911.447,30019.783,29726.969,29742.044
2026.05.28,00:00,29742.164,29895.099,29694.642,29886.719
2026.05.28,04:00,29886.447,29928.529,29801.664,29854.827
2026.05.28,08:00,29855.149,30217.328,29850.011,30187.692
2026.05.28,12:00,30187.572,30264.434,30162.174,30223.371
2026.05.28,16:00,30223.86,30287.829,30209.058,30227.991
2026.05.28,20:00,30227.882,30227.882,30143.079,30187.23
2026.05.29,00:00,30187.557,30277.024,30186.513,30226.709
2026.05.29,04:00,30223.513,30298.307,30214.209,30275.774
2026.05.29,08:00,30276.509,30466.429,30206.002,30299.429
2026.05.29,12:00,30299.755,30384.938,30229.018,30328.841
2026.05.29,16:00,30331.229,30343.999,30322.987,30329.31
2026.05.31,16:00,30344.549,30423.516,30299.725,30416.158
2026.05.31,20:00,30418.658,30532.788,30409.842,30484.7
2026.06.01,00:00,30484.244,30530.45,30425.233,30449.961
2026.06.01,04:00,30449.849,30454.494,30382.711,30401.538
2026.06.01,08:00,30400.886,30497.029,30230.538,30444.708
2026.06.01,12:00,30444.566,30634.664,30393.783,30514.37
2026.06.01,16:00,30514.164,30516.131,30378.283,30415.881
2026.06.01,20:00,30415.783,30415.783,30264.414,30310.044
2026.06.02,00:00,30310.208,30493.649,30305.349,30476.338
2026.06.02,04:00,30476.62,30532.599,30450.338,30477.381
2026.06.02,08:00,30479.022,30646.729,30370.892,30638.823
2026.06.02,12:00,30638.681,30668.449,30546.955,30655.593
2026.06.02,16:00,30655.969,30711.504,30521.719,30660.414
2026.06.02,20:00,30660.588,30678.131,30606.294,30659.566
2026.06.03,00:00,30659.75,30692.529,30625.511,30675.327
2026.06.03,04:00,30675.458,30746.649,30655.066,30733.305
2026.06.03,08:00,30733.458,30759.925,30449.308,30553.215
2026.06.03,12:00,30552.171,30638.955,30453.682,30580.303
2026.06.03,16:00,30577.084,30581.543,30314.197,30336.969
2026.06.03,20:00,30336.838,30473.305,30296.529,30423.0
2026.06.04,00:00,30423.522,30486.969,30393.381,30442.599
2026.06.04,04:00,30441.783,30443.555,30107.631,30223.029
2026.06.04,08:00,30222.653,30409.679,30091.883,30353.911
2026.06.04,12:00,30354.346,30540.379,30335.612,30418.866
2026.06.04,16:00,30419.008,30428.736,30198.339,30206.925
2026.06.04,20:00,30207.381,30207.381,29996.067,30106.078
2026.06.05,00:00,30106.686,30186.149,30005.403,30094.012
2026.06.05,04:00,30096.392,30179.512,30063.512,30090.925
2026.06.05,08:00,30089.958,30100.175,29563.691,29607.69
2026.06.05,12:00,29608.593,29609.364,28926.927,28967.994
2026.06.05,16:00,28968.505,28994.484,28771.391,28785.568
2026.06.07,16:00,28815.249,29060.425,28780.014,29044.149
2026.06.07,20:00,29043.131,29245.033,28980.22,29169.099
2026.06.08,00:00,29169.399,29237.936,28930.316,29213.794
2026.06.08,04:00,29213.892,29395.044,29102.327,29332.425
2026.06.08,08:00,29332.029,29697.619,29289.088,29603.537
2026.06.08,12:00,29588.2,29647.067,29333.292,29408.685
2026.06.08,16:00,29408.826,29442.153,29282.664,29385.249
2026.06.08,20:00,29384.503,29553.327,29265.522,29542.279
2026.06.09,00:00,29542.261,29648.827,29529.772,29565.566
2026.06.09,04:00,29549.261,29686.649,29527.805,29640.664
2026.06.09,08:00,29640.533,29807.131,28641.426,28656.458
2026.06.09,12:00,28656.709,29105.677,28239.466,29073.002
2026.06.09,16:00,29072.882,29152.279,28943.351,29027.197
2026.06.09,20:00,29027.899,29131.219,28923.425,28954.881
2026.06.10,00:00,28955.019,28974.501,28817.689,28923.62
2026.06.10,04:00,28923.761,28924.838,28570.797,28638.327
2026.06.10,08:00,28644.555,29213.224,28623.286,28816.761
2026.06.10,12:00,28817.033,28857.843,28456.377,28490.55
2026.06.10,16:00,28489.781,28496.629,28233.636,28330.147
2026.06.10,20:00,28330.938,28730.629,28302.364,28706.775
2026.06.11,00:00,28708.22,28835.992,28653.331,28811.664
2026.06.11,04:00,28811.544,28901.529,28779.783,28867.881
2026.06.11,08:00,28870.529,29015.222,28544.986,28823.164
2026.06.11,12:00,28825.387,29506.543,28646.01,29431.643
2026.06.11,16:00,29429.51,29563.342,29382.632,29548.954
2026.06.11,20:00,29546.975,29616.332,29439.253,29501.243
2026.06.12,00:00,29501.289,29525.954,29232.742,29400.321
2026.06.12,04:00,29401.619,29640.576,29388.519,29609.243
2026.06.12,08:00,29607.92,29736.51,29206.308,29415.865
2026.06.12,12:00,29417.243,29722.199,29388.253,29625.142
2026.06.12,16:00,29622.343,29692.676,29622.343,29688.176
2026.06.14,16:00,29905.253,30065.409,29905.253,30025.72
2026.06.14,20:00,30026.054,30190.964,30015.82,30159.965
2026.06.15,00:00,30160.919,30241.886,30144.398,30217.489
2026.06.15,04:00,30217.021,30296.82,30179.31,30267.265
2026.06.15,08:00,30267.409,30561.85,30208.732,30555.244
2026.06.15,12:00,30555.113,30587.498,30489.731,30540.453
2026.06.15,16:00,30541.309,30567.289,30432.297,30512.82
2026.06.15,20:00,30505.031,30534.665,30434.2,30509.853
2026.06.16,00:00,30510.349,30525.114,30473.103,30514.865
2026.06.16,04:00,30518.34,30652.599,30505.364,30618.831
2026.06.16,08:00,30617.85,30630.516,30081.306,30141.167
2026.06.16,12:00,30141.298,30244.944,29967.762,29970.453
2026.06.16,16:00,29970.856,30054.921,29957.494,29995.153
2026.06.16,20:00,30002.753,30134.649,30002.753,30131.533
2026.06.17,00:00,30130.936,30244.5,30112.75,30225.142
2026.06.17,04:00,30224.947,30249.649,30053.425,30080.838
2026.06.17,08:00,30083.87,30212.399,29988.903,30119.652
2026.06.17,12:00,30120.208,30197.119,29600.443,29673.41
2026.06.17,16:00,29672.443,29990.089,29667.164,29989.809
2026.06.17,20:00,29991.699,30116.654,29984.919,30078.589
2026.06.18,00:00,30078.687,30122.92,29962.643,30121.819
2026.06.18,04:00,30122.832,30177.489,30037.732,30101.42
2026.06.18,08:00,30101.854,30357.499,30073.699,30323.539
2026.06.18,12:00,30323.299,30463.229,30310.031,30383.452
2026.06.18,16:00,30384.476,30453.431,30331.566,30380.208
2026.06.18,20:00,30379.876,30382.409,30193.932,30207.12
2026.06.19,00:00,30206.508,30320.875,30078.443,30317.821
2026.06.19,04:00,30318.676,30353.965,30225.764,30279.499
2026.06.19,08:00,30279.41,30393.898,30216.397,30373.343
2026.06.19,12:00,30373.431,30390.832,30332.275,30336.892
2026.06.21,16:00,30277.165,30298.992,30020.903,30043.019
2026.06.21,20:00,30043.889,30346.687,30037.875,30245.121
2026.06.22,00:00,30245.576,30469.099,30207.881,30448.408
2026.06.22,04:00,30448.187,30517.354,30377.509,30439.838
2026.06.22,08:00,30440.544,30646.932,30222.454,30237.908
2026.06.22,12:00,30236.931,30358.921,30184.886,30351.921
2026.06.22,16:00,30340.789,30389.338,30231.316,30266.175
2026.06.22,20:00,30265.997,30325.033,29992.131,30090.033
2026.06.23,00:00,30090.447,30105.197,29580.403,29598.399
2026.06.23,04:00,29597.731,29623.511,29442.947,29563.149
2026.06.23,08:00,29563.399,29746.764,29307.779,29496.222
2026.06.23,12:00,29496.385,29613.182,29273.903,29344.997
2026.06.23,16:00,29343.61,29495.419,29279.169,29438.651
2026.06.23,20:00,29438.434,29583.976,29308.062,29438.069
2026.06.24,00:00,29440.019,29576.019,29346.681,29462.449
2026.06.24,04:00,29462.345,29558.681,29427.14,29553.106
2026.06.24,08:00,29553.356,29597.993,29220.925,29450.872
2026.06.24,12:00,29451.993,29497.689,28960.646,29213.376
2026.06.24,16:00,29214.389,29868.419,29187.339,29796.575
2026.06.24,20:00,29796.942,29801.689,29625.597,29734.321
2026.06.25,00:00,29734.619,29886.521,29699.098,29877.899
2026.06.25,04:00,29877.219,29918.789,29796.675,29827.392
2026.06.25,08:00,29832.321,29958.908,28990.536,29357.666
2026.06.25,12:00,29354.91,29585.257,29285.497,29440.808
2026.06.25,16:00,29442.464,29611.419,29308.498,29409.487
2026.06.25,20:00,29409.81,29474.104,28865.171,29068.626
2026.06.26,00:00,29068.69,29265.089,28954.52,29229.582
2026.06.26,04:00,29229.69,29259.847,29007.767,29053.332
2026.06.26,08:00,29052.175,29415.049,28886.664,29320.647
2026.06.26,12:00,29320.168,29401.375,29075.705,29085.854
2026.06.26,16:00,29006.743,29102.589,28973.787,29056.133
2026.06.28,16:00,29004.525,29392.686,28993.797,29329.142
2026.06.28,20:00,29324.308,29327.521,29071.308,29303.029
2026.06.29,00:00,29302.544,29403.511,29199.309,29371.775
2026.06.29,04:00,29371.22,29466.011,29327.989,29414.447
2026.06.29,08:00,29414.088,29564.998,28982.198,29557.574
2026.06.29,12:00,29557.596,29783.057,29552.976,29764.864
2026.06.29,16:00,29765.624,29778.261,29689.064,29755.52
2026.06.29,20:00,29755.176,29845.442,29652.132,29811.587
2026.06.30,00:00,29811.842,29940.305,29785.187,29797.121
2026.06.30,04:00,29797.397,29893.399,29737.921,29853.509
2026.06.30,08:00,29853.51,30206.375,29712.843,30185.639
2026.06.30,12:00,30185.154,30325.248,30177.661,30247.969
2026.06.30,16:00,30246.553,30267.709,30222.875,30257.808
2026.06.30,20:00,30258.289,30277.142,30092.132,30190.753
2026.07.01,00:00,30192.264,30199.386,30024.119,30107.733
2026.07.01,04:00,30108.158,30160.186,30042.632,30087.499
2026.07.01,08:00,30088.389,30119.286,29823.647,29984.522
2026.07.01,12:00,29984.762,30011.449,29786.573,29819.898
2026.07.01,16:00,29825.043,29857.349,29742.981,29788.286
2026.07.01,20:00,29788.547,29975.783,29692.953,29909.153
2026.07.02,00:00,29909.386,29925.189,29563.409,29637.099
2026.07.02,04:00,29636.055,29815.327,29566.42,29779.131
2026.07.02,08:00,29779.958,30056.599,29363.654,29424.099
2026.07.02,12:00,29423.403,29435.425,29087.72,29308.798
2026.07.02,16:00,29307.664,29388.499,29269.376,29366.619
2026.07.02,20:00,29365.898,29540.854,29289.608,29534.11
2026.07.03,00:00,29534.053,29653.889,29529.231,29611.097
2026.07.03,04:00,29610.675,29674.489,29594.153,29668.299
2026.07.03,08:00,29667.289,29722.665,29642.31,29673.62
2026.07.03,12:00,29673.764,29691.919,29658.643,29671.219
2026.07.05,16:00,29697.447,29776.721,29616.881,29752.087
2026.07.05,20:00,29752.331,29771.198,29450.276,29497.643
2026.07.06,00:00,29497.176,29642.02,29470.186,29618.989
2026.07.06,04:00,29618.899,29681.176,29535.988,29645.243
2026.07.06,08:00,29646.165,29837.477,29541.197,29827.142
2026.07.06,12:00,29827.208,29846.366,29638.631,29711.319
2026.07.06,16:00,29711.365,29735.849,29602.454,29615.044
2026.07.06,20:00,29614.154,29676.25,29391.975,29430.642
2026.07.07,00:00,29431.664,29506.403,29320.827,29408.653
2026.07.07,04:00,29409.298,29471.577,29354.305,29404.197
2026.07.07,08:00,29402.986,29478.511,28974.162,29150.622
2026.07.07,12:00,29150.513,29344.779,29036.853,29159.443
2026.07.07,16:00,29159.309,29202.709,29061.554,29069.747
2026.07.07,20:00,29069.915,29326.608,29034.909,29236.325
2026.07.08,00:00,29236.527,29242.737,29049.531,29150.042
2026.07.08,04:00,29150.6,29183.564,28677.065,28858.325
2026.07.08,08:00,28858.172,29174.153,28807.316,28871.95
2026.07.08,12:00,28872.288,29279.669,28870.385,29234.589
2026.07.08,16:00,29235.899,29286.825,29179.542,29276.049
2026.07.08,20:00,29274.175,29365.705,29180.825,29285.187
2026.07.09,00:00,29285.232,29490.299,29246.65,29463.187
2026.07.09,04:00,29463.298,29514.12,29347.098,29479.988
2026.07.09,08:00,29480.172,29713.031,29398.212,29665.765
2026.07.09,12:00,29666.019,29772.716,29646.2,29727.142
2026.07.09,16:00,29727.545,29754.55,29692.254,29722.017
2026.07.09,20:00,29722.399,29751.95,29593.675,29722.105
2026.07.10,00:00,29723.079,29737.964,29550.686,29563.329
2026.07.10,04:00,29562.615,29676.117,29507.898,29601.342
2026.07.10,08:00,29601.621,29781.097,29465.058,29731.919
2026.07.10,12:00,29732.665,29859.115,29731.367,29824.093
2026.07.10,16:00,29823.082,29846.453,29816.474,29832.69
2026.07.12,16:00,29726.297,29767.022,29635.305,29680.881
2026.07.12,20:00,29680.208,29829.088,29470.805,29476.25
2026.07.13,00:00,29476.566,29481.261,29334.831,29440.675
2026.07.13,04:00,29440.936,29587.381,29436.197,29528.697
2026.07.13,08:00,29528.794,29546.942,29288.025,29403.131
2026.07.13,12:00,29403.381,29431.189,29188.621,29260.743
2026.07.13,16:00,29259.709,29274.381,29122.544,29215.599
2026.07.13,20:00,29215.447,29335.653,29098.5,29219.0
2026.07.14,00:00,29219.779,29444.399,29167.12,29368.649
2026.07.14,04:00,29368.544,29465.25,29342.816,29428.25
2026.07.14,08:00,29428.164,29715.119,29365.305,29582.108
2026.07.14,12:00,29584.409,29672.808,29501.276,29585.753
2026.07.14,16:00,29584.264,29699.787,29546.497,29688.242
2026.07.14,20:00,29693.064,29818.898,29638.097,29812.364
2026.07.15,00:00,29812.876,29862.032,29728.92,29796.386
2026.07.15,04:00,29796.119,29797.619,29671.71,29712.476
2026.07.15,08:00,29711.51,29799.331,29335.42,29380.519
2026.07.15,12:00,29380.287,29541.542,29196.42,29493.789
2026.07.15,16:00,29495.597,29552.999,29464.297,29495.342
2026.07.15,20:00,29494.608,29567.289,29398.92,29548.108
2026.07.16,00:00,29548.076,29600.599,29352.965,29367.253
2026.07.16,04:00,29367.008,29449.265,29168.987,29251.387
2026.07.16,08:00,29251.289,29334.932,29065.853,29197.554
2026.07.16,12:00,29198.332,29201.332,28883.72,29018.243
2026.07.16,16:00,29019.431,29034.564,28872.421,28908.143
2026.07.16,20:00,28908.189,28935.465,28714.519,28723.154
2026.07.17,00:00,28722.809,28724.389,28495.808,28498.742
2026.07.17,04:00,28498.02,28636.51,28362.389,28551.997
2026.07.17,08:00,28552.065,28770.998,28231.789,28757.099
2026.07.17,12:00,28756.053,28872.976,28539.842,28584.419
2026.07.17,16:00,28582.587,28585.521,28533.321,28558.553
2026.07.19,16:00,28611.008,28698.997,28533.408,28692.021
2026.07.19,20:00,28694.498,28786.254,28586.321,28720.531
2026.07.20,00:00,28720.331,28765.042,28589.22,28732.519
2026.07.20,04:00,28732.989,28931.365,28677.531,28896.031
2026.07.20,08:00,28895.919,29015.054,28698.375,28874.353
2026.07.20,12:00,28874.276,28941.808,28595.076,28608.076
2026.07.20,16:00,28610.919,28659.089,28530.454,28609.22
2026.07.20,20:00,28608.565,28907.086,28536.419,28901.575
2026.07.21,00:00,28901.564,28989.609,28846.421,28947.598
2026.07.21,04:00,28946.942,29032.732,28934.265,28982.442
2026.07.21,08:00,28982.953,29144.589,28894.064,29084.586
2026.07.21,12:00,29084.421,29187.831,29079.343,29137.097
2026.07.21,16:00,29137.465,29143.832,29083.064,29127.986
2026.07.21,20:00,29127.786,29166.431,29020.476,29029.432
2026.07.22,00:00,29029.419,29068.589,28856.365,28886.586
2026.07.22,04:00,28889.997,29003.119,28848.087,28884.497
2026.07.22,08:00,28884.586,29173.887,28796.319,29161.798
2026.07.22,12:00,29161.508,29166.689,28991.597,28997.275
2026.07.22,16:00,28992.008,29080.72,28860.908,28975.943
2026.07.22,20:00,28979.397,29114.531,28863.619,28944.764
2026.07.23,00:00,28944.542,29016.009,28755.054,28820.376
2026.07.23,04:00,28820.91,28970.032,28746.72,28797.786
2026.07.23,08:00,28797.71,28799.875,28273.064,28428.397
2026.07.23,12:00,28431.798,28578.589,28324.42,28450.189
2026.07.23,16:00,28451.089,28584.299,28447.721,28524.298
2026.07.23,20:00,28524.264,28569.219,28326.043,28330.489
2026.07.24,00:00,28330.675,28507.764,28311.698,28460.399
2026.07.24,04:00,28459.665,28550.298,28402.053,28524.709
2026.07.24,08:00,28524.786,28539.865,28099.354,28420.054
2026.07.24,12:00,28420.786,28474.053,28056.642,28135.31
2026.07.24,16:00,28133.064,28147.264,28104.609,28135.843
2026.07.26,16:00,28435.989,28577.742,28426.499,28575.275
2026.07.26,20:00,28575.087,28578.764,28374.775,28460.309
2026.07.27,00:00,28462.053,28578.364,28444.687,28508.354
2026.07.27,04:00,28509.153,28609.589,28493.131,28519.653
2026.07.27,08:00,28519.598,28546.353,27786.187,27909.264
2026.07.27,12:00,27909.576,28102.097,27834.31,28039.289
2026.07.27,16:00,28039.808,28076.654,27955.143,28012.308
2026.07.27,20:00,28012.899,28043.653,27782.775,27896.886
2026.07.28,00:00,27897.031,27897.031,27687.832,27781.532
2026.07.28,04:00,27782.031,27899.887,27697.887,27811.376
2026.07.28,08:00,27810.387,27914.289,27458.298,27897.743
2026.07.28,12:00,27897.964,27929.897,27761.821,27763.887
2026.07.28,16:00,27767.275,27956.519,27588.697,27954.62
2026.07.28,20:00,27951.132,28028.599,27554.82,27569.453
2026.07.29,00:00,27570.298,27814.099,27493.71,27759.409
2026.07.29,04:00,27759.32,27912.442,27672.454,27855.754
2026.07.29,08:00,27854.908,27858.998,27322.61,27375.286
2026.07.29,12:00,27377.209,27954.443,27174.442,27200.164
2026.07.29,16:00,27204.409,27416.898,27063.332,27380.119
2026.07.29,20:00,27379.675,27554.476,27329.631,27388.898
2026.07.30,00:00,27389.021,27404.475,27210.509,27252.497
2026.07.30,04:00,27253.887,27603.089,27196.509,27582.654
2026.07.30,08:00,27582.564,28107.419,27554.442,27944.199
2026.07.30,12:00,27943.487,28162.065,27920.053,28107.22
2026.07.30,16:00,28107.819,28318.189,28072.876,28296.097
2026.07.30,20:00,28295.086,28444.599,28262.453,28331.019
2026.07.31,00:00,28330.919,28483.619,28295.676,28446.332
2026.07.31,04:00,28446.289,28512.987,28392.62,28426.187
2026.07.31,08:00,28426.464,28598.008,27952.075,28146.543
2026.07.31,12:00,28147.742,28399.689,28118.275,28272.187
2026.07.31,16:00,28271.708,28308.508,28216.697,28272.632
2026.08.02,16:00,28468.976,28519.097,28423.364,28491.121
2026.08.02,20:00,28486.698,28575.965,28415.821,28548.321
2026.08.03,00:00,28547.943,28566.531,28436.32,28465.831
2026.08.03,04:00,28465.419,28478.431,28282.01,28299.175
2026.08.03,08:00,28298.087,28685.164,28203.209,28664.81
2026.08.03,12:00,28664.81,28838.789,28663.232,28774.343
2026.08.03,16:00,28774.108,28848.799,28753.299,28848.032
2026.08.03,20:00,28846.854,28924.608,28708.799,28872.31
2026.08.04,00:00,28872.699,28994.621,28845.51,28948.408
2026.08.04,04:00,28948.509,29122.486,28884.632,29114.432
2026.08.04,08:00,29114.186,29570.965,29065.465,29547.487
2026.08.04,12:00,29547.031,29828.043,29537.51,29736.132
2026.08.04,16:00,29736.076,29820.889,29652.487,29709.931
2026.08.04,20:00,29709.842,29768.299,29673.019,29764.065
2026.08.05,00:00,29764.031,29864.553,29734.419,29777.953
2026.08.05,04:00,29777.864,29817.597,29673.386,29794.108
2026.08.05,08:00,29794.165,29947.189,29589.176,29613.186
2026.08.05,12:00,29613.386,29714.197,29469.486,29483.198
2026.08.05,16:00,29481.91,29555.375,29407.008,29460.143
2026.08.05,20:00,29460.975,29497.789,29331.81,29458.187
2026.08.06,00:00,29458.52,29477.408,29362.376,29383.621
2026.08.06,04:00,29385.509,29411.075,29242.531,29343.886
2026.08.06,08:00,29343.854,29569.299,29119.086,29399.064
2026.08.06,12:00,29398.532,29458.719,29332.254,29378.053
2026.08.06,16:00,29376.989,29490.631,29376.989,29482.853
2026.08.06,20:00,29482.498,29506.908,29364.865,29376.01
2026.08.07,00:00,29376.154,29480.689,29344.32,29471.81
2026.08.07,04:00,29472.153,29557.51,29472.031,29502.699
2026.08.07,08:00,29502.321,29754.675,29454.531,29700.899
2026.08.07,12:00,29700.743,29747.032,29556.486,29715.298
2026.08.07,16:00,29715.91,29736.743,29691.953,29706.565
2026.08.09,16:00,29761.342,29781.343,29693.243,29716.742
2026.08.09,20:00,29717.289,29791.842,29676.52,29765.276
2026.08.10,00:00,29765.786,29870.699,29752.099,29840.189
2026.08.10,04:00,29840.087,29870.586,29733.253,29758.599
2026.08.10,08:00,29758.421,29787.842,29606.842,29732.309
2026.08.10,12:00,29732.008,29746.199,29609.575,29629.853
2026.08.10,16:00,29629.619,29677.008,29567.289,29592.664
2026.08.10,20:00,29591.076,29736.519,29556.465,29721.021
2026.08.11,00:00,29722.189,29750.564,29617.609,29663.332
2026.08.11,04:00,29663.789,29775.643,29607.431,29721.365
2026.08.11,08:00,29721.197,29760.189,29527.089,29555.099
2026.08.11,12:00,29554.909,29573.042,29427.021,29527.431
2026.08.11,16:00,29533.453,29558.999,29506.987,29556.153
2026.08.11,20:00,29555.999,29604.176,29520.465,29589.198
2026.08.12,00:00,29588.999,29648.864,29562.942,29645.509
2026.08.12,04:00,29645.797,29742.776,29642.41,29739.91
2026.08.12,08:00,29739.92,29895.389,29694.31,29726.265
2026.08.12,12:00,29727.599,29822.686,29720.743,29749.431
2026.08.12,16:00,29749.153,29799.875,29677.62,29701.389
2026.08.12,20:00,29701.42,29776.699,29693.208,29775.165
2026.08.13,00:00,29774.709,29820.119,29741.831,29755.687
2026.08.13,04:00,29756.043,29791.399,29718.02,29765.187
2026.08.13,08:00,29765.709,30161.143,29709.686,30009.689
2026.08.13,12:00,30009.331,30166.92,30008.675,30088.676
2026.08.13,16:00,30089.097,30127.586,30041.686,30105.198
2026.08.13,20:00,30105.364,30134.099,30026.653,30054.876
2026.08.14,00:00,30054.598,30105.289,30030.02,30096.332
2026.08.14,04:00,30096.565,30169.708,30089.431,30166.421
2026.08.14,08:00,30167.164,30183.943,29935.121,29971.632
2026.08.14,12:00,29972.409,30050.121,29953.653,30047.042
2026.08.14,16:00,30047.875,30055.608,30033.832,30035.521
2026.08.16,16:00,30088.589,30132.399,30069.897,30119.875
2026.08.16,20:00,30114.809,30151.399,30090.61,30151.121
2026.08.17,00:00,30151.089,30236.265,30135.609,30217.586
2026.08.17,04:00,30217.232,30244.489,30172.364,30191.131
2026.08.17,08:00,30191.319,30193.419,30063.321,30145.119
2026.08.17,12:00,30144.843,30148.821,29972.243,29996.586
2026.08.17,16:00,29997.542,30007.689,29970.031,30001.997
2026.08.17,20:00,30000.487,30028.108,29760.931,29800.989
2026.08.18,00:00,29800.498,29834.699,29693.321,29717.832
2026.08.18,04:00,29719.587,29721.52,29594.92,29655.31
2026.08.18,08:00,29655.231,29692.932,29426.243,29548.275
2026.08.18,12:00,29549.599,29582.489,29459.189,29493.865
2026.08.18,16:00,29493.354,29506.787,29427.608,29440.232
2026.08.18,20:00,29440.809,29521.899,29362.51,29437.943
2026.08.19,00:00,29437.932,29518.697,29343.219,29512.797
2026.08.19,04:00,29513.031,29552.721,29419.732,29447.731
2026.08.19,08:00,29447.021,29669.119,29288.764,29518.975
2026.08.19,12:00,29518.054,29579.199,29397.619,29427.565
2026.08.19,16:00,29427.931,29595.286,29425.02,29537.264
2026.08.19,20:00,29534.753,29591.197,29489.631,29525.253
2026.08.20,00:00,29524.898,29593.354,29495.599,29501.743
2026.08.20,04:00,29501.32,29512.12,29256.331,29268.254
2026.08.20,08:00,29268.108,29380.365,29149.22,29242.819
2026.08.20,12:00,29242.897,29301.689,29115.42,29209.031
2026.08.20,16:00,29208.92,29258.808,29189.81,29211.019
2026.08.20,20:00,29210.797,29316.253,29208.72,29269.776
2026.08.21,00:00,29271.11,29373.61,29238.631,29363.799
2026.08.21,04:00,29364.189,29456.108,29308.154,29416.753
2026.08.21,08:00,29416.786,29449.509,29140.054,29365.564
2026.08.21,12:00,29364.297,29372.286,29275.409,29317.321
2026.08.21,16:00,29318.498,29318.498,29293.087,29301.487
